$date
	Tue Sep  1 13:33:56 2026
$end
$version
	Icarus Verilog
$end
$timescale
	1ps
$end
$scope module tb_uart $end
$var wire 1 ! uart_tx_o $end
$var wire 1 " uart_rx_i $end
$var wire 1 # tx_ready_o $end
$var wire 1 $ rx_valid_o $end
$var wire 8 % rx_data_o [7:0] $end
$var parameter 32 & BAUD_RATE $end
$var parameter 32 ' BAUD_TICKS_PER_BIT $end
$var parameter 97 ( CLK_CYCLES_PER_BIT $end
$var parameter 32 ) CLK_FREQ $end
$var parameter 32 * CLK_PERIOD $end
$var parameter 65 + DIVISOR $end
$var reg 16 , baud_counter [15:0] $end
$var reg 1 - baud_tick $end
$var reg 1 . clk_i $end
$var reg 1 / loopback_en $end
$var reg 1 0 rst_i $end
$var reg 8 1 tx_data_i [7:0] $end
$var reg 1 2 tx_send_i $end
$var reg 1 3 uart_rx_drive $end
$var integer 32 4 errors [31:0] $end
$var integer 32 5 log_file [31:0] $end
$var integer 32 6 test_id [31:0] $end
$scope module dut_uart $end
$var wire 1 . clk_i $end
$var wire 1 0 rst_i $end
$var wire 8 7 tx_data_i [7:0] $end
$var wire 1 2 tx_send_i $end
$var wire 1 " uart_rx_i $end
$var wire 1 ! uart_tx_o $end
$var wire 1 # tx_ready_o $end
$var wire 1 $ rx_valid_o $end
$var wire 8 8 rx_data_o [7:0] $end
$var wire 1 9 baud_tick $end
$var parameter 32 : BAUD_RATE $end
$var parameter 32 ; CLK_FREQ $end
$var parameter 1 < ENABLE_RX $end
$var parameter 1 = ENABLE_TX $end
$scope begin gen_rx $end
$scope module rx_instance $end
$var wire 1 9 baud_tick $end
$var wire 1 . clk_i $end
$var wire 1 > enable_rx $end
$var wire 1 0 rst_i $end
$var wire 1 $ rx_valid $end
$var wire 1 " uart_rx_i $end
$var parameter 2 ? DATA $end
$var parameter 2 @ IDLE $end
$var parameter 2 A START $end
$var parameter 2 B STOP $end
$var reg 2 C atual [1:0] $end
$var reg 4 D bit_count [3:0] $end
$var reg 8 E data_o [7:0] $end
$var reg 2 F proximo [1:0] $end
$var reg 1 G rs232_t $end
$var reg 1 H rs232_t1 $end
$var reg 1 I rs232_t2 $end
$var reg 4 J tick_count [3:0] $end
$upscope $end
$upscope $end
$scope begin gen_tx $end
$scope module tx_instance $end
$var wire 1 9 baud_tick $end
$var wire 1 . clk_i $end
$var wire 8 K data_i [7:0] $end
$var wire 1 2 enable_tx $end
$var wire 1 0 rst_i $end
$var wire 1 # tx_valid $end
$var parameter 2 L DATA $end
$var parameter 2 M IDLE $end
$var parameter 2 N START $end
$var parameter 2 O STOP $end
$var reg 2 P atual [1:0] $end
$var reg 4 Q bit_count [3:0] $end
$var reg 2 R proximo [1:0] $end
$var reg 4 S tick_count [3:0] $end
$var reg 8 T tx_data [7:0] $end
$var reg 1 ! uart_tx_o $end
$upscope $end
$upscope $end
$scope module baud_gen $end
$var wire 1 . clk_i $end
$var wire 1 0 rst_i $end
$var wire 1 9 baud_tick $end
$var parameter 32 U BAUD_RATE $end
$var parameter 32 V CLK_FREQ $end
$var parameter 65 W DIVISOR $end
$var reg 25 X contador_baud [24:0] $end
$upscope $end
$upscope $end
$scope begin $unm_blk_26 $end
$var reg 1 Y expected_bit $end
$var reg 8 Z expected_byte [7:0] $end
$var integer 32 [ i [31:0] $end
$upscope $end
$scope begin $unm_blk_34 $end
$var reg 1 \ check_ok $end
$upscope $end
$scope begin $unm_blk_36 $end
$var reg 1 ] check_ok $end
$upscope $end
$scope task apply_reset $end
$var integer 32 ^ duration [31:0] $end
$upscope $end
$scope task check_value $end
$var reg 32 _ actual [31:0] $end
$var reg 32 ` expected [31:0] $end
$upscope $end
$scope task log_message $end
$upscope $end
$scope task receive_rx_byte $end
$var reg 8 a data [7:0] $end
$var integer 32 b i [31:0] $end
$upscope $end
$scope task send_tx_byte $end
$var reg 8 c data [7:0] $end
$upscope $end
$scope task wait_rx_valid $end
$var reg 1 d success $end
$var integer 32 e count [31:0] $end
$var integer 32 f timeout_cycles [31:0] $end
$upscope $end
$upscope $end
$enddefinitions $end
$comment Show the parameter values. $end
$dumpall
b1111 W
b1100110111111110011000000 V
b11100001000000000 U
b11 O
b1 N
b0 M
b10 L
b11 B
b1 A
b0 @
b10 ?
1=
1<
b1100110111111110011000000 ;
b11100001000000000 :
b1111 +
b100101 *
b1100110111111110011000000 )
b11110000 (
b10000 '
b11100001000000000 &
$end
#0
$dumpvars
bx f
bx e
xd
bx c
bx b
bx a
bx `
bx _
bx ^
x]
x\
bx [
bx Z
xY
b0 X
b0 T
b0 S
b0 R
b0 Q
b0 P
b0 K
b0 J
1I
1H
1G
b0 F
b0 E
b0 D
b0 C
1>
09
b0 8
b0 7
b0 6
b10000000000000000000000000000011 5
b0 4
13
02
b0 1
00
0/
0.
0-
b0 ,
b0 %
0$
1#
1"
1!
$end
#18000
1.
#36000
0.
#54000
1.
#72000
0.
#90000
1.
#108000
0.
#126000
1.
#144000
0.
#162000
1.
#180000
0.
#198000
1.
#200000
b101 ^
b1 6
00
#216000
0.
#234000
1.
#252000
0.
#270000
1.
#288000
0.
#306000
1.
#324000
0.
#342000
1.
#360000
0.
#378000
b11 ^
b10 6
b0 _
b0 `
00
1.
#396000
0.
#414000
1.
#432000
0.
#450000
1.
#468000
0.
#486000
b1 ,
b1 X
b10100101 c
10
1.
#504000
0.
#522000
b10100101 T
b10 X
b10 ,
b1 R
12
b10100101 1
b10100101 7
b10100101 K
1.
#540000
0.
#558000
b11 ,
b11 X
0#
b1 P
b1 R
02
1.
#576000
0.
#594000
0!
b100 X
b100 ,
1.
#612000
0.
#630000
b101 ,
b101 X
1.
#648000
0.
#666000
b110 X
b110 ,
1.
#684000
0.
#702000
b111 ,
b111 X
1.
#720000
0.
#738000
b1000 X
b1000 ,
1.
#756000
0.
#774000
b1001 ,
b1001 X
1.
#792000
0.
#810000
b1010 X
b1010 ,
1.
#828000
0.
#846000
b1011 ,
b1011 X
1.
#864000
0.
#882000
b1100 X
b1100 ,
1.
#900000
0.
#918000
b1101 ,
b1101 X
1.
#936000
0.
#954000
19
b1110 X
b1110 ,
1.
#972000
0.
#990000
09
1-
b0 ,
b0 X
b1 S
1.
#1008000
0.
#1026000
b1 X
0-
b1 ,
1.
#1044000
0.
#1062000
b10 ,
b10 X
1.
#1080000
0.
#1098000
b11 X
b11 ,
1.
#1116000
0.
#1134000
b100 ,
b100 X
1.
#1152000
0.
#1170000
b101 X
b101 ,
1.
#1188000
0.
#1206000
b110 ,
b110 X
1.
#1224000
0.
#1242000
b111 X
b111 ,
1.
#1260000
0.
#1278000
b1000 ,
b1000 X
1.
#1296000
0.
#1314000
b1001 X
b1001 ,
1.
#1332000
0.
#1350000
b1010 ,
b1010 X
1.
#1368000
0.
#1386000
b1011 X
b1011 ,
1.
#1404000
0.
#1422000
b1100 ,
b1100 X
1.
#1440000
0.
#1458000
b1101 X
b1101 ,
1.
#1476000
0.
#1494000
19
b1110 ,
b1110 X
1.
#1512000
0.
#1530000
09
b10 S
b0 X
1-
b0 ,
1.
#1548000
0.
#1566000
0-
b1 ,
b1 X
1.
#1584000
0.
#1602000
b10 X
b10 ,
1.
#1620000
0.
#1638000
b11 ,
b11 X
1.
#1656000
0.
#1674000
b100 X
b100 ,
1.
#1692000
0.
#1710000
b101 ,
b101 X
1.
#1728000
0.
#1746000
b110 X
b110 ,
1.
#1764000
0.
#1782000
b111 ,
b111 X
1.
#1800000
0.
#1818000
b1000 X
b1000 ,
1.
#1836000
0.
#1854000
b1001 ,
b1001 X
1.
#1872000
0.
#1890000
b1010 X
b1010 ,
1.
#1908000
0.
#1926000
b1011 ,
b1011 X
1.
#1944000
0.
#1962000
b1100 X
b1100 ,
1.
#1980000
0.
#1998000
b1101 ,
b1101 X
1.
#2016000
0.
#2034000
19
b1110 X
b1110 ,
1.
#2052000
0.
#2070000
09
1-
b0 ,
b0 X
b11 S
1.
#2088000
0.
#2106000
b1 X
0-
b1 ,
1.
#2124000
0.
#2142000
b10 ,
b10 X
1.
#2160000
0.
#2178000
b11 X
b11 ,
1.
#2196000
0.
#2214000
b100 ,
b100 X
1.
#2232000
0.
#2250000
b101 X
b101 ,
1.
#2268000
0.
#2286000
b110 ,
b110 X
1.
#2304000
0.
#2322000
b111 X
b111 ,
1.
#2340000
0.
#2358000
b1000 ,
b1000 X
1.
#2376000
0.
#2394000
b1001 X
b1001 ,
1.
#2412000
0.
#2430000
b1010 ,
b1010 X
1.
#2448000
0.
#2466000
b1011 X
b1011 ,
1.
#2484000
0.
#2502000
b1100 ,
b1100 X
1.
#2520000
0.
#2538000
b1101 X
b1101 ,
1.
#2556000
0.
#2574000
19
b1110 ,
b1110 X
1.
#2592000
0.
#2610000
09
b100 S
b0 X
1-
b0 ,
1.
#2628000
0.
#2646000
0-
b1 ,
b1 X
1.
#2664000
0.
#2682000
b10 X
b10 ,
1.
#2700000
0.
#2718000
b11 ,
b11 X
1.
#2736000
0.
#2754000
b100 X
b100 ,
1.
#2772000
0.
#2790000
b101 ,
b101 X
1.
#2808000
0.
#2826000
b110 X
b110 ,
1.
#2844000
0.
#2862000
b111 ,
b111 X
1.
#2880000
0.
#2898000
b1000 X
b1000 ,
1.
#2916000
0.
#2934000
b1001 ,
b1001 X
1.
#2952000
0.
#2970000
b1010 X
b1010 ,
1.
#2988000
0.
#3006000
b1011 ,
b1011 X
1.
#3024000
0.
#3042000
b1100 X
b1100 ,
1.
#3060000
0.
#3078000
b1101 ,
b1101 X
1.
#3096000
0.
#3114000
19
b1110 X
b1110 ,
1.
#3132000
0.
#3150000
09
1-
b0 ,
b0 X
b101 S
1.
#3168000
0.
#3186000
b1 X
0-
b1 ,
1.
#3204000
0.
#3222000
b10 ,
b10 X
1.
#3240000
0.
#3258000
b11 X
b11 ,
1.
#3276000
0.
#3294000
b100 ,
b100 X
1.
#3312000
0.
#3330000
b101 X
b101 ,
1.
#3348000
0.
#3366000
b110 ,
b110 X
1.
#3384000
0.
#3402000
b111 X
b111 ,
1.
#3420000
0.
#3438000
b1000 ,
b1000 X
1.
#3456000
0.
#3474000
b1001 X
b1001 ,
1.
#3492000
0.
#3510000
b1010 ,
b1010 X
1.
#3528000
0.
#3546000
b1011 X
b1011 ,
1.
#3564000
0.
#3582000
b1100 ,
b1100 X
1.
#3600000
0.
#3618000
b1101 X
b1101 ,
1.
#3636000
0.
#3654000
19
b1110 ,
b1110 X
1.
#3672000
0.
#3690000
09
b110 S
b0 X
1-
b0 ,
1.
#3708000
0.
#3726000
0-
b1 ,
b1 X
1.
#3744000
0.
#3762000
b10 X
b10 ,
1.
#3780000
0.
#3798000
b11 ,
b11 X
1.
#3816000
0.
#3834000
b100 X
b100 ,
1.
#3852000
0.
#3870000
b101 ,
b101 X
1.
#3888000
0.
#3906000
b110 X
b110 ,
1.
#3924000
0.
#3942000
b111 ,
b111 X
1.
#3960000
0.
#3978000
b1000 X
b1000 ,
1.
#3996000
0.
#4014000
b1001 ,
b1001 X
1.
#4032000
0.
#4050000
b1010 X
b1010 ,
1.
#4068000
0.
#4086000
b1011 ,
b1011 X
1.
#4104000
0.
#4122000
b1100 X
b1100 ,
1.
#4140000
0.
#4158000
b1101 ,
b1101 X
1.
#4176000
0.
#4194000
19
b1110 X
b1110 ,
1.
#4212000
0.
#4230000
09
1-
b0 ,
b0 X
b111 S
1.
#4248000
0.
#4266000
b1 X
0-
b1 ,
1.
#4284000
0.
#4302000
b10 ,
b10 X
1.
#4320000
0.
#4338000
b11 X
b11 ,
1.
#4356000
0.
#4374000
b100 ,
b100 X
1.
#4392000
0.
#4410000
b101 X
b101 ,
1.
#4428000
0.
#4446000
b110 ,
b110 X
1.
#4464000
0.
#4482000
b111 X
b111 ,
1.
#4500000
0.
#4518000
b1000 ,
b1000 X
1.
#4536000
0.
#4554000
b1001 X
b1001 ,
1.
#4572000
0.
#4590000
b1010 ,
b1010 X
1.
#4608000
0.
#4626000
b1011 X
b1011 ,
1.
#4644000
0.
#4662000
b1100 ,
b1100 X
1.
#4680000
0.
#4698000
b1101 X
b1101 ,
1.
#4716000
0.
#4734000
19
b1110 ,
b1110 X
1.
#4752000
0.
#4770000
09
b1000 S
b0 X
1-
b0 ,
1.
#4788000
0.
#4806000
0-
b1 ,
b1 X
1.
#4824000
0.
#4842000
b10 X
b10 ,
1.
#4860000
0.
#4878000
b11 ,
b11 X
1.
#4896000
0.
#4914000
b100 X
b100 ,
1.
#4932000
0.
#4950000
b101 ,
b101 X
1.
#4968000
0.
#4986000
b110 X
b110 ,
1.
#5004000
0.
#5022000
b111 ,
b111 X
1.
#5040000
0.
#5058000
b1000 X
b1000 ,
1.
#5076000
0.
#5094000
b1001 ,
b1001 X
1.
#5112000
0.
#5130000
b1010 X
b1010 ,
1.
#5148000
0.
#5166000
b1011 ,
b1011 X
1.
#5184000
0.
#5202000
b1100 X
b1100 ,
1.
#5220000
0.
#5238000
b1101 ,
b1101 X
1.
#5256000
0.
#5274000
19
b1110 X
b1110 ,
1.
#5292000
0.
#5310000
09
1-
b0 ,
b0 X
b1001 S
1.
#5328000
0.
#5346000
b1 X
0-
b1 ,
1.
#5364000
0.
#5382000
b10 ,
b10 X
1.
#5400000
0.
#5418000
b11 X
b11 ,
1.
#5436000
0.
#5454000
b100 ,
b100 X
1.
#5472000
0.
#5490000
b101 X
b101 ,
1.
#5508000
0.
#5526000
b110 ,
b110 X
1.
#5544000
0.
#5562000
b111 X
b111 ,
1.
#5580000
0.
#5598000
b1000 ,
b1000 X
1.
#5616000
0.
#5634000
b1001 X
b1001 ,
1.
#5652000
0.
#5670000
b1010 ,
b1010 X
1.
#5688000
0.
#5706000
b1011 X
b1011 ,
1.
#5724000
0.
#5742000
b1100 ,
b1100 X
1.
#5760000
0.
#5778000
b1101 X
b1101 ,
1.
#5796000
0.
#5814000
19
b1110 ,
b1110 X
1.
#5832000
0.
#5850000
09
b1010 S
b0 X
1-
b0 ,
1.
#5868000
0.
#5886000
0-
b1 ,
b1 X
1.
#5904000
0.
#5922000
b10 X
b10 ,
1.
#5940000
0.
#5958000
b11 ,
b11 X
1.
#5976000
0.
#5994000
b100 X
b100 ,
1.
#6012000
0.
#6030000
b101 ,
b101 X
1.
#6048000
0.
#6066000
b110 X
b110 ,
1.
#6084000
0.
#6102000
b111 ,
b111 X
1.
#6120000
0.
#6138000
b1000 X
b1000 ,
1.
#6156000
0.
#6174000
b1001 ,
b1001 X
1.
#6192000
0.
#6210000
b1010 X
b1010 ,
1.
#6228000
0.
#6246000
b1011 ,
b1011 X
1.
#6264000
0.
#6282000
b1100 X
b1100 ,
1.
#6300000
0.
#6318000
b1101 ,
b1101 X
1.
#6336000
0.
#6354000
19
b1110 X
b1110 ,
1.
#6372000
0.
#6390000
09
1-
b0 ,
b0 X
b1011 S
1.
#6408000
0.
#6426000
b1 X
0-
b1 ,
1.
#6444000
0.
#6462000
b10 ,
b10 X
1.
#6480000
0.
#6498000
b11 X
b11 ,
1.
#6516000
0.
#6534000
b100 ,
b100 X
1.
#6552000
0.
#6570000
b101 X
b101 ,
1.
#6588000
0.
#6606000
b110 ,
b110 X
1.
#6624000
0.
#6642000
b111 X
b111 ,
1.
#6660000
0.
#6678000
b1000 ,
b1000 X
1.
#6696000
0.
#6714000
b1001 X
b1001 ,
1.
#6732000
0.
#6750000
b1010 ,
b1010 X
1.
#6768000
0.
#6786000
b1011 X
b1011 ,
1.
#6804000
0.
#6822000
b1100 ,
b1100 X
1.
#6840000
0.
#6858000
b1101 X
b1101 ,
1.
#6876000
0.
#6894000
19
b1110 ,
b1110 X
1.
#6912000
0.
#6930000
09
b1100 S
b0 X
1-
b0 ,
1.
#6948000
0.
#6966000
0-
b1 ,
b1 X
1.
#6984000
0.
#7002000
b10 X
b10 ,
1.
#7020000
0.
#7038000
b11 ,
b11 X
1.
#7056000
0.
#7074000
b100 X
b100 ,
1.
#7092000
0.
#7110000
b101 ,
b101 X
1.
#7128000
0.
#7146000
b110 X
b110 ,
1.
#7164000
0.
#7182000
b111 ,
b111 X
1.
#7200000
0.
#7218000
b1000 X
b1000 ,
1.
#7236000
0.
#7254000
b1001 ,
b1001 X
1.
#7272000
0.
#7290000
b1010 X
b1010 ,
1.
#7308000
0.
#7326000
b1011 ,
b1011 X
1.
#7344000
0.
#7362000
b1100 X
b1100 ,
1.
#7380000
0.
#7398000
b1101 ,
b1101 X
1.
#7416000
0.
#7434000
19
b1110 X
b1110 ,
1.
#7452000
0.
#7470000
09
1-
b0 ,
b0 X
b1101 S
1.
#7488000
0.
#7506000
b1 X
0-
b1 ,
1.
#7524000
0.
#7542000
b10 ,
b10 X
1.
#7560000
0.
#7578000
b11 X
b11 ,
1.
#7596000
0.
#7614000
b100 ,
b100 X
1.
#7632000
0.
#7650000
b101 X
b101 ,
1.
#7668000
0.
#7686000
b110 ,
b110 X
1.
#7704000
0.
#7722000
b111 X
b111 ,
1.
#7740000
0.
#7758000
b1000 ,
b1000 X
1.
#7776000
0.
#7794000
b1001 X
b1001 ,
1.
#7812000
0.
#7830000
b1010 ,
b1010 X
1.
#7848000
0.
#7866000
b1011 X
b1011 ,
1.
#7884000
0.
#7902000
b1100 ,
b1100 X
1.
#7920000
0.
#7938000
b1101 X
b1101 ,
1.
#7956000
0.
#7974000
19
b1110 ,
b1110 X
1.
#7992000
0.
#8010000
09
b1110 S
b0 X
1-
b0 ,
1.
#8028000
0.
#8046000
0-
b1 ,
b1 X
1.
#8064000
0.
#8082000
b10 X
b10 ,
1.
#8100000
0.
#8118000
b11 ,
b11 X
1.
#8136000
0.
#8154000
b100 X
b100 ,
1.
#8172000
0.
#8190000
b101 ,
b101 X
1.
#8208000
0.
#8226000
b110 X
b110 ,
1.
#8244000
0.
#8262000
b111 ,
b111 X
1.
#8280000
0.
#8298000
b1000 X
b1000 ,
1.
#8316000
0.
#8334000
b1001 ,
b1001 X
1.
#8352000
0.
#8370000
b1010 X
b1010 ,
1.
#8388000
0.
#8406000
b1011 ,
b1011 X
1.
#8424000
0.
#8442000
b1100 X
b1100 ,
1.
#8460000
0.
#8478000
b1101 ,
b1101 X
1.
#8496000
0.
#8514000
19
b1110 X
b1110 ,
1.
#8532000
0.
#8550000
09
b10 R
1-
b0 ,
b0 X
b1111 S
1.
#8568000
0.
#8586000
b1 X
0-
b1 ,
1.
#8604000
0.
#8622000
b10 ,
b10 X
1.
#8640000
0.
#8658000
b11 X
b11 ,
1.
#8676000
0.
#8694000
b100 ,
b100 X
1.
#8712000
0.
#8730000
b101 X
b101 ,
1.
#8748000
0.
#8766000
b110 ,
b110 X
1.
#8784000
0.
#8802000
b111 X
b111 ,
1.
#8820000
0.
#8838000
b1000 ,
b1000 X
1.
#8856000
0.
#8874000
b1001 X
b1001 ,
1.
#8892000
0.
#8910000
b1010 ,
b1010 X
1.
#8928000
0.
#8946000
b1011 X
b1011 ,
1.
#8964000
0.
#8982000
b1100 ,
b1100 X
1.
#9000000
0.
#9018000
b1101 X
b1101 ,
1.
#9036000
0.
#9054000
19
b1110 ,
b1110 X
1.
#9072000
0.
#9090000
09
b0 [
b10100101 Z
b10 P
b0 S
b0 X
1-
b0 ,
1.
#9108000
0.
#9126000
0-
b1 ,
b1 X
1!
1.
#9144000
0.
#9162000
b10 X
b10 ,
1.
#9180000
0.
#9198000
b11 ,
b11 X
1.
#9216000
0.
#9234000
b100 X
b100 ,
1.
#9252000
0.
#9270000
b101 ,
b101 X
1.
#9288000
0.
#9306000
b110 X
b110 ,
1.
#9324000
0.
#9342000
b111 ,
b111 X
1.
#9360000
0.
#9378000
b1000 X
b1000 ,
1.
#9396000
0.
#9414000
b1001 ,
b1001 X
1.
#9432000
0.
#9450000
b1010 X
b1010 ,
1.
#9468000
0.
#9486000
b1011 ,
b1011 X
1.
#9504000
0.
#9522000
b1100 X
b1100 ,
1.
#9540000
0.
#9558000
b1101 ,
b1101 X
1.
#9576000
0.
#9594000
19
b1110 X
b1110 ,
1.
#9612000
0.
#9630000
09
1-
b0 ,
b0 X
b1 S
1.
#9648000
0.
#9666000
b1 X
0-
b1 ,
1.
#9684000
0.
#9702000
b10 ,
b10 X
1.
#9720000
0.
#9738000
b11 X
b11 ,
1.
#9756000
0.
#9774000
b100 ,
b100 X
1.
#9792000
0.
#9810000
b101 X
b101 ,
1.
#9828000
0.
#9846000
b110 ,
b110 X
1.
#9864000
0.
#9882000
b111 X
b111 ,
1.
#9900000
0.
#9918000
b1000 ,
b1000 X
1.
#9936000
0.
#9954000
b1001 X
b1001 ,
1.
#9972000
0.
#9990000
b1010 ,
b1010 X
1.
#10008000
0.
#10026000
b1011 X
b1011 ,
1.
#10044000
0.
#10062000
b1100 ,
b1100 X
1.
#10080000
0.
#10098000
b1101 X
b1101 ,
1.
#10116000
0.
#10134000
19
b1110 ,
b1110 X
1.
#10152000
0.
#10170000
09
b10 S
b0 X
1-
b0 ,
1.
#10188000
0.
#10206000
0-
b1 ,
b1 X
1.
#10224000
0.
#10242000
b10 X
b10 ,
1.
#10260000
0.
#10278000
b11 ,
b11 X
1.
#10296000
0.
#10314000
b100 X
b100 ,
1.
#10332000
0.
#10350000
b101 ,
b101 X
1.
#10368000
0.
#10386000
b110 X
b110 ,
1.
#10404000
0.
#10422000
b111 ,
b111 X
1.
#10440000
0.
#10458000
b1000 X
b1000 ,
1.
#10476000
0.
#10494000
b1001 ,
b1001 X
1.
#10512000
0.
#10530000
b1010 X
b1010 ,
1.
#10548000
0.
#10566000
b1011 ,
b1011 X
1.
#10584000
0.
#10602000
b1100 X
b1100 ,
1.
#10620000
0.
#10638000
b1101 ,
b1101 X
1.
#10656000
0.
#10674000
19
b1110 X
b1110 ,
1.
#10692000
0.
#10710000
09
1-
b0 ,
b0 X
b11 S
1.
#10728000
0.
#10746000
b1 X
0-
b1 ,
1.
#10764000
0.
#10782000
b10 ,
b10 X
1.
#10800000
0.
#10818000
b11 X
b11 ,
1.
#10836000
0.
#10854000
b100 ,
b100 X
1.
#10872000
0.
#10890000
b101 X
b101 ,
1.
#10908000
0.
#10926000
b110 ,
b110 X
1.
#10944000
0.
#10962000
b111 X
b111 ,
1.
#10980000
0.
#10998000
b1000 ,
b1000 X
1.
#11016000
0.
#11034000
b1001 X
b1001 ,
1.
#11052000
0.
#11070000
b1010 ,
b1010 X
1.
#11088000
0.
#11106000
b1011 X
b1011 ,
1.
#11124000
0.
#11142000
b1100 ,
b1100 X
1.
#11160000
0.
#11178000
b1101 X
b1101 ,
1.
#11196000
0.
#11214000
19
b1110 ,
b1110 X
1.
#11232000
0.
#11250000
09
b100 S
b0 X
1-
b0 ,
1.
#11268000
0.
#11286000
0-
b1 ,
b1 X
1.
#11304000
0.
#11322000
b10 X
b10 ,
1.
#11340000
0.
#11358000
b11 ,
b11 X
1.
#11376000
0.
#11394000
b100 X
b100 ,
1.
#11412000
0.
#11430000
b101 ,
b101 X
1.
#11448000
0.
#11466000
b110 X
b110 ,
1.
#11484000
0.
#11502000
b111 ,
b111 X
1.
#11520000
0.
#11538000
b1000 X
b1000 ,
1.
#11556000
0.
#11574000
b1001 ,
b1001 X
1.
#11592000
0.
#11610000
b1010 X
b1010 ,
1.
#11628000
0.
#11646000
b1011 ,
b1011 X
1.
#11664000
0.
#11682000
b1100 X
b1100 ,
1.
#11700000
0.
#11718000
b1101 ,
b1101 X
1.
#11736000
0.
#11754000
19
b1110 X
b1110 ,
1.
#11772000
0.
#11790000
09
1-
b0 ,
b0 X
b101 S
1.
#11808000
0.
#11826000
b1 X
0-
b1 ,
1.
#11844000
0.
#11862000
b10 ,
b10 X
1.
#11880000
0.
#11898000
b11 X
b11 ,
1.
#11916000
0.
#11934000
b100 ,
b100 X
1.
#11952000
0.
#11970000
b101 X
b101 ,
1.
#11988000
0.
#12006000
b110 ,
b110 X
1.
#12024000
0.
#12042000
b111 X
b111 ,
1.
#12060000
0.
#12078000
b1000 ,
b1000 X
1.
#12096000
0.
#12114000
b1001 X
b1001 ,
1.
#12132000
0.
#12150000
b1010 ,
b1010 X
1.
#12168000
0.
#12186000
b1011 X
b1011 ,
1.
#12204000
0.
#12222000
b1100 ,
b1100 X
1.
#12240000
0.
#12258000
b1101 X
b1101 ,
1.
#12276000
0.
#12294000
19
b1110 ,
b1110 X
1.
#12312000
0.
#12330000
09
b110 S
b0 X
1-
b0 ,
1.
#12348000
0.
#12366000
0-
b1 ,
b1 X
1.
#12384000
0.
#12402000
b10 X
b10 ,
1.
#12420000
0.
#12438000
b11 ,
b11 X
1.
#12456000
0.
#12474000
b100 X
b100 ,
1.
#12492000
0.
#12510000
b101 ,
b101 X
1.
#12528000
0.
#12546000
b110 X
b110 ,
1.
#12564000
0.
#12582000
b111 ,
b111 X
1.
#12600000
0.
#12618000
b1000 X
b1000 ,
1.
#12636000
0.
#12654000
b1001 ,
b1001 X
1.
#12672000
0.
#12690000
b1010 X
b1010 ,
1.
#12708000
0.
#12726000
b1011 ,
b1011 X
1.
#12744000
0.
#12762000
b1100 X
b1100 ,
1.
#12780000
0.
#12798000
b1101 ,
b1101 X
1.
#12816000
0.
#12834000
19
b1110 X
b1110 ,
1.
#12852000
0.
#12870000
09
1-
b0 ,
b0 X
b111 S
1.
#12888000
0.
#12906000
b1 X
0-
b1 ,
1.
#12924000
0.
#12942000
b10 ,
b10 X
1.
#12960000
0.
#12978000
b11 X
b11 ,
1.
#12996000
0.
#13014000
b100 ,
b100 X
1.
#13032000
0.
#13050000
b101 X
b101 ,
1.
#13068000
0.
#13086000
b110 ,
b110 X
1.
#13104000
0.
#13122000
b111 X
b111 ,
1.
#13140000
0.
#13158000
b1000 ,
b1000 X
1.
#13176000
0.
#13194000
b1001 X
b1001 ,
1.
#13212000
0.
#13230000
b1010 ,
b1010 X
1.
#13248000
0.
#13266000
b1011 X
b1011 ,
1.
#13284000
0.
#13302000
b1100 ,
b1100 X
1.
#13320000
0.
#13338000
b1101 X
b1101 ,
1.
#13356000
0.
#13374000
19
b1110 ,
b1110 X
1.
#13392000
0.
#13410000
09
b1000 S
b0 X
1-
b0 ,
1.
#13428000
0.
#13446000
0-
b1 ,
b1 X
1.
#13464000
0.
#13482000
b10 X
b10 ,
1.
#13500000
0.
#13518000
b11 ,
b11 X
1.
#13536000
0.
#13554000
b100 X
b100 ,
1.
#13572000
0.
#13590000
b101 ,
b101 X
1.
#13608000
0.
#13626000
b110 X
b110 ,
1.
#13644000
0.
#13662000
b111 ,
b111 X
1.
#13680000
0.
#13698000
b1000 X
b1000 ,
1.
#13716000
0.
#13734000
b1001 ,
b1001 X
1.
#13752000
0.
#13770000
b1010 X
b1010 ,
1.
#13788000
0.
#13806000
b1011 ,
b1011 X
1.
#13824000
0.
#13842000
b1100 X
b1100 ,
1.
#13860000
0.
#13878000
b1101 ,
b1101 X
1.
#13896000
0.
#13914000
19
b1110 X
b1110 ,
1.
#13932000
0.
#13950000
09
1-
b0 ,
b0 X
b1001 S
1.
#13968000
0.
#13986000
b1 X
0-
b1 ,
1.
#14004000
0.
#14022000
b10 ,
b10 X
1.
#14040000
0.
#14058000
b11 X
b11 ,
1.
#14076000
0.
#14094000
b100 ,
b100 X
1.
#14112000
0.
#14130000
b101 X
b101 ,
1.
#14148000
0.
#14166000
b110 ,
b110 X
1.
#14184000
0.
#14202000
b111 X
b111 ,
1.
#14220000
0.
#14238000
b1000 ,
b1000 X
1.
#14256000
0.
#14274000
b1001 X
b1001 ,
1.
#14292000
0.
#14310000
b1010 ,
b1010 X
1.
#14328000
0.
#14346000
b1011 X
b1011 ,
1.
#14364000
0.
#14382000
b1100 ,
b1100 X
1.
#14400000
0.
#14418000
b1101 X
b1101 ,
1.
#14436000
0.
#14454000
19
b1110 ,
b1110 X
1.
#14472000
0.
#14490000
09
b1010 S
b0 X
1-
b0 ,
1.
#14508000
0.
#14526000
0-
b1 ,
b1 X
1.
#14544000
0.
#14562000
b10 X
b10 ,
1.
#14580000
0.
#14598000
b11 ,
b11 X
1.
#14616000
0.
#14634000
b100 X
b100 ,
1.
#14652000
0.
#14670000
b101 ,
b101 X
1.
#14688000
0.
#14706000
b110 X
b110 ,
1.
#14724000
0.
#14742000
b111 ,
b111 X
1.
#14760000
0.
#14778000
b1000 X
b1000 ,
1.
#14796000
0.
#14814000
b1001 ,
b1001 X
1.
#14832000
0.
#14850000
b1010 X
b1010 ,
1.
#14868000
0.
#14886000
b1011 ,
b1011 X
1.
#14904000
0.
#14922000
b1100 X
b1100 ,
1.
#14940000
0.
#14958000
b1101 ,
b1101 X
1.
#14976000
0.
#14994000
19
b1110 X
b1110 ,
1.
#15012000
0.
#15030000
09
1-
b0 ,
b0 X
b1011 S
1.
#15048000
0.
#15066000
b1 X
0-
b1 ,
1.
#15084000
0.
#15102000
b10 ,
b10 X
1.
#15120000
0.
#15138000
b11 X
b11 ,
1.
#15156000
0.
#15174000
b100 ,
b100 X
1.
#15192000
0.
#15210000
b101 X
b101 ,
1.
#15228000
0.
#15246000
b110 ,
b110 X
1.
#15264000
0.
#15282000
b111 X
b111 ,
1.
#15300000
0.
#15318000
b1000 ,
b1000 X
1.
#15336000
0.
#15354000
b1001 X
b1001 ,
1.
#15372000
0.
#15390000
b1010 ,
b1010 X
1.
#15408000
0.
#15426000
b1011 X
b1011 ,
1.
#15444000
0.
#15462000
b1100 ,
b1100 X
1.
#15480000
0.
#15498000
b1101 X
b1101 ,
1.
#15516000
0.
#15534000
19
b1110 ,
b1110 X
1.
#15552000
0.
#15570000
09
b1100 S
b0 X
1-
b0 ,
1.
#15588000
0.
#15606000
0-
b1 ,
b1 X
1.
#15624000
0.
#15642000
b10 X
b10 ,
1.
#15660000
0.
#15678000
b11 ,
b11 X
1.
#15696000
0.
#15714000
b100 X
b100 ,
1.
#15732000
0.
#15750000
b101 ,
b101 X
1.
#15768000
0.
#15786000
b110 X
b110 ,
1.
#15804000
0.
#15822000
b111 ,
b111 X
1.
#15840000
0.
#15858000
b1000 X
b1000 ,
1.
#15876000
0.
#15894000
b1001 ,
b1001 X
1.
#15912000
0.
#15930000
b1010 X
b1010 ,
1.
#15948000
0.
#15966000
b1011 ,
b1011 X
1.
#15984000
0.
#16002000
b1100 X
b1100 ,
1.
#16020000
0.
#16038000
b1101 ,
b1101 X
1.
#16056000
0.
#16074000
19
b1110 X
b1110 ,
1.
#16092000
0.
#16110000
09
1-
b0 ,
b0 X
b1101 S
1.
#16128000
0.
#16146000
b1 X
0-
b1 ,
1.
#16164000
0.
#16182000
b10 ,
b10 X
1.
#16200000
0.
#16218000
b11 X
b11 ,
1.
#16236000
0.
#16254000
b100 ,
b100 X
1.
#16272000
0.
#16290000
b101 X
b101 ,
1.
#16308000
0.
#16326000
b110 ,
b110 X
1.
#16344000
0.
#16362000
b111 X
b111 ,
1.
#16380000
0.
#16398000
b1000 ,
b1000 X
1.
#16416000
0.
#16434000
b1001 X
b1001 ,
1.
#16452000
0.
#16470000
b1010 ,
b1010 X
1.
#16488000
0.
#16506000
b1011 X
b1011 ,
1.
#16524000
0.
#16542000
b1100 ,
b1100 X
1.
#16560000
0.
#16578000
b1101 X
b1101 ,
1.
#16596000
0.
#16614000
19
b1110 ,
b1110 X
1.
#16632000
0.
#16650000
09
b1110 S
b0 X
1-
b0 ,
1.
#16668000
0.
#16686000
0-
b1 ,
b1 X
1.
#16704000
0.
#16722000
b10 X
b10 ,
1.
#16740000
0.
#16758000
b11 ,
b11 X
1.
#16776000
0.
#16794000
b100 X
b100 ,
1.
#16812000
0.
#16830000
b101 ,
b101 X
1.
#16848000
0.
#16866000
b110 X
b110 ,
1.
#16884000
0.
#16902000
b111 ,
b111 X
1.
#16920000
0.
#16938000
b1000 X
b1000 ,
1.
#16956000
0.
#16974000
b1001 ,
b1001 X
1.
#16992000
0.
#17010000
b1010 X
b1010 ,
1.
#17028000
0.
#17046000
b1011 ,
b1011 X
1.
#17064000
0.
#17082000
b1100 X
b1100 ,
1.
#17100000
0.
#17118000
b1101 ,
b1101 X
1.
#17136000
0.
#17154000
19
b1110 X
b1110 ,
1.
#17172000
0.
#17190000
09
1-
b0 ,
b0 X
b1111 S
1.
#17208000
0.
#17226000
b1 X
0-
b1 ,
1.
#17244000
0.
#17262000
b10 ,
b10 X
1.
#17280000
0.
#17298000
b11 X
b11 ,
1.
#17316000
0.
#17334000
b100 ,
b100 X
1.
#17352000
0.
#17370000
b101 X
b101 ,
1.
#17388000
0.
#17406000
b110 ,
b110 X
1.
#17424000
0.
#17442000
b111 X
b111 ,
1.
#17460000
0.
#17478000
b1000 ,
b1000 X
1.
#17496000
0.
#17514000
b1001 X
b1001 ,
1.
#17532000
0.
#17550000
b1010 ,
b1010 X
1.
#17568000
0.
#17586000
b1011 X
b1011 ,
1.
#17604000
0.
#17622000
b1100 ,
b1100 X
1.
#17640000
0.
#17658000
b1101 X
b1101 ,
1.
#17676000
0.
#17694000
19
b1110 ,
b1110 X
1.
#17712000
0.
#17730000
09
b1 [
1Y
b1 Q
b0 S
b0 X
1-
b0 ,
1.
#17748000
0.
#17766000
0-
b1 ,
b1 X
0!
1.
#17784000
0.
#17802000
b10 X
b10 ,
1.
#17820000
0.
#17838000
b11 ,
b11 X
1.
#17856000
0.
#17874000
b100 X
b100 ,
1.
#17892000
0.
#17910000
b101 ,
b101 X
1.
#17928000
0.
#17946000
b110 X
b110 ,
1.
#17964000
0.
#17982000
b111 ,
b111 X
1.
#18000000
0.
#18018000
b1000 X
b1000 ,
1.
#18036000
0.
#18054000
b1001 ,
b1001 X
1.
#18072000
0.
#18090000
b1010 X
b1010 ,
1.
#18108000
0.
#18126000
b1011 ,
b1011 X
1.
#18144000
0.
#18162000
b1100 X
b1100 ,
1.
#18180000
0.
#18198000
b1101 ,
b1101 X
1.
#18216000
0.
#18234000
19
b1110 X
b1110 ,
1.
#18252000
0.
#18270000
09
1-
b0 ,
b0 X
b1 S
1.
#18288000
0.
#18306000
b1 X
0-
b1 ,
1.
#18324000
0.
#18342000
b10 ,
b10 X
1.
#18360000
0.
#18378000
b11 X
b11 ,
1.
#18396000
0.
#18414000
b100 ,
b100 X
1.
#18432000
0.
#18450000
b101 X
b101 ,
1.
#18468000
0.
#18486000
b110 ,
b110 X
1.
#18504000
0.
#18522000
b111 X
b111 ,
1.
#18540000
0.
#18558000
b1000 ,
b1000 X
1.
#18576000
0.
#18594000
b1001 X
b1001 ,
1.
#18612000
0.
#18630000
b1010 ,
b1010 X
1.
#18648000
0.
#18666000
b1011 X
b1011 ,
1.
#18684000
0.
#18702000
b1100 ,
b1100 X
1.
#18720000
0.
#18738000
b1101 X
b1101 ,
1.
#18756000
0.
#18774000
19
b1110 ,
b1110 X
1.
#18792000
0.
#18810000
09
b10 S
b0 X
1-
b0 ,
1.
#18828000
0.
#18846000
0-
b1 ,
b1 X
1.
#18864000
0.
#18882000
b10 X
b10 ,
1.
#18900000
0.
#18918000
b11 ,
b11 X
1.
#18936000
0.
#18954000
b100 X
b100 ,
1.
#18972000
0.
#18990000
b101 ,
b101 X
1.
#19008000
0.
#19026000
b110 X
b110 ,
1.
#19044000
0.
#19062000
b111 ,
b111 X
1.
#19080000
0.
#19098000
b1000 X
b1000 ,
1.
#19116000
0.
#19134000
b1001 ,
b1001 X
1.
#19152000
0.
#19170000
b1010 X
b1010 ,
1.
#19188000
0.
#19206000
b1011 ,
b1011 X
1.
#19224000
0.
#19242000
b1100 X
b1100 ,
1.
#19260000
0.
#19278000
b1101 ,
b1101 X
1.
#19296000
0.
#19314000
19
b1110 X
b1110 ,
1.
#19332000
0.
#19350000
09
1-
b0 ,
b0 X
b11 S
1.
#19368000
0.
#19386000
b1 X
0-
b1 ,
1.
#19404000
0.
#19422000
b10 ,
b10 X
1.
#19440000
0.
#19458000
b11 X
b11 ,
1.
#19476000
0.
#19494000
b100 ,
b100 X
1.
#19512000
0.
#19530000
b101 X
b101 ,
1.
#19548000
0.
#19566000
b110 ,
b110 X
1.
#19584000
0.
#19602000
b111 X
b111 ,
1.
#19620000
0.
#19638000
b1000 ,
b1000 X
1.
#19656000
0.
#19674000
b1001 X
b1001 ,
1.
#19692000
0.
#19710000
b1010 ,
b1010 X
1.
#19728000
0.
#19746000
b1011 X
b1011 ,
1.
#19764000
0.
#19782000
b1100 ,
b1100 X
1.
#19800000
0.
#19818000
b1101 X
b1101 ,
1.
#19836000
0.
#19854000
19
b1110 ,
b1110 X
1.
#19872000
0.
#19890000
09
b100 S
b0 X
1-
b0 ,
1.
#19908000
0.
#19926000
0-
b1 ,
b1 X
1.
#19944000
0.
#19962000
b10 X
b10 ,
1.
#19980000
0.
#19998000
b11 ,
b11 X
1.
#20016000
0.
#20034000
b100 X
b100 ,
1.
#20052000
0.
#20070000
b101 ,
b101 X
1.
#20088000
0.
#20106000
b110 X
b110 ,
1.
#20124000
0.
#20142000
b111 ,
b111 X
1.
#20160000
0.
#20178000
b1000 X
b1000 ,
1.
#20196000
0.
#20214000
b1001 ,
b1001 X
1.
#20232000
0.
#20250000
b1010 X
b1010 ,
1.
#20268000
0.
#20286000
b1011 ,
b1011 X
1.
#20304000
0.
#20322000
b1100 X
b1100 ,
1.
#20340000
0.
#20358000
b1101 ,
b1101 X
1.
#20376000
0.
#20394000
19
b1110 X
b1110 ,
1.
#20412000
0.
#20430000
09
1-
b0 ,
b0 X
b101 S
1.
#20448000
0.
#20466000
b1 X
0-
b1 ,
1.
#20484000
0.
#20502000
b10 ,
b10 X
1.
#20520000
0.
#20538000
b11 X
b11 ,
1.
#20556000
0.
#20574000
b100 ,
b100 X
1.
#20592000
0.
#20610000
b101 X
b101 ,
1.
#20628000
0.
#20646000
b110 ,
b110 X
1.
#20664000
0.
#20682000
b111 X
b111 ,
1.
#20700000
0.
#20718000
b1000 ,
b1000 X
1.
#20736000
0.
#20754000
b1001 X
b1001 ,
1.
#20772000
0.
#20790000
b1010 ,
b1010 X
1.
#20808000
0.
#20826000
b1011 X
b1011 ,
1.
#20844000
0.
#20862000
b1100 ,
b1100 X
1.
#20880000
0.
#20898000
b1101 X
b1101 ,
1.
#20916000
0.
#20934000
19
b1110 ,
b1110 X
1.
#20952000
0.
#20970000
09
b110 S
b0 X
1-
b0 ,
1.
#20988000
0.
#21006000
0-
b1 ,
b1 X
1.
#21024000
0.
#21042000
b10 X
b10 ,
1.
#21060000
0.
#21078000
b11 ,
b11 X
1.
#21096000
0.
#21114000
b100 X
b100 ,
1.
#21132000
0.
#21150000
b101 ,
b101 X
1.
#21168000
0.
#21186000
b110 X
b110 ,
1.
#21204000
0.
#21222000
b111 ,
b111 X
1.
#21240000
0.
#21258000
b1000 X
b1000 ,
1.
#21276000
0.
#21294000
b1001 ,
b1001 X
1.
#21312000
0.
#21330000
b1010 X
b1010 ,
1.
#21348000
0.
#21366000
b1011 ,
b1011 X
1.
#21384000
0.
#21402000
b1100 X
b1100 ,
1.
#21420000
0.
#21438000
b1101 ,
b1101 X
1.
#21456000
0.
#21474000
19
b1110 X
b1110 ,
1.
#21492000
0.
#21510000
09
1-
b0 ,
b0 X
b111 S
1.
#21528000
0.
#21546000
b1 X
0-
b1 ,
1.
#21564000
0.
#21582000
b10 ,
b10 X
1.
#21600000
0.
#21618000
b11 X
b11 ,
1.
#21636000
0.
#21654000
b100 ,
b100 X
1.
#21672000
0.
#21690000
b101 X
b101 ,
1.
#21708000
0.
#21726000
b110 ,
b110 X
1.
#21744000
0.
#21762000
b111 X
b111 ,
1.
#21780000
0.
#21798000
b1000 ,
b1000 X
1.
#21816000
0.
#21834000
b1001 X
b1001 ,
1.
#21852000
0.
#21870000
b1010 ,
b1010 X
1.
#21888000
0.
#21906000
b1011 X
b1011 ,
1.
#21924000
0.
#21942000
b1100 ,
b1100 X
1.
#21960000
0.
#21978000
b1101 X
b1101 ,
1.
#21996000
0.
#22014000
19
b1110 ,
b1110 X
1.
#22032000
0.
#22050000
09
b1000 S
b0 X
1-
b0 ,
1.
#22068000
0.
#22086000
0-
b1 ,
b1 X
1.
#22104000
0.
#22122000
b10 X
b10 ,
1.
#22140000
0.
#22158000
b11 ,
b11 X
1.
#22176000
0.
#22194000
b100 X
b100 ,
1.
#22212000
0.
#22230000
b101 ,
b101 X
1.
#22248000
0.
#22266000
b110 X
b110 ,
1.
#22284000
0.
#22302000
b111 ,
b111 X
1.
#22320000
0.
#22338000
b1000 X
b1000 ,
1.
#22356000
0.
#22374000
b1001 ,
b1001 X
1.
#22392000
0.
#22410000
b1010 X
b1010 ,
1.
#22428000
0.
#22446000
b1011 ,
b1011 X
1.
#22464000
0.
#22482000
b1100 X
b1100 ,
1.
#22500000
0.
#22518000
b1101 ,
b1101 X
1.
#22536000
0.
#22554000
19
b1110 X
b1110 ,
1.
#22572000
0.
#22590000
09
1-
b0 ,
b0 X
b1001 S
1.
#22608000
0.
#22626000
b1 X
0-
b1 ,
1.
#22644000
0.
#22662000
b10 ,
b10 X
1.
#22680000
0.
#22698000
b11 X
b11 ,
1.
#22716000
0.
#22734000
b100 ,
b100 X
1.
#22752000
0.
#22770000
b101 X
b101 ,
1.
#22788000
0.
#22806000
b110 ,
b110 X
1.
#22824000
0.
#22842000
b111 X
b111 ,
1.
#22860000
0.
#22878000
b1000 ,
b1000 X
1.
#22896000
0.
#22914000
b1001 X
b1001 ,
1.
#22932000
0.
#22950000
b1010 ,
b1010 X
1.
#22968000
0.
#22986000
b1011 X
b1011 ,
1.
#23004000
0.
#23022000
b1100 ,
b1100 X
1.
#23040000
0.
#23058000
b1101 X
b1101 ,
1.
#23076000
0.
#23094000
19
b1110 ,
b1110 X
1.
#23112000
0.
#23130000
09
b1010 S
b0 X
1-
b0 ,
1.
#23148000
0.
#23166000
0-
b1 ,
b1 X
1.
#23184000
0.
#23202000
b10 X
b10 ,
1.
#23220000
0.
#23238000
b11 ,
b11 X
1.
#23256000
0.
#23274000
b100 X
b100 ,
1.
#23292000
0.
#23310000
b101 ,
b101 X
1.
#23328000
0.
#23346000
b110 X
b110 ,
1.
#23364000
0.
#23382000
b111 ,
b111 X
1.
#23400000
0.
#23418000
b1000 X
b1000 ,
1.
#23436000
0.
#23454000
b1001 ,
b1001 X
1.
#23472000
0.
#23490000
b1010 X
b1010 ,
1.
#23508000
0.
#23526000
b1011 ,
b1011 X
1.
#23544000
0.
#23562000
b1100 X
b1100 ,
1.
#23580000
0.
#23598000
b1101 ,
b1101 X
1.
#23616000
0.
#23634000
19
b1110 X
b1110 ,
1.
#23652000
0.
#23670000
09
1-
b0 ,
b0 X
b1011 S
1.
#23688000
0.
#23706000
b1 X
0-
b1 ,
1.
#23724000
0.
#23742000
b10 ,
b10 X
1.
#23760000
0.
#23778000
b11 X
b11 ,
1.
#23796000
0.
#23814000
b100 ,
b100 X
1.
#23832000
0.
#23850000
b101 X
b101 ,
1.
#23868000
0.
#23886000
b110 ,
b110 X
1.
#23904000
0.
#23922000
b111 X
b111 ,
1.
#23940000
0.
#23958000
b1000 ,
b1000 X
1.
#23976000
0.
#23994000
b1001 X
b1001 ,
1.
#24012000
0.
#24030000
b1010 ,
b1010 X
1.
#24048000
0.
#24066000
b1011 X
b1011 ,
1.
#24084000
0.
#24102000
b1100 ,
b1100 X
1.
#24120000
0.
#24138000
b1101 X
b1101 ,
1.
#24156000
0.
#24174000
19
b1110 ,
b1110 X
1.
#24192000
0.
#24210000
09
b1100 S
b0 X
1-
b0 ,
1.
#24228000
0.
#24246000
0-
b1 ,
b1 X
1.
#24264000
0.
#24282000
b10 X
b10 ,
1.
#24300000
0.
#24318000
b11 ,
b11 X
1.
#24336000
0.
#24354000
b100 X
b100 ,
1.
#24372000
0.
#24390000
b101 ,
b101 X
1.
#24408000
0.
#24426000
b110 X
b110 ,
1.
#24444000
0.
#24462000
b111 ,
b111 X
1.
#24480000
0.
#24498000
b1000 X
b1000 ,
1.
#24516000
0.
#24534000
b1001 ,
b1001 X
1.
#24552000
0.
#24570000
b1010 X
b1010 ,
1.
#24588000
0.
#24606000
b1011 ,
b1011 X
1.
#24624000
0.
#24642000
b1100 X
b1100 ,
1.
#24660000
0.
#24678000
b1101 ,
b1101 X
1.
#24696000
0.
#24714000
19
b1110 X
b1110 ,
1.
#24732000
0.
#24750000
09
1-
b0 ,
b0 X
b1101 S
1.
#24768000
0.
#24786000
b1 X
0-
b1 ,
1.
#24804000
0.
#24822000
b10 ,
b10 X
1.
#24840000
0.
#24858000
b11 X
b11 ,
1.
#24876000
0.
#24894000
b100 ,
b100 X
1.
#24912000
0.
#24930000
b101 X
b101 ,
1.
#24948000
0.
#24966000
b110 ,
b110 X
1.
#24984000
0.
#25002000
b111 X
b111 ,
1.
#25020000
0.
#25038000
b1000 ,
b1000 X
1.
#25056000
0.
#25074000
b1001 X
b1001 ,
1.
#25092000
0.
#25110000
b1010 ,
b1010 X
1.
#25128000
0.
#25146000
b1011 X
b1011 ,
1.
#25164000
0.
#25182000
b1100 ,
b1100 X
1.
#25200000
0.
#25218000
b1101 X
b1101 ,
1.
#25236000
0.
#25254000
19
b1110 ,
b1110 X
1.
#25272000
0.
#25290000
09
b1110 S
b0 X
1-
b0 ,
1.
#25308000
0.
#25326000
0-
b1 ,
b1 X
1.
#25344000
0.
#25362000
b10 X
b10 ,
1.
#25380000
0.
#25398000
b11 ,
b11 X
1.
#25416000
0.
#25434000
b100 X
b100 ,
1.
#25452000
0.
#25470000
b101 ,
b101 X
1.
#25488000
0.
#25506000
b110 X
b110 ,
1.
#25524000
0.
#25542000
b111 ,
b111 X
1.
#25560000
0.
#25578000
b1000 X
b1000 ,
1.
#25596000
0.
#25614000
b1001 ,
b1001 X
1.
#25632000
0.
#25650000
b1010 X
b1010 ,
1.
#25668000
0.
#25686000
b1011 ,
b1011 X
1.
#25704000
0.
#25722000
b1100 X
b1100 ,
1.
#25740000
0.
#25758000
b1101 ,
b1101 X
1.
#25776000
0.
#25794000
19
b1110 X
b1110 ,
1.
#25812000
0.
#25830000
09
1-
b0 ,
b0 X
b1111 S
1.
#25848000
0.
#25866000
b1 X
0-
b1 ,
1.
#25884000
0.
#25902000
b10 ,
b10 X
1.
#25920000
0.
#25938000
b11 X
b11 ,
1.
#25956000
0.
#25974000
b100 ,
b100 X
1.
#25992000
0.
#26010000
b101 X
b101 ,
1.
#26028000
0.
#26046000
b110 ,
b110 X
1.
#26064000
0.
#26082000
b111 X
b111 ,
1.
#26100000
0.
#26118000
b1000 ,
b1000 X
1.
#26136000
0.
#26154000
b1001 X
b1001 ,
1.
#26172000
0.
#26190000
b1010 ,
b1010 X
1.
#26208000
0.
#26226000
b1011 X
b1011 ,
1.
#26244000
0.
#26262000
b1100 ,
b1100 X
1.
#26280000
0.
#26298000
b1101 X
b1101 ,
1.
#26316000
0.
#26334000
19
b1110 ,
b1110 X
1.
#26352000
0.
#26370000
09
b10 [
0Y
b10 Q
b0 S
b0 X
1-
b0 ,
1.
#26388000
0.
#26406000
0-
b1 ,
b1 X
1!
1.
#26424000
0.
#26442000
b10 X
b10 ,
1.
#26460000
0.
#26478000
b11 ,
b11 X
1.
#26496000
0.
#26514000
b100 X
b100 ,
1.
#26532000
0.
#26550000
b101 ,
b101 X
1.
#26568000
0.
#26586000
b110 X
b110 ,
1.
#26604000
0.
#26622000
b111 ,
b111 X
1.
#26640000
0.
#26658000
b1000 X
b1000 ,
1.
#26676000
0.
#26694000
b1001 ,
b1001 X
1.
#26712000
0.
#26730000
b1010 X
b1010 ,
1.
#26748000
0.
#26766000
b1011 ,
b1011 X
1.
#26784000
0.
#26802000
b1100 X
b1100 ,
1.
#26820000
0.
#26838000
b1101 ,
b1101 X
1.
#26856000
0.
#26874000
19
b1110 X
b1110 ,
1.
#26892000
0.
#26910000
09
1-
b0 ,
b0 X
b1 S
1.
#26928000
0.
#26946000
b1 X
0-
b1 ,
1.
#26964000
0.
#26982000
b10 ,
b10 X
1.
#27000000
0.
#27018000
b11 X
b11 ,
1.
#27036000
0.
#27054000
b100 ,
b100 X
1.
#27072000
0.
#27090000
b101 X
b101 ,
1.
#27108000
0.
#27126000
b110 ,
b110 X
1.
#27144000
0.
#27162000
b111 X
b111 ,
1.
#27180000
0.
#27198000
b1000 ,
b1000 X
1.
#27216000
0.
#27234000
b1001 X
b1001 ,
1.
#27252000
0.
#27270000
b1010 ,
b1010 X
1.
#27288000
0.
#27306000
b1011 X
b1011 ,
1.
#27324000
0.
#27342000
b1100 ,
b1100 X
1.
#27360000
0.
#27378000
b1101 X
b1101 ,
1.
#27396000
0.
#27414000
19
b1110 ,
b1110 X
1.
#27432000
0.
#27450000
09
b10 S
b0 X
1-
b0 ,
1.
#27468000
0.
#27486000
0-
b1 ,
b1 X
1.
#27504000
0.
#27522000
b10 X
b10 ,
1.
#27540000
0.
#27558000
b11 ,
b11 X
1.
#27576000
0.
#27594000
b100 X
b100 ,
1.
#27612000
0.
#27630000
b101 ,
b101 X
1.
#27648000
0.
#27666000
b110 X
b110 ,
1.
#27684000
0.
#27702000
b111 ,
b111 X
1.
#27720000
0.
#27738000
b1000 X
b1000 ,
1.
#27756000
0.
#27774000
b1001 ,
b1001 X
1.
#27792000
0.
#27810000
b1010 X
b1010 ,
1.
#27828000
0.
#27846000
b1011 ,
b1011 X
1.
#27864000
0.
#27882000
b1100 X
b1100 ,
1.
#27900000
0.
#27918000
b1101 ,
b1101 X
1.
#27936000
0.
#27954000
19
b1110 X
b1110 ,
1.
#27972000
0.
#27990000
09
1-
b0 ,
b0 X
b11 S
1.
#28008000
0.
#28026000
b1 X
0-
b1 ,
1.
#28044000
0.
#28062000
b10 ,
b10 X
1.
#28080000
0.
#28098000
b11 X
b11 ,
1.
#28116000
0.
#28134000
b100 ,
b100 X
1.
#28152000
0.
#28170000
b101 X
b101 ,
1.
#28188000
0.
#28206000
b110 ,
b110 X
1.
#28224000
0.
#28242000
b111 X
b111 ,
1.
#28260000
0.
#28278000
b1000 ,
b1000 X
1.
#28296000
0.
#28314000
b1001 X
b1001 ,
1.
#28332000
0.
#28350000
b1010 ,
b1010 X
1.
#28368000
0.
#28386000
b1011 X
b1011 ,
1.
#28404000
0.
#28422000
b1100 ,
b1100 X
1.
#28440000
0.
#28458000
b1101 X
b1101 ,
1.
#28476000
0.
#28494000
19
b1110 ,
b1110 X
1.
#28512000
0.
#28530000
09
b100 S
b0 X
1-
b0 ,
1.
#28548000
0.
#28566000
0-
b1 ,
b1 X
1.
#28584000
0.
#28602000
b10 X
b10 ,
1.
#28620000
0.
#28638000
b11 ,
b11 X
1.
#28656000
0.
#28674000
b100 X
b100 ,
1.
#28692000
0.
#28710000
b101 ,
b101 X
1.
#28728000
0.
#28746000
b110 X
b110 ,
1.
#28764000
0.
#28782000
b111 ,
b111 X
1.
#28800000
0.
#28818000
b1000 X
b1000 ,
1.
#28836000
0.
#28854000
b1001 ,
b1001 X
1.
#28872000
0.
#28890000
b1010 X
b1010 ,
1.
#28908000
0.
#28926000
b1011 ,
b1011 X
1.
#28944000
0.
#28962000
b1100 X
b1100 ,
1.
#28980000
0.
#28998000
b1101 ,
b1101 X
1.
#29016000
0.
#29034000
19
b1110 X
b1110 ,
1.
#29052000
0.
#29070000
09
1-
b0 ,
b0 X
b101 S
1.
#29088000
0.
#29106000
b1 X
0-
b1 ,
1.
#29124000
0.
#29142000
b10 ,
b10 X
1.
#29160000
0.
#29178000
b11 X
b11 ,
1.
#29196000
0.
#29214000
b100 ,
b100 X
1.
#29232000
0.
#29250000
b101 X
b101 ,
1.
#29268000
0.
#29286000
b110 ,
b110 X
1.
#29304000
0.
#29322000
b111 X
b111 ,
1.
#29340000
0.
#29358000
b1000 ,
b1000 X
1.
#29376000
0.
#29394000
b1001 X
b1001 ,
1.
#29412000
0.
#29430000
b1010 ,
b1010 X
1.
#29448000
0.
#29466000
b1011 X
b1011 ,
1.
#29484000
0.
#29502000
b1100 ,
b1100 X
1.
#29520000
0.
#29538000
b1101 X
b1101 ,
1.
#29556000
0.
#29574000
19
b1110 ,
b1110 X
1.
#29592000
0.
#29610000
09
b110 S
b0 X
1-
b0 ,
1.
#29628000
0.
#29646000
0-
b1 ,
b1 X
1.
#29664000
0.
#29682000
b10 X
b10 ,
1.
#29700000
0.
#29718000
b11 ,
b11 X
1.
#29736000
0.
#29754000
b100 X
b100 ,
1.
#29772000
0.
#29790000
b101 ,
b101 X
1.
#29808000
0.
#29826000
b110 X
b110 ,
1.
#29844000
0.
#29862000
b111 ,
b111 X
1.
#29880000
0.
#29898000
b1000 X
b1000 ,
1.
#29916000
0.
#29934000
b1001 ,
b1001 X
1.
#29952000
0.
#29970000
b1010 X
b1010 ,
1.
#29988000
0.
#30006000
b1011 ,
b1011 X
1.
#30024000
0.
#30042000
b1100 X
b1100 ,
1.
#30060000
0.
#30078000
b1101 ,
b1101 X
1.
#30096000
0.
#30114000
19
b1110 X
b1110 ,
1.
#30132000
0.
#30150000
09
1-
b0 ,
b0 X
b111 S
1.
#30168000
0.
#30186000
b1 X
0-
b1 ,
1.
#30204000
0.
#30222000
b10 ,
b10 X
1.
#30240000
0.
#30258000
b11 X
b11 ,
1.
#30276000
0.
#30294000
b100 ,
b100 X
1.
#30312000
0.
#30330000
b101 X
b101 ,
1.
#30348000
0.
#30366000
b110 ,
b110 X
1.
#30384000
0.
#30402000
b111 X
b111 ,
1.
#30420000
0.
#30438000
b1000 ,
b1000 X
1.
#30456000
0.
#30474000
b1001 X
b1001 ,
1.
#30492000
0.
#30510000
b1010 ,
b1010 X
1.
#30528000
0.
#30546000
b1011 X
b1011 ,
1.
#30564000
0.
#30582000
b1100 ,
b1100 X
1.
#30600000
0.
#30618000
b1101 X
b1101 ,
1.
#30636000
0.
#30654000
19
b1110 ,
b1110 X
1.
#30672000
0.
#30690000
09
b1000 S
b0 X
1-
b0 ,
1.
#30708000
0.
#30726000
0-
b1 ,
b1 X
1.
#30744000
0.
#30762000
b10 X
b10 ,
1.
#30780000
0.
#30798000
b11 ,
b11 X
1.
#30816000
0.
#30834000
b100 X
b100 ,
1.
#30852000
0.
#30870000
b101 ,
b101 X
1.
#30888000
0.
#30906000
b110 X
b110 ,
1.
#30924000
0.
#30942000
b111 ,
b111 X
1.
#30960000
0.
#30978000
b1000 X
b1000 ,
1.
#30996000
0.
#31014000
b1001 ,
b1001 X
1.
#31032000
0.
#31050000
b1010 X
b1010 ,
1.
#31068000
0.
#31086000
b1011 ,
b1011 X
1.
#31104000
0.
#31122000
b1100 X
b1100 ,
1.
#31140000
0.
#31158000
b1101 ,
b1101 X
1.
#31176000
0.
#31194000
19
b1110 X
b1110 ,
1.
#31212000
0.
#31230000
09
1-
b0 ,
b0 X
b1001 S
1.
#31248000
0.
#31266000
b1 X
0-
b1 ,
1.
#31284000
0.
#31302000
b10 ,
b10 X
1.
#31320000
0.
#31338000
b11 X
b11 ,
1.
#31356000
0.
#31374000
b100 ,
b100 X
1.
#31392000
0.
#31410000
b101 X
b101 ,
1.
#31428000
0.
#31446000
b110 ,
b110 X
1.
#31464000
0.
#31482000
b111 X
b111 ,
1.
#31500000
0.
#31518000
b1000 ,
b1000 X
1.
#31536000
0.
#31554000
b1001 X
b1001 ,
1.
#31572000
0.
#31590000
b1010 ,
b1010 X
1.
#31608000
0.
#31626000
b1011 X
b1011 ,
1.
#31644000
0.
#31662000
b1100 ,
b1100 X
1.
#31680000
0.
#31698000
b1101 X
b1101 ,
1.
#31716000
0.
#31734000
19
b1110 ,
b1110 X
1.
#31752000
0.
#31770000
09
b1010 S
b0 X
1-
b0 ,
1.
#31788000
0.
#31806000
0-
b1 ,
b1 X
1.
#31824000
0.
#31842000
b10 X
b10 ,
1.
#31860000
0.
#31878000
b11 ,
b11 X
1.
#31896000
0.
#31914000
b100 X
b100 ,
1.
#31932000
0.
#31950000
b101 ,
b101 X
1.
#31968000
0.
#31986000
b110 X
b110 ,
1.
#32004000
0.
#32022000
b111 ,
b111 X
1.
#32040000
0.
#32058000
b1000 X
b1000 ,
1.
#32076000
0.
#32094000
b1001 ,
b1001 X
1.
#32112000
0.
#32130000
b1010 X
b1010 ,
1.
#32148000
0.
#32166000
b1011 ,
b1011 X
1.
#32184000
0.
#32202000
b1100 X
b1100 ,
1.
#32220000
0.
#32238000
b1101 ,
b1101 X
1.
#32256000
0.
#32274000
19
b1110 X
b1110 ,
1.
#32292000
0.
#32310000
09
1-
b0 ,
b0 X
b1011 S
1.
#32328000
0.
#32346000
b1 X
0-
b1 ,
1.
#32364000
0.
#32382000
b10 ,
b10 X
1.
#32400000
0.
#32418000
b11 X
b11 ,
1.
#32436000
0.
#32454000
b100 ,
b100 X
1.
#32472000
0.
#32490000
b101 X
b101 ,
1.
#32508000
0.
#32526000
b110 ,
b110 X
1.
#32544000
0.
#32562000
b111 X
b111 ,
1.
#32580000
0.
#32598000
b1000 ,
b1000 X
1.
#32616000
0.
#32634000
b1001 X
b1001 ,
1.
#32652000
0.
#32670000
b1010 ,
b1010 X
1.
#32688000
0.
#32706000
b1011 X
b1011 ,
1.
#32724000
0.
#32742000
b1100 ,
b1100 X
1.
#32760000
0.
#32778000
b1101 X
b1101 ,
1.
#32796000
0.
#32814000
19
b1110 ,
b1110 X
1.
#32832000
0.
#32850000
09
b1100 S
b0 X
1-
b0 ,
1.
#32868000
0.
#32886000
0-
b1 ,
b1 X
1.
#32904000
0.
#32922000
b10 X
b10 ,
1.
#32940000
0.
#32958000
b11 ,
b11 X
1.
#32976000
0.
#32994000
b100 X
b100 ,
1.
#33012000
0.
#33030000
b101 ,
b101 X
1.
#33048000
0.
#33066000
b110 X
b110 ,
1.
#33084000
0.
#33102000
b111 ,
b111 X
1.
#33120000
0.
#33138000
b1000 X
b1000 ,
1.
#33156000
0.
#33174000
b1001 ,
b1001 X
1.
#33192000
0.
#33210000
b1010 X
b1010 ,
1.
#33228000
0.
#33246000
b1011 ,
b1011 X
1.
#33264000
0.
#33282000
b1100 X
b1100 ,
1.
#33300000
0.
#33318000
b1101 ,
b1101 X
1.
#33336000
0.
#33354000
19
b1110 X
b1110 ,
1.
#33372000
0.
#33390000
09
1-
b0 ,
b0 X
b1101 S
1.
#33408000
0.
#33426000
b1 X
0-
b1 ,
1.
#33444000
0.
#33462000
b10 ,
b10 X
1.
#33480000
0.
#33498000
b11 X
b11 ,
1.
#33516000
0.
#33534000
b100 ,
b100 X
1.
#33552000
0.
#33570000
b101 X
b101 ,
1.
#33588000
0.
#33606000
b110 ,
b110 X
1.
#33624000
0.
#33642000
b111 X
b111 ,
1.
#33660000
0.
#33678000
b1000 ,
b1000 X
1.
#33696000
0.
#33714000
b1001 X
b1001 ,
1.
#33732000
0.
#33750000
b1010 ,
b1010 X
1.
#33768000
0.
#33786000
b1011 X
b1011 ,
1.
#33804000
0.
#33822000
b1100 ,
b1100 X
1.
#33840000
0.
#33858000
b1101 X
b1101 ,
1.
#33876000
0.
#33894000
19
b1110 ,
b1110 X
1.
#33912000
0.
#33930000
09
b1110 S
b0 X
1-
b0 ,
1.
#33948000
0.
#33966000
0-
b1 ,
b1 X
1.
#33984000
0.
#34002000
b10 X
b10 ,
1.
#34020000
0.
#34038000
b11 ,
b11 X
1.
#34056000
0.
#34074000
b100 X
b100 ,
1.
#34092000
0.
#34110000
b101 ,
b101 X
1.
#34128000
0.
#34146000
b110 X
b110 ,
1.
#34164000
0.
#34182000
b111 ,
b111 X
1.
#34200000
0.
#34218000
b1000 X
b1000 ,
1.
#34236000
0.
#34254000
b1001 ,
b1001 X
1.
#34272000
0.
#34290000
b1010 X
b1010 ,
1.
#34308000
0.
#34326000
b1011 ,
b1011 X
1.
#34344000
0.
#34362000
b1100 X
b1100 ,
1.
#34380000
0.
#34398000
b1101 ,
b1101 X
1.
#34416000
0.
#34434000
19
b1110 X
b1110 ,
1.
#34452000
0.
#34470000
09
1-
b0 ,
b0 X
b1111 S
1.
#34488000
0.
#34506000
b1 X
0-
b1 ,
1.
#34524000
0.
#34542000
b10 ,
b10 X
1.
#34560000
0.
#34578000
b11 X
b11 ,
1.
#34596000
0.
#34614000
b100 ,
b100 X
1.
#34632000
0.
#34650000
b101 X
b101 ,
1.
#34668000
0.
#34686000
b110 ,
b110 X
1.
#34704000
0.
#34722000
b111 X
b111 ,
1.
#34740000
0.
#34758000
b1000 ,
b1000 X
1.
#34776000
0.
#34794000
b1001 X
b1001 ,
1.
#34812000
0.
#34830000
b1010 ,
b1010 X
1.
#34848000
0.
#34866000
b1011 X
b1011 ,
1.
#34884000
0.
#34902000
b1100 ,
b1100 X
1.
#34920000
0.
#34938000
b1101 X
b1101 ,
1.
#34956000
0.
#34974000
19
b1110 ,
b1110 X
1.
#34992000
0.
#35010000
09
b11 [
1Y
b11 Q
b0 S
b0 X
1-
b0 ,
1.
#35028000
0.
#35046000
0-
b1 ,
b1 X
0!
1.
#35064000
0.
#35082000
b10 X
b10 ,
1.
#35100000
0.
#35118000
b11 ,
b11 X
1.
#35136000
0.
#35154000
b100 X
b100 ,
1.
#35172000
0.
#35190000
b101 ,
b101 X
1.
#35208000
0.
#35226000
b110 X
b110 ,
1.
#35244000
0.
#35262000
b111 ,
b111 X
1.
#35280000
0.
#35298000
b1000 X
b1000 ,
1.
#35316000
0.
#35334000
b1001 ,
b1001 X
1.
#35352000
0.
#35370000
b1010 X
b1010 ,
1.
#35388000
0.
#35406000
b1011 ,
b1011 X
1.
#35424000
0.
#35442000
b1100 X
b1100 ,
1.
#35460000
0.
#35478000
b1101 ,
b1101 X
1.
#35496000
0.
#35514000
19
b1110 X
b1110 ,
1.
#35532000
0.
#35550000
09
1-
b0 ,
b0 X
b1 S
1.
#35568000
0.
#35586000
b1 X
0-
b1 ,
1.
#35604000
0.
#35622000
b10 ,
b10 X
1.
#35640000
0.
#35658000
b11 X
b11 ,
1.
#35676000
0.
#35694000
b100 ,
b100 X
1.
#35712000
0.
#35730000
b101 X
b101 ,
1.
#35748000
0.
#35766000
b110 ,
b110 X
1.
#35784000
0.
#35802000
b111 X
b111 ,
1.
#35820000
0.
#35838000
b1000 ,
b1000 X
1.
#35856000
0.
#35874000
b1001 X
b1001 ,
1.
#35892000
0.
#35910000
b1010 ,
b1010 X
1.
#35928000
0.
#35946000
b1011 X
b1011 ,
1.
#35964000
0.
#35982000
b1100 ,
b1100 X
1.
#36000000
0.
#36018000
b1101 X
b1101 ,
1.
#36036000
0.
#36054000
19
b1110 ,
b1110 X
1.
#36072000
0.
#36090000
09
b10 S
b0 X
1-
b0 ,
1.
#36108000
0.
#36126000
0-
b1 ,
b1 X
1.
#36144000
0.
#36162000
b10 X
b10 ,
1.
#36180000
0.
#36198000
b11 ,
b11 X
1.
#36216000
0.
#36234000
b100 X
b100 ,
1.
#36252000
0.
#36270000
b101 ,
b101 X
1.
#36288000
0.
#36306000
b110 X
b110 ,
1.
#36324000
0.
#36342000
b111 ,
b111 X
1.
#36360000
0.
#36378000
b1000 X
b1000 ,
1.
#36396000
0.
#36414000
b1001 ,
b1001 X
1.
#36432000
0.
#36450000
b1010 X
b1010 ,
1.
#36468000
0.
#36486000
b1011 ,
b1011 X
1.
#36504000
0.
#36522000
b1100 X
b1100 ,
1.
#36540000
0.
#36558000
b1101 ,
b1101 X
1.
#36576000
0.
#36594000
19
b1110 X
b1110 ,
1.
#36612000
0.
#36630000
09
1-
b0 ,
b0 X
b11 S
1.
#36648000
0.
#36666000
b1 X
0-
b1 ,
1.
#36684000
0.
#36702000
b10 ,
b10 X
1.
#36720000
0.
#36738000
b11 X
b11 ,
1.
#36756000
0.
#36774000
b100 ,
b100 X
1.
#36792000
0.
#36810000
b101 X
b101 ,
1.
#36828000
0.
#36846000
b110 ,
b110 X
1.
#36864000
0.
#36882000
b111 X
b111 ,
1.
#36900000
0.
#36918000
b1000 ,
b1000 X
1.
#36936000
0.
#36954000
b1001 X
b1001 ,
1.
#36972000
0.
#36990000
b1010 ,
b1010 X
1.
#37008000
0.
#37026000
b1011 X
b1011 ,
1.
#37044000
0.
#37062000
b1100 ,
b1100 X
1.
#37080000
0.
#37098000
b1101 X
b1101 ,
1.
#37116000
0.
#37134000
19
b1110 ,
b1110 X
1.
#37152000
0.
#37170000
09
b100 S
b0 X
1-
b0 ,
1.
#37188000
0.
#37206000
0-
b1 ,
b1 X
1.
#37224000
0.
#37242000
b10 X
b10 ,
1.
#37260000
0.
#37278000
b11 ,
b11 X
1.
#37296000
0.
#37314000
b100 X
b100 ,
1.
#37332000
0.
#37350000
b101 ,
b101 X
1.
#37368000
0.
#37386000
b110 X
b110 ,
1.
#37404000
0.
#37422000
b111 ,
b111 X
1.
#37440000
0.
#37458000
b1000 X
b1000 ,
1.
#37476000
0.
#37494000
b1001 ,
b1001 X
1.
#37512000
0.
#37530000
b1010 X
b1010 ,
1.
#37548000
0.
#37566000
b1011 ,
b1011 X
1.
#37584000
0.
#37602000
b1100 X
b1100 ,
1.
#37620000
0.
#37638000
b1101 ,
b1101 X
1.
#37656000
0.
#37674000
19
b1110 X
b1110 ,
1.
#37692000
0.
#37710000
09
1-
b0 ,
b0 X
b101 S
1.
#37728000
0.
#37746000
b1 X
0-
b1 ,
1.
#37764000
0.
#37782000
b10 ,
b10 X
1.
#37800000
0.
#37818000
b11 X
b11 ,
1.
#37836000
0.
#37854000
b100 ,
b100 X
1.
#37872000
0.
#37890000
b101 X
b101 ,
1.
#37908000
0.
#37926000
b110 ,
b110 X
1.
#37944000
0.
#37962000
b111 X
b111 ,
1.
#37980000
0.
#37998000
b1000 ,
b1000 X
1.
#38016000
0.
#38034000
b1001 X
b1001 ,
1.
#38052000
0.
#38070000
b1010 ,
b1010 X
1.
#38088000
0.
#38106000
b1011 X
b1011 ,
1.
#38124000
0.
#38142000
b1100 ,
b1100 X
1.
#38160000
0.
#38178000
b1101 X
b1101 ,
1.
#38196000
0.
#38214000
19
b1110 ,
b1110 X
1.
#38232000
0.
#38250000
09
b110 S
b0 X
1-
b0 ,
1.
#38268000
0.
#38286000
0-
b1 ,
b1 X
1.
#38304000
0.
#38322000
b10 X
b10 ,
1.
#38340000
0.
#38358000
b11 ,
b11 X
1.
#38376000
0.
#38394000
b100 X
b100 ,
1.
#38412000
0.
#38430000
b101 ,
b101 X
1.
#38448000
0.
#38466000
b110 X
b110 ,
1.
#38484000
0.
#38502000
b111 ,
b111 X
1.
#38520000
0.
#38538000
b1000 X
b1000 ,
1.
#38556000
0.
#38574000
b1001 ,
b1001 X
1.
#38592000
0.
#38610000
b1010 X
b1010 ,
1.
#38628000
0.
#38646000
b1011 ,
b1011 X
1.
#38664000
0.
#38682000
b1100 X
b1100 ,
1.
#38700000
0.
#38718000
b1101 ,
b1101 X
1.
#38736000
0.
#38754000
19
b1110 X
b1110 ,
1.
#38772000
0.
#38790000
09
1-
b0 ,
b0 X
b111 S
1.
#38808000
0.
#38826000
b1 X
0-
b1 ,
1.
#38844000
0.
#38862000
b10 ,
b10 X
1.
#38880000
0.
#38898000
b11 X
b11 ,
1.
#38916000
0.
#38934000
b100 ,
b100 X
1.
#38952000
0.
#38970000
b101 X
b101 ,
1.
#38988000
0.
#39006000
b110 ,
b110 X
1.
#39024000
0.
#39042000
b111 X
b111 ,
1.
#39060000
0.
#39078000
b1000 ,
b1000 X
1.
#39096000
0.
#39114000
b1001 X
b1001 ,
1.
#39132000
0.
#39150000
b1010 ,
b1010 X
1.
#39168000
0.
#39186000
b1011 X
b1011 ,
1.
#39204000
0.
#39222000
b1100 ,
b1100 X
1.
#39240000
0.
#39258000
b1101 X
b1101 ,
1.
#39276000
0.
#39294000
19
b1110 ,
b1110 X
1.
#39312000
0.
#39330000
09
b1000 S
b0 X
1-
b0 ,
1.
#39348000
0.
#39366000
0-
b1 ,
b1 X
1.
#39384000
0.
#39402000
b10 X
b10 ,
1.
#39420000
0.
#39438000
b11 ,
b11 X
1.
#39456000
0.
#39474000
b100 X
b100 ,
1.
#39492000
0.
#39510000
b101 ,
b101 X
1.
#39528000
0.
#39546000
b110 X
b110 ,
1.
#39564000
0.
#39582000
b111 ,
b111 X
1.
#39600000
0.
#39618000
b1000 X
b1000 ,
1.
#39636000
0.
#39654000
b1001 ,
b1001 X
1.
#39672000
0.
#39690000
b1010 X
b1010 ,
1.
#39708000
0.
#39726000
b1011 ,
b1011 X
1.
#39744000
0.
#39762000
b1100 X
b1100 ,
1.
#39780000
0.
#39798000
b1101 ,
b1101 X
1.
#39816000
0.
#39834000
19
b1110 X
b1110 ,
1.
#39852000
0.
#39870000
09
1-
b0 ,
b0 X
b1001 S
1.
#39888000
0.
#39906000
b1 X
0-
b1 ,
1.
#39924000
0.
#39942000
b10 ,
b10 X
1.
#39960000
0.
#39978000
b11 X
b11 ,
1.
#39996000
0.
#40014000
b100 ,
b100 X
1.
#40032000
0.
#40050000
b101 X
b101 ,
1.
#40068000
0.
#40086000
b110 ,
b110 X
1.
#40104000
0.
#40122000
b111 X
b111 ,
1.
#40140000
0.
#40158000
b1000 ,
b1000 X
1.
#40176000
0.
#40194000
b1001 X
b1001 ,
1.
#40212000
0.
#40230000
b1010 ,
b1010 X
1.
#40248000
0.
#40266000
b1011 X
b1011 ,
1.
#40284000
0.
#40302000
b1100 ,
b1100 X
1.
#40320000
0.
#40338000
b1101 X
b1101 ,
1.
#40356000
0.
#40374000
19
b1110 ,
b1110 X
1.
#40392000
0.
#40410000
09
b1010 S
b0 X
1-
b0 ,
1.
#40428000
0.
#40446000
0-
b1 ,
b1 X
1.
#40464000
0.
#40482000
b10 X
b10 ,
1.
#40500000
0.
#40518000
b11 ,
b11 X
1.
#40536000
0.
#40554000
b100 X
b100 ,
1.
#40572000
0.
#40590000
b101 ,
b101 X
1.
#40608000
0.
#40626000
b110 X
b110 ,
1.
#40644000
0.
#40662000
b111 ,
b111 X
1.
#40680000
0.
#40698000
b1000 X
b1000 ,
1.
#40716000
0.
#40734000
b1001 ,
b1001 X
1.
#40752000
0.
#40770000
b1010 X
b1010 ,
1.
#40788000
0.
#40806000
b1011 ,
b1011 X
1.
#40824000
0.
#40842000
b1100 X
b1100 ,
1.
#40860000
0.
#40878000
b1101 ,
b1101 X
1.
#40896000
0.
#40914000
19
b1110 X
b1110 ,
1.
#40932000
0.
#40950000
09
1-
b0 ,
b0 X
b1011 S
1.
#40968000
0.
#40986000
b1 X
0-
b1 ,
1.
#41004000
0.
#41022000
b10 ,
b10 X
1.
#41040000
0.
#41058000
b11 X
b11 ,
1.
#41076000
0.
#41094000
b100 ,
b100 X
1.
#41112000
0.
#41130000
b101 X
b101 ,
1.
#41148000
0.
#41166000
b110 ,
b110 X
1.
#41184000
0.
#41202000
b111 X
b111 ,
1.
#41220000
0.
#41238000
b1000 ,
b1000 X
1.
#41256000
0.
#41274000
b1001 X
b1001 ,
1.
#41292000
0.
#41310000
b1010 ,
b1010 X
1.
#41328000
0.
#41346000
b1011 X
b1011 ,
1.
#41364000
0.
#41382000
b1100 ,
b1100 X
1.
#41400000
0.
#41418000
b1101 X
b1101 ,
1.
#41436000
0.
#41454000
19
b1110 ,
b1110 X
1.
#41472000
0.
#41490000
09
b1100 S
b0 X
1-
b0 ,
1.
#41508000
0.
#41526000
0-
b1 ,
b1 X
1.
#41544000
0.
#41562000
b10 X
b10 ,
1.
#41580000
0.
#41598000
b11 ,
b11 X
1.
#41616000
0.
#41634000
b100 X
b100 ,
1.
#41652000
0.
#41670000
b101 ,
b101 X
1.
#41688000
0.
#41706000
b110 X
b110 ,
1.
#41724000
0.
#41742000
b111 ,
b111 X
1.
#41760000
0.
#41778000
b1000 X
b1000 ,
1.
#41796000
0.
#41814000
b1001 ,
b1001 X
1.
#41832000
0.
#41850000
b1010 X
b1010 ,
1.
#41868000
0.
#41886000
b1011 ,
b1011 X
1.
#41904000
0.
#41922000
b1100 X
b1100 ,
1.
#41940000
0.
#41958000
b1101 ,
b1101 X
1.
#41976000
0.
#41994000
19
b1110 X
b1110 ,
1.
#42012000
0.
#42030000
09
1-
b0 ,
b0 X
b1101 S
1.
#42048000
0.
#42066000
b1 X
0-
b1 ,
1.
#42084000
0.
#42102000
b10 ,
b10 X
1.
#42120000
0.
#42138000
b11 X
b11 ,
1.
#42156000
0.
#42174000
b100 ,
b100 X
1.
#42192000
0.
#42210000
b101 X
b101 ,
1.
#42228000
0.
#42246000
b110 ,
b110 X
1.
#42264000
0.
#42282000
b111 X
b111 ,
1.
#42300000
0.
#42318000
b1000 ,
b1000 X
1.
#42336000
0.
#42354000
b1001 X
b1001 ,
1.
#42372000
0.
#42390000
b1010 ,
b1010 X
1.
#42408000
0.
#42426000
b1011 X
b1011 ,
1.
#42444000
0.
#42462000
b1100 ,
b1100 X
1.
#42480000
0.
#42498000
b1101 X
b1101 ,
1.
#42516000
0.
#42534000
19
b1110 ,
b1110 X
1.
#42552000
0.
#42570000
09
b1110 S
b0 X
1-
b0 ,
1.
#42588000
0.
#42606000
0-
b1 ,
b1 X
1.
#42624000
0.
#42642000
b10 X
b10 ,
1.
#42660000
0.
#42678000
b11 ,
b11 X
1.
#42696000
0.
#42714000
b100 X
b100 ,
1.
#42732000
0.
#42750000
b101 ,
b101 X
1.
#42768000
0.
#42786000
b110 X
b110 ,
1.
#42804000
0.
#42822000
b111 ,
b111 X
1.
#42840000
0.
#42858000
b1000 X
b1000 ,
1.
#42876000
0.
#42894000
b1001 ,
b1001 X
1.
#42912000
0.
#42930000
b1010 X
b1010 ,
1.
#42948000
0.
#42966000
b1011 ,
b1011 X
1.
#42984000
0.
#43002000
b1100 X
b1100 ,
1.
#43020000
0.
#43038000
b1101 ,
b1101 X
1.
#43056000
0.
#43074000
19
b1110 X
b1110 ,
1.
#43092000
0.
#43110000
09
1-
b0 ,
b0 X
b1111 S
1.
#43128000
0.
#43146000
b1 X
0-
b1 ,
1.
#43164000
0.
#43182000
b10 ,
b10 X
1.
#43200000
0.
#43218000
b11 X
b11 ,
1.
#43236000
0.
#43254000
b100 ,
b100 X
1.
#43272000
0.
#43290000
b101 X
b101 ,
1.
#43308000
0.
#43326000
b110 ,
b110 X
1.
#43344000
0.
#43362000
b111 X
b111 ,
1.
#43380000
0.
#43398000
b1000 ,
b1000 X
1.
#43416000
0.
#43434000
b1001 X
b1001 ,
1.
#43452000
0.
#43470000
b1010 ,
b1010 X
1.
#43488000
0.
#43506000
b1011 X
b1011 ,
1.
#43524000
0.
#43542000
b1100 ,
b1100 X
1.
#43560000
0.
#43578000
b1101 X
b1101 ,
1.
#43596000
0.
#43614000
19
b1110 ,
b1110 X
1.
#43632000
0.
#43650000
09
b100 [
0Y
b100 Q
b0 S
b0 X
1-
b0 ,
1.
#43668000
0.
#43686000
0-
b1 ,
b1 X
1.
#43704000
0.
#43722000
b10 X
b10 ,
1.
#43740000
0.
#43758000
b11 ,
b11 X
1.
#43776000
0.
#43794000
b100 X
b100 ,
1.
#43812000
0.
#43830000
b101 ,
b101 X
1.
#43848000
0.
#43866000
b110 X
b110 ,
1.
#43884000
0.
#43902000
b111 ,
b111 X
1.
#43920000
0.
#43938000
b1000 X
b1000 ,
1.
#43956000
0.
#43974000
b1001 ,
b1001 X
1.
#43992000
0.
#44010000
b1010 X
b1010 ,
1.
#44028000
0.
#44046000
b1011 ,
b1011 X
1.
#44064000
0.
#44082000
b1100 X
b1100 ,
1.
#44100000
0.
#44118000
b1101 ,
b1101 X
1.
#44136000
0.
#44154000
19
b1110 X
b1110 ,
1.
#44172000
0.
#44190000
09
1-
b0 ,
b0 X
b1 S
1.
#44208000
0.
#44226000
b1 X
0-
b1 ,
1.
#44244000
0.
#44262000
b10 ,
b10 X
1.
#44280000
0.
#44298000
b11 X
b11 ,
1.
#44316000
0.
#44334000
b100 ,
b100 X
1.
#44352000
0.
#44370000
b101 X
b101 ,
1.
#44388000
0.
#44406000
b110 ,
b110 X
1.
#44424000
0.
#44442000
b111 X
b111 ,
1.
#44460000
0.
#44478000
b1000 ,
b1000 X
1.
#44496000
0.
#44514000
b1001 X
b1001 ,
1.
#44532000
0.
#44550000
b1010 ,
b1010 X
1.
#44568000
0.
#44586000
b1011 X
b1011 ,
1.
#44604000
0.
#44622000
b1100 ,
b1100 X
1.
#44640000
0.
#44658000
b1101 X
b1101 ,
1.
#44676000
0.
#44694000
19
b1110 ,
b1110 X
1.
#44712000
0.
#44730000
09
b10 S
b0 X
1-
b0 ,
1.
#44748000
0.
#44766000
0-
b1 ,
b1 X
1.
#44784000
0.
#44802000
b10 X
b10 ,
1.
#44820000
0.
#44838000
b11 ,
b11 X
1.
#44856000
0.
#44874000
b100 X
b100 ,
1.
#44892000
0.
#44910000
b101 ,
b101 X
1.
#44928000
0.
#44946000
b110 X
b110 ,
1.
#44964000
0.
#44982000
b111 ,
b111 X
1.
#45000000
0.
#45018000
b1000 X
b1000 ,
1.
#45036000
0.
#45054000
b1001 ,
b1001 X
1.
#45072000
0.
#45090000
b1010 X
b1010 ,
1.
#45108000
0.
#45126000
b1011 ,
b1011 X
1.
#45144000
0.
#45162000
b1100 X
b1100 ,
1.
#45180000
0.
#45198000
b1101 ,
b1101 X
1.
#45216000
0.
#45234000
19
b1110 X
b1110 ,
1.
#45252000
0.
#45270000
09
1-
b0 ,
b0 X
b11 S
1.
#45288000
0.
#45306000
b1 X
0-
b1 ,
1.
#45324000
0.
#45342000
b10 ,
b10 X
1.
#45360000
0.
#45378000
b11 X
b11 ,
1.
#45396000
0.
#45414000
b100 ,
b100 X
1.
#45432000
0.
#45450000
b101 X
b101 ,
1.
#45468000
0.
#45486000
b110 ,
b110 X
1.
#45504000
0.
#45522000
b111 X
b111 ,
1.
#45540000
0.
#45558000
b1000 ,
b1000 X
1.
#45576000
0.
#45594000
b1001 X
b1001 ,
1.
#45612000
0.
#45630000
b1010 ,
b1010 X
1.
#45648000
0.
#45666000
b1011 X
b1011 ,
1.
#45684000
0.
#45702000
b1100 ,
b1100 X
1.
#45720000
0.
#45738000
b1101 X
b1101 ,
1.
#45756000
0.
#45774000
19
b1110 ,
b1110 X
1.
#45792000
0.
#45810000
09
b100 S
b0 X
1-
b0 ,
1.
#45828000
0.
#45846000
0-
b1 ,
b1 X
1.
#45864000
0.
#45882000
b10 X
b10 ,
1.
#45900000
0.
#45918000
b11 ,
b11 X
1.
#45936000
0.
#45954000
b100 X
b100 ,
1.
#45972000
0.
#45990000
b101 ,
b101 X
1.
#46008000
0.
#46026000
b110 X
b110 ,
1.
#46044000
0.
#46062000
b111 ,
b111 X
1.
#46080000
0.
#46098000
b1000 X
b1000 ,
1.
#46116000
0.
#46134000
b1001 ,
b1001 X
1.
#46152000
0.
#46170000
b1010 X
b1010 ,
1.
#46188000
0.
#46206000
b1011 ,
b1011 X
1.
#46224000
0.
#46242000
b1100 X
b1100 ,
1.
#46260000
0.
#46278000
b1101 ,
b1101 X
1.
#46296000
0.
#46314000
19
b1110 X
b1110 ,
1.
#46332000
0.
#46350000
09
1-
b0 ,
b0 X
b101 S
1.
#46368000
0.
#46386000
b1 X
0-
b1 ,
1.
#46404000
0.
#46422000
b10 ,
b10 X
1.
#46440000
0.
#46458000
b11 X
b11 ,
1.
#46476000
0.
#46494000
b100 ,
b100 X
1.
#46512000
0.
#46530000
b101 X
b101 ,
1.
#46548000
0.
#46566000
b110 ,
b110 X
1.
#46584000
0.
#46602000
b111 X
b111 ,
1.
#46620000
0.
#46638000
b1000 ,
b1000 X
1.
#46656000
0.
#46674000
b1001 X
b1001 ,
1.
#46692000
0.
#46710000
b1010 ,
b1010 X
1.
#46728000
0.
#46746000
b1011 X
b1011 ,
1.
#46764000
0.
#46782000
b1100 ,
b1100 X
1.
#46800000
0.
#46818000
b1101 X
b1101 ,
1.
#46836000
0.
#46854000
19
b1110 ,
b1110 X
1.
#46872000
0.
#46890000
09
b110 S
b0 X
1-
b0 ,
1.
#46908000
0.
#46926000
0-
b1 ,
b1 X
1.
#46944000
0.
#46962000
b10 X
b10 ,
1.
#46980000
0.
#46998000
b11 ,
b11 X
1.
#47016000
0.
#47034000
b100 X
b100 ,
1.
#47052000
0.
#47070000
b101 ,
b101 X
1.
#47088000
0.
#47106000
b110 X
b110 ,
1.
#47124000
0.
#47142000
b111 ,
b111 X
1.
#47160000
0.
#47178000
b1000 X
b1000 ,
1.
#47196000
0.
#47214000
b1001 ,
b1001 X
1.
#47232000
0.
#47250000
b1010 X
b1010 ,
1.
#47268000
0.
#47286000
b1011 ,
b1011 X
1.
#47304000
0.
#47322000
b1100 X
b1100 ,
1.
#47340000
0.
#47358000
b1101 ,
b1101 X
1.
#47376000
0.
#47394000
19
b1110 X
b1110 ,
1.
#47412000
0.
#47430000
09
1-
b0 ,
b0 X
b111 S
1.
#47448000
0.
#47466000
b1 X
0-
b1 ,
1.
#47484000
0.
#47502000
b10 ,
b10 X
1.
#47520000
0.
#47538000
b11 X
b11 ,
1.
#47556000
0.
#47574000
b100 ,
b100 X
1.
#47592000
0.
#47610000
b101 X
b101 ,
1.
#47628000
0.
#47646000
b110 ,
b110 X
1.
#47664000
0.
#47682000
b111 X
b111 ,
1.
#47700000
0.
#47718000
b1000 ,
b1000 X
1.
#47736000
0.
#47754000
b1001 X
b1001 ,
1.
#47772000
0.
#47790000
b1010 ,
b1010 X
1.
#47808000
0.
#47826000
b1011 X
b1011 ,
1.
#47844000
0.
#47862000
b1100 ,
b1100 X
1.
#47880000
0.
#47898000
b1101 X
b1101 ,
1.
#47916000
0.
#47934000
19
b1110 ,
b1110 X
1.
#47952000
0.
#47970000
09
b1000 S
b0 X
1-
b0 ,
1.
#47988000
0.
#48006000
0-
b1 ,
b1 X
1.
#48024000
0.
#48042000
b10 X
b10 ,
1.
#48060000
0.
#48078000
b11 ,
b11 X
1.
#48096000
0.
#48114000
b100 X
b100 ,
1.
#48132000
0.
#48150000
b101 ,
b101 X
1.
#48168000
0.
#48186000
b110 X
b110 ,
1.
#48204000
0.
#48222000
b111 ,
b111 X
1.
#48240000
0.
#48258000
b1000 X
b1000 ,
1.
#48276000
0.
#48294000
b1001 ,
b1001 X
1.
#48312000
0.
#48330000
b1010 X
b1010 ,
1.
#48348000
0.
#48366000
b1011 ,
b1011 X
1.
#48384000
0.
#48402000
b1100 X
b1100 ,
1.
#48420000
0.
#48438000
b1101 ,
b1101 X
1.
#48456000
0.
#48474000
19
b1110 X
b1110 ,
1.
#48492000
0.
#48510000
09
1-
b0 ,
b0 X
b1001 S
1.
#48528000
0.
#48546000
b1 X
0-
b1 ,
1.
#48564000
0.
#48582000
b10 ,
b10 X
1.
#48600000
0.
#48618000
b11 X
b11 ,
1.
#48636000
0.
#48654000
b100 ,
b100 X
1.
#48672000
0.
#48690000
b101 X
b101 ,
1.
#48708000
0.
#48726000
b110 ,
b110 X
1.
#48744000
0.
#48762000
b111 X
b111 ,
1.
#48780000
0.
#48798000
b1000 ,
b1000 X
1.
#48816000
0.
#48834000
b1001 X
b1001 ,
1.
#48852000
0.
#48870000
b1010 ,
b1010 X
1.
#48888000
0.
#48906000
b1011 X
b1011 ,
1.
#48924000
0.
#48942000
b1100 ,
b1100 X
1.
#48960000
0.
#48978000
b1101 X
b1101 ,
1.
#48996000
0.
#49014000
19
b1110 ,
b1110 X
1.
#49032000
0.
#49050000
09
b1010 S
b0 X
1-
b0 ,
1.
#49068000
0.
#49086000
0-
b1 ,
b1 X
1.
#49104000
0.
#49122000
b10 X
b10 ,
1.
#49140000
0.
#49158000
b11 ,
b11 X
1.
#49176000
0.
#49194000
b100 X
b100 ,
1.
#49212000
0.
#49230000
b101 ,
b101 X
1.
#49248000
0.
#49266000
b110 X
b110 ,
1.
#49284000
0.
#49302000
b111 ,
b111 X
1.
#49320000
0.
#49338000
b1000 X
b1000 ,
1.
#49356000
0.
#49374000
b1001 ,
b1001 X
1.
#49392000
0.
#49410000
b1010 X
b1010 ,
1.
#49428000
0.
#49446000
b1011 ,
b1011 X
1.
#49464000
0.
#49482000
b1100 X
b1100 ,
1.
#49500000
0.
#49518000
b1101 ,
b1101 X
1.
#49536000
0.
#49554000
19
b1110 X
b1110 ,
1.
#49572000
0.
#49590000
09
1-
b0 ,
b0 X
b1011 S
1.
#49608000
0.
#49626000
b1 X
0-
b1 ,
1.
#49644000
0.
#49662000
b10 ,
b10 X
1.
#49680000
0.
#49698000
b11 X
b11 ,
1.
#49716000
0.
#49734000
b100 ,
b100 X
1.
#49752000
0.
#49770000
b101 X
b101 ,
1.
#49788000
0.
#49806000
b110 ,
b110 X
1.
#49824000
0.
#49842000
b111 X
b111 ,
1.
#49860000
0.
#49878000
b1000 ,
b1000 X
1.
#49896000
0.
#49914000
b1001 X
b1001 ,
1.
#49932000
0.
#49950000
b1010 ,
b1010 X
1.
#49968000
0.
#49986000
b1011 X
b1011 ,
1.
#50004000
0.
#50022000
b1100 ,
b1100 X
1.
#50040000
0.
#50058000
b1101 X
b1101 ,
1.
#50076000
0.
#50094000
19
b1110 ,
b1110 X
1.
#50112000
0.
#50130000
09
b1100 S
b0 X
1-
b0 ,
1.
#50148000
0.
#50166000
0-
b1 ,
b1 X
1.
#50184000
0.
#50202000
b10 X
b10 ,
1.
#50220000
0.
#50238000
b11 ,
b11 X
1.
#50256000
0.
#50274000
b100 X
b100 ,
1.
#50292000
0.
#50310000
b101 ,
b101 X
1.
#50328000
0.
#50346000
b110 X
b110 ,
1.
#50364000
0.
#50382000
b111 ,
b111 X
1.
#50400000
0.
#50418000
b1000 X
b1000 ,
1.
#50436000
0.
#50454000
b1001 ,
b1001 X
1.
#50472000
0.
#50490000
b1010 X
b1010 ,
1.
#50508000
0.
#50526000
b1011 ,
b1011 X
1.
#50544000
0.
#50562000
b1100 X
b1100 ,
1.
#50580000
0.
#50598000
b1101 ,
b1101 X
1.
#50616000
0.
#50634000
19
b1110 X
b1110 ,
1.
#50652000
0.
#50670000
09
1-
b0 ,
b0 X
b1101 S
1.
#50688000
0.
#50706000
b1 X
0-
b1 ,
1.
#50724000
0.
#50742000
b10 ,
b10 X
1.
#50760000
0.
#50778000
b11 X
b11 ,
1.
#50796000
0.
#50814000
b100 ,
b100 X
1.
#50832000
0.
#50850000
b101 X
b101 ,
1.
#50868000
0.
#50886000
b110 ,
b110 X
1.
#50904000
0.
#50922000
b111 X
b111 ,
1.
#50940000
0.
#50958000
b1000 ,
b1000 X
1.
#50976000
0.
#50994000
b1001 X
b1001 ,
1.
#51012000
0.
#51030000
b1010 ,
b1010 X
1.
#51048000
0.
#51066000
b1011 X
b1011 ,
1.
#51084000
0.
#51102000
b1100 ,
b1100 X
1.
#51120000
0.
#51138000
b1101 X
b1101 ,
1.
#51156000
0.
#51174000
19
b1110 ,
b1110 X
1.
#51192000
0.
#51210000
09
b1110 S
b0 X
1-
b0 ,
1.
#51228000
0.
#51246000
0-
b1 ,
b1 X
1.
#51264000
0.
#51282000
b10 X
b10 ,
1.
#51300000
0.
#51318000
b11 ,
b11 X
1.
#51336000
0.
#51354000
b100 X
b100 ,
1.
#51372000
0.
#51390000
b101 ,
b101 X
1.
#51408000
0.
#51426000
b110 X
b110 ,
1.
#51444000
0.
#51462000
b111 ,
b111 X
1.
#51480000
0.
#51498000
b1000 X
b1000 ,
1.
#51516000
0.
#51534000
b1001 ,
b1001 X
1.
#51552000
0.
#51570000
b1010 X
b1010 ,
1.
#51588000
0.
#51606000
b1011 ,
b1011 X
1.
#51624000
0.
#51642000
b1100 X
b1100 ,
1.
#51660000
0.
#51678000
b1101 ,
b1101 X
1.
#51696000
0.
#51714000
19
b1110 X
b1110 ,
1.
#51732000
0.
#51750000
09
1-
b0 ,
b0 X
b1111 S
1.
#51768000
0.
#51786000
b1 X
0-
b1 ,
1.
#51804000
0.
#51822000
b10 ,
b10 X
1.
#51840000
0.
#51858000
b11 X
b11 ,
1.
#51876000
0.
#51894000
b100 ,
b100 X
1.
#51912000
0.
#51930000
b101 X
b101 ,
1.
#51948000
0.
#51966000
b110 ,
b110 X
1.
#51984000
0.
#52002000
b111 X
b111 ,
1.
#52020000
0.
#52038000
b1000 ,
b1000 X
1.
#52056000
0.
#52074000
b1001 X
b1001 ,
1.
#52092000
0.
#52110000
b1010 ,
b1010 X
1.
#52128000
0.
#52146000
b1011 X
b1011 ,
1.
#52164000
0.
#52182000
b1100 ,
b1100 X
1.
#52200000
0.
#52218000
b1101 X
b1101 ,
1.
#52236000
0.
#52254000
19
b1110 ,
b1110 X
1.
#52272000
0.
#52290000
09
b101 [
b101 Q
b0 S
b0 X
1-
b0 ,
1.
#52308000
0.
#52326000
0-
b1 ,
b1 X
1!
1.
#52344000
0.
#52362000
b10 X
b10 ,
1.
#52380000
0.
#52398000
b11 ,
b11 X
1.
#52416000
0.
#52434000
b100 X
b100 ,
1.
#52452000
0.
#52470000
b101 ,
b101 X
1.
#52488000
0.
#52506000
b110 X
b110 ,
1.
#52524000
0.
#52542000
b111 ,
b111 X
1.
#52560000
0.
#52578000
b1000 X
b1000 ,
1.
#52596000
0.
#52614000
b1001 ,
b1001 X
1.
#52632000
0.
#52650000
b1010 X
b1010 ,
1.
#52668000
0.
#52686000
b1011 ,
b1011 X
1.
#52704000
0.
#52722000
b1100 X
b1100 ,
1.
#52740000
0.
#52758000
b1101 ,
b1101 X
1.
#52776000
0.
#52794000
19
b1110 X
b1110 ,
1.
#52812000
0.
#52830000
09
1-
b0 ,
b0 X
b1 S
1.
#52848000
0.
#52866000
b1 X
0-
b1 ,
1.
#52884000
0.
#52902000
b10 ,
b10 X
1.
#52920000
0.
#52938000
b11 X
b11 ,
1.
#52956000
0.
#52974000
b100 ,
b100 X
1.
#52992000
0.
#53010000
b101 X
b101 ,
1.
#53028000
0.
#53046000
b110 ,
b110 X
1.
#53064000
0.
#53082000
b111 X
b111 ,
1.
#53100000
0.
#53118000
b1000 ,
b1000 X
1.
#53136000
0.
#53154000
b1001 X
b1001 ,
1.
#53172000
0.
#53190000
b1010 ,
b1010 X
1.
#53208000
0.
#53226000
b1011 X
b1011 ,
1.
#53244000
0.
#53262000
b1100 ,
b1100 X
1.
#53280000
0.
#53298000
b1101 X
b1101 ,
1.
#53316000
0.
#53334000
19
b1110 ,
b1110 X
1.
#53352000
0.
#53370000
09
b10 S
b0 X
1-
b0 ,
1.
#53388000
0.
#53406000
0-
b1 ,
b1 X
1.
#53424000
0.
#53442000
b10 X
b10 ,
1.
#53460000
0.
#53478000
b11 ,
b11 X
1.
#53496000
0.
#53514000
b100 X
b100 ,
1.
#53532000
0.
#53550000
b101 ,
b101 X
1.
#53568000
0.
#53586000
b110 X
b110 ,
1.
#53604000
0.
#53622000
b111 ,
b111 X
1.
#53640000
0.
#53658000
b1000 X
b1000 ,
1.
#53676000
0.
#53694000
b1001 ,
b1001 X
1.
#53712000
0.
#53730000
b1010 X
b1010 ,
1.
#53748000
0.
#53766000
b1011 ,
b1011 X
1.
#53784000
0.
#53802000
b1100 X
b1100 ,
1.
#53820000
0.
#53838000
b1101 ,
b1101 X
1.
#53856000
0.
#53874000
19
b1110 X
b1110 ,
1.
#53892000
0.
#53910000
09
1-
b0 ,
b0 X
b11 S
1.
#53928000
0.
#53946000
b1 X
0-
b1 ,
1.
#53964000
0.
#53982000
b10 ,
b10 X
1.
#54000000
0.
#54018000
b11 X
b11 ,
1.
#54036000
0.
#54054000
b100 ,
b100 X
1.
#54072000
0.
#54090000
b101 X
b101 ,
1.
#54108000
0.
#54126000
b110 ,
b110 X
1.
#54144000
0.
#54162000
b111 X
b111 ,
1.
#54180000
0.
#54198000
b1000 ,
b1000 X
1.
#54216000
0.
#54234000
b1001 X
b1001 ,
1.
#54252000
0.
#54270000
b1010 ,
b1010 X
1.
#54288000
0.
#54306000
b1011 X
b1011 ,
1.
#54324000
0.
#54342000
b1100 ,
b1100 X
1.
#54360000
0.
#54378000
b1101 X
b1101 ,
1.
#54396000
0.
#54414000
19
b1110 ,
b1110 X
1.
#54432000
0.
#54450000
09
b100 S
b0 X
1-
b0 ,
1.
#54468000
0.
#54486000
0-
b1 ,
b1 X
1.
#54504000
0.
#54522000
b10 X
b10 ,
1.
#54540000
0.
#54558000
b11 ,
b11 X
1.
#54576000
0.
#54594000
b100 X
b100 ,
1.
#54612000
0.
#54630000
b101 ,
b101 X
1.
#54648000
0.
#54666000
b110 X
b110 ,
1.
#54684000
0.
#54702000
b111 ,
b111 X
1.
#54720000
0.
#54738000
b1000 X
b1000 ,
1.
#54756000
0.
#54774000
b1001 ,
b1001 X
1.
#54792000
0.
#54810000
b1010 X
b1010 ,
1.
#54828000
0.
#54846000
b1011 ,
b1011 X
1.
#54864000
0.
#54882000
b1100 X
b1100 ,
1.
#54900000
0.
#54918000
b1101 ,
b1101 X
1.
#54936000
0.
#54954000
19
b1110 X
b1110 ,
1.
#54972000
0.
#54990000
09
1-
b0 ,
b0 X
b101 S
1.
#55008000
0.
#55026000
b1 X
0-
b1 ,
1.
#55044000
0.
#55062000
b10 ,
b10 X
1.
#55080000
0.
#55098000
b11 X
b11 ,
1.
#55116000
0.
#55134000
b100 ,
b100 X
1.
#55152000
0.
#55170000
b101 X
b101 ,
1.
#55188000
0.
#55206000
b110 ,
b110 X
1.
#55224000
0.
#55242000
b111 X
b111 ,
1.
#55260000
0.
#55278000
b1000 ,
b1000 X
1.
#55296000
0.
#55314000
b1001 X
b1001 ,
1.
#55332000
0.
#55350000
b1010 ,
b1010 X
1.
#55368000
0.
#55386000
b1011 X
b1011 ,
1.
#55404000
0.
#55422000
b1100 ,
b1100 X
1.
#55440000
0.
#55458000
b1101 X
b1101 ,
1.
#55476000
0.
#55494000
19
b1110 ,
b1110 X
1.
#55512000
0.
#55530000
09
b110 S
b0 X
1-
b0 ,
1.
#55548000
0.
#55566000
0-
b1 ,
b1 X
1.
#55584000
0.
#55602000
b10 X
b10 ,
1.
#55620000
0.
#55638000
b11 ,
b11 X
1.
#55656000
0.
#55674000
b100 X
b100 ,
1.
#55692000
0.
#55710000
b101 ,
b101 X
1.
#55728000
0.
#55746000
b110 X
b110 ,
1.
#55764000
0.
#55782000
b111 ,
b111 X
1.
#55800000
0.
#55818000
b1000 X
b1000 ,
1.
#55836000
0.
#55854000
b1001 ,
b1001 X
1.
#55872000
0.
#55890000
b1010 X
b1010 ,
1.
#55908000
0.
#55926000
b1011 ,
b1011 X
1.
#55944000
0.
#55962000
b1100 X
b1100 ,
1.
#55980000
0.
#55998000
b1101 ,
b1101 X
1.
#56016000
0.
#56034000
19
b1110 X
b1110 ,
1.
#56052000
0.
#56070000
09
1-
b0 ,
b0 X
b111 S
1.
#56088000
0.
#56106000
b1 X
0-
b1 ,
1.
#56124000
0.
#56142000
b10 ,
b10 X
1.
#56160000
0.
#56178000
b11 X
b11 ,
1.
#56196000
0.
#56214000
b100 ,
b100 X
1.
#56232000
0.
#56250000
b101 X
b101 ,
1.
#56268000
0.
#56286000
b110 ,
b110 X
1.
#56304000
0.
#56322000
b111 X
b111 ,
1.
#56340000
0.
#56358000
b1000 ,
b1000 X
1.
#56376000
0.
#56394000
b1001 X
b1001 ,
1.
#56412000
0.
#56430000
b1010 ,
b1010 X
1.
#56448000
0.
#56466000
b1011 X
b1011 ,
1.
#56484000
0.
#56502000
b1100 ,
b1100 X
1.
#56520000
0.
#56538000
b1101 X
b1101 ,
1.
#56556000
0.
#56574000
19
b1110 ,
b1110 X
1.
#56592000
0.
#56610000
09
b1000 S
b0 X
1-
b0 ,
1.
#56628000
0.
#56646000
0-
b1 ,
b1 X
1.
#56664000
0.
#56682000
b10 X
b10 ,
1.
#56700000
0.
#56718000
b11 ,
b11 X
1.
#56736000
0.
#56754000
b100 X
b100 ,
1.
#56772000
0.
#56790000
b101 ,
b101 X
1.
#56808000
0.
#56826000
b110 X
b110 ,
1.
#56844000
0.
#56862000
b111 ,
b111 X
1.
#56880000
0.
#56898000
b1000 X
b1000 ,
1.
#56916000
0.
#56934000
b1001 ,
b1001 X
1.
#56952000
0.
#56970000
b1010 X
b1010 ,
1.
#56988000
0.
#57006000
b1011 ,
b1011 X
1.
#57024000
0.
#57042000
b1100 X
b1100 ,
1.
#57060000
0.
#57078000
b1101 ,
b1101 X
1.
#57096000
0.
#57114000
19
b1110 X
b1110 ,
1.
#57132000
0.
#57150000
09
1-
b0 ,
b0 X
b1001 S
1.
#57168000
0.
#57186000
b1 X
0-
b1 ,
1.
#57204000
0.
#57222000
b10 ,
b10 X
1.
#57240000
0.
#57258000
b11 X
b11 ,
1.
#57276000
0.
#57294000
b100 ,
b100 X
1.
#57312000
0.
#57330000
b101 X
b101 ,
1.
#57348000
0.
#57366000
b110 ,
b110 X
1.
#57384000
0.
#57402000
b111 X
b111 ,
1.
#57420000
0.
#57438000
b1000 ,
b1000 X
1.
#57456000
0.
#57474000
b1001 X
b1001 ,
1.
#57492000
0.
#57510000
b1010 ,
b1010 X
1.
#57528000
0.
#57546000
b1011 X
b1011 ,
1.
#57564000
0.
#57582000
b1100 ,
b1100 X
1.
#57600000
0.
#57618000
b1101 X
b1101 ,
1.
#57636000
0.
#57654000
19
b1110 ,
b1110 X
1.
#57672000
0.
#57690000
09
b1010 S
b0 X
1-
b0 ,
1.
#57708000
0.
#57726000
0-
b1 ,
b1 X
1.
#57744000
0.
#57762000
b10 X
b10 ,
1.
#57780000
0.
#57798000
b11 ,
b11 X
1.
#57816000
0.
#57834000
b100 X
b100 ,
1.
#57852000
0.
#57870000
b101 ,
b101 X
1.
#57888000
0.
#57906000
b110 X
b110 ,
1.
#57924000
0.
#57942000
b111 ,
b111 X
1.
#57960000
0.
#57978000
b1000 X
b1000 ,
1.
#57996000
0.
#58014000
b1001 ,
b1001 X
1.
#58032000
0.
#58050000
b1010 X
b1010 ,
1.
#58068000
0.
#58086000
b1011 ,
b1011 X
1.
#58104000
0.
#58122000
b1100 X
b1100 ,
1.
#58140000
0.
#58158000
b1101 ,
b1101 X
1.
#58176000
0.
#58194000
19
b1110 X
b1110 ,
1.
#58212000
0.
#58230000
09
1-
b0 ,
b0 X
b1011 S
1.
#58248000
0.
#58266000
b1 X
0-
b1 ,
1.
#58284000
0.
#58302000
b10 ,
b10 X
1.
#58320000
0.
#58338000
b11 X
b11 ,
1.
#58356000
0.
#58374000
b100 ,
b100 X
1.
#58392000
0.
#58410000
b101 X
b101 ,
1.
#58428000
0.
#58446000
b110 ,
b110 X
1.
#58464000
0.
#58482000
b111 X
b111 ,
1.
#58500000
0.
#58518000
b1000 ,
b1000 X
1.
#58536000
0.
#58554000
b1001 X
b1001 ,
1.
#58572000
0.
#58590000
b1010 ,
b1010 X
1.
#58608000
0.
#58626000
b1011 X
b1011 ,
1.
#58644000
0.
#58662000
b1100 ,
b1100 X
1.
#58680000
0.
#58698000
b1101 X
b1101 ,
1.
#58716000
0.
#58734000
19
b1110 ,
b1110 X
1.
#58752000
0.
#58770000
09
b1100 S
b0 X
1-
b0 ,
1.
#58788000
0.
#58806000
0-
b1 ,
b1 X
1.
#58824000
0.
#58842000
b10 X
b10 ,
1.
#58860000
0.
#58878000
b11 ,
b11 X
1.
#58896000
0.
#58914000
b100 X
b100 ,
1.
#58932000
0.
#58950000
b101 ,
b101 X
1.
#58968000
0.
#58986000
b110 X
b110 ,
1.
#59004000
0.
#59022000
b111 ,
b111 X
1.
#59040000
0.
#59058000
b1000 X
b1000 ,
1.
#59076000
0.
#59094000
b1001 ,
b1001 X
1.
#59112000
0.
#59130000
b1010 X
b1010 ,
1.
#59148000
0.
#59166000
b1011 ,
b1011 X
1.
#59184000
0.
#59202000
b1100 X
b1100 ,
1.
#59220000
0.
#59238000
b1101 ,
b1101 X
1.
#59256000
0.
#59274000
19
b1110 X
b1110 ,
1.
#59292000
0.
#59310000
09
1-
b0 ,
b0 X
b1101 S
1.
#59328000
0.
#59346000
b1 X
0-
b1 ,
1.
#59364000
0.
#59382000
b10 ,
b10 X
1.
#59400000
0.
#59418000
b11 X
b11 ,
1.
#59436000
0.
#59454000
b100 ,
b100 X
1.
#59472000
0.
#59490000
b101 X
b101 ,
1.
#59508000
0.
#59526000
b110 ,
b110 X
1.
#59544000
0.
#59562000
b111 X
b111 ,
1.
#59580000
0.
#59598000
b1000 ,
b1000 X
1.
#59616000
0.
#59634000
b1001 X
b1001 ,
1.
#59652000
0.
#59670000
b1010 ,
b1010 X
1.
#59688000
0.
#59706000
b1011 X
b1011 ,
1.
#59724000
0.
#59742000
b1100 ,
b1100 X
1.
#59760000
0.
#59778000
b1101 X
b1101 ,
1.
#59796000
0.
#59814000
19
b1110 ,
b1110 X
1.
#59832000
0.
#59850000
09
b1110 S
b0 X
1-
b0 ,
1.
#59868000
0.
#59886000
0-
b1 ,
b1 X
1.
#59904000
0.
#59922000
b10 X
b10 ,
1.
#59940000
0.
#59958000
b11 ,
b11 X
1.
#59976000
0.
#59994000
b100 X
b100 ,
1.
#60012000
0.
#60030000
b101 ,
b101 X
1.
#60048000
0.
#60066000
b110 X
b110 ,
1.
#60084000
0.
#60102000
b111 ,
b111 X
1.
#60120000
0.
#60138000
b1000 X
b1000 ,
1.
#60156000
0.
#60174000
b1001 ,
b1001 X
1.
#60192000
0.
#60210000
b1010 X
b1010 ,
1.
#60228000
0.
#60246000
b1011 ,
b1011 X
1.
#60264000
0.
#60282000
b1100 X
b1100 ,
1.
#60300000
0.
#60318000
b1101 ,
b1101 X
1.
#60336000
0.
#60354000
19
b1110 X
b1110 ,
1.
#60372000
0.
#60390000
09
1-
b0 ,
b0 X
b1111 S
1.
#60408000
0.
#60426000
b1 X
0-
b1 ,
1.
#60444000
0.
#60462000
b10 ,
b10 X
1.
#60480000
0.
#60498000
b11 X
b11 ,
1.
#60516000
0.
#60534000
b100 ,
b100 X
1.
#60552000
0.
#60570000
b101 X
b101 ,
1.
#60588000
0.
#60606000
b110 ,
b110 X
1.
#60624000
0.
#60642000
b111 X
b111 ,
1.
#60660000
0.
#60678000
b1000 ,
b1000 X
1.
#60696000
0.
#60714000
b1001 X
b1001 ,
1.
#60732000
0.
#60750000
b1010 ,
b1010 X
1.
#60768000
0.
#60786000
b1011 X
b1011 ,
1.
#60804000
0.
#60822000
b1100 ,
b1100 X
1.
#60840000
0.
#60858000
b1101 X
b1101 ,
1.
#60876000
0.
#60894000
19
b1110 ,
b1110 X
1.
#60912000
0.
#60930000
09
b110 [
1Y
b110 Q
b0 S
b0 X
1-
b0 ,
1.
#60948000
0.
#60966000
0-
b1 ,
b1 X
0!
1.
#60984000
0.
#61002000
b10 X
b10 ,
1.
#61020000
0.
#61038000
b11 ,
b11 X
1.
#61056000
0.
#61074000
b100 X
b100 ,
1.
#61092000
0.
#61110000
b101 ,
b101 X
1.
#61128000
0.
#61146000
b110 X
b110 ,
1.
#61164000
0.
#61182000
b111 ,
b111 X
1.
#61200000
0.
#61218000
b1000 X
b1000 ,
1.
#61236000
0.
#61254000
b1001 ,
b1001 X
1.
#61272000
0.
#61290000
b1010 X
b1010 ,
1.
#61308000
0.
#61326000
b1011 ,
b1011 X
1.
#61344000
0.
#61362000
b1100 X
b1100 ,
1.
#61380000
0.
#61398000
b1101 ,
b1101 X
1.
#61416000
0.
#61434000
19
b1110 X
b1110 ,
1.
#61452000
0.
#61470000
09
1-
b0 ,
b0 X
b1 S
1.
#61488000
0.
#61506000
b1 X
0-
b1 ,
1.
#61524000
0.
#61542000
b10 ,
b10 X
1.
#61560000
0.
#61578000
b11 X
b11 ,
1.
#61596000
0.
#61614000
b100 ,
b100 X
1.
#61632000
0.
#61650000
b101 X
b101 ,
1.
#61668000
0.
#61686000
b110 ,
b110 X
1.
#61704000
0.
#61722000
b111 X
b111 ,
1.
#61740000
0.
#61758000
b1000 ,
b1000 X
1.
#61776000
0.
#61794000
b1001 X
b1001 ,
1.
#61812000
0.
#61830000
b1010 ,
b1010 X
1.
#61848000
0.
#61866000
b1011 X
b1011 ,
1.
#61884000
0.
#61902000
b1100 ,
b1100 X
1.
#61920000
0.
#61938000
b1101 X
b1101 ,
1.
#61956000
0.
#61974000
19
b1110 ,
b1110 X
1.
#61992000
0.
#62010000
09
b10 S
b0 X
1-
b0 ,
1.
#62028000
0.
#62046000
0-
b1 ,
b1 X
1.
#62064000
0.
#62082000
b10 X
b10 ,
1.
#62100000
0.
#62118000
b11 ,
b11 X
1.
#62136000
0.
#62154000
b100 X
b100 ,
1.
#62172000
0.
#62190000
b101 ,
b101 X
1.
#62208000
0.
#62226000
b110 X
b110 ,
1.
#62244000
0.
#62262000
b111 ,
b111 X
1.
#62280000
0.
#62298000
b1000 X
b1000 ,
1.
#62316000
0.
#62334000
b1001 ,
b1001 X
1.
#62352000
0.
#62370000
b1010 X
b1010 ,
1.
#62388000
0.
#62406000
b1011 ,
b1011 X
1.
#62424000
0.
#62442000
b1100 X
b1100 ,
1.
#62460000
0.
#62478000
b1101 ,
b1101 X
1.
#62496000
0.
#62514000
19
b1110 X
b1110 ,
1.
#62532000
0.
#62550000
09
1-
b0 ,
b0 X
b11 S
1.
#62568000
0.
#62586000
b1 X
0-
b1 ,
1.
#62604000
0.
#62622000
b10 ,
b10 X
1.
#62640000
0.
#62658000
b11 X
b11 ,
1.
#62676000
0.
#62694000
b100 ,
b100 X
1.
#62712000
0.
#62730000
b101 X
b101 ,
1.
#62748000
0.
#62766000
b110 ,
b110 X
1.
#62784000
0.
#62802000
b111 X
b111 ,
1.
#62820000
0.
#62838000
b1000 ,
b1000 X
1.
#62856000
0.
#62874000
b1001 X
b1001 ,
1.
#62892000
0.
#62910000
b1010 ,
b1010 X
1.
#62928000
0.
#62946000
b1011 X
b1011 ,
1.
#62964000
0.
#62982000
b1100 ,
b1100 X
1.
#63000000
0.
#63018000
b1101 X
b1101 ,
1.
#63036000
0.
#63054000
19
b1110 ,
b1110 X
1.
#63072000
0.
#63090000
09
b100 S
b0 X
1-
b0 ,
1.
#63108000
0.
#63126000
0-
b1 ,
b1 X
1.
#63144000
0.
#63162000
b10 X
b10 ,
1.
#63180000
0.
#63198000
b11 ,
b11 X
1.
#63216000
0.
#63234000
b100 X
b100 ,
1.
#63252000
0.
#63270000
b101 ,
b101 X
1.
#63288000
0.
#63306000
b110 X
b110 ,
1.
#63324000
0.
#63342000
b111 ,
b111 X
1.
#63360000
0.
#63378000
b1000 X
b1000 ,
1.
#63396000
0.
#63414000
b1001 ,
b1001 X
1.
#63432000
0.
#63450000
b1010 X
b1010 ,
1.
#63468000
0.
#63486000
b1011 ,
b1011 X
1.
#63504000
0.
#63522000
b1100 X
b1100 ,
1.
#63540000
0.
#63558000
b1101 ,
b1101 X
1.
#63576000
0.
#63594000
19
b1110 X
b1110 ,
1.
#63612000
0.
#63630000
09
1-
b0 ,
b0 X
b101 S
1.
#63648000
0.
#63666000
b1 X
0-
b1 ,
1.
#63684000
0.
#63702000
b10 ,
b10 X
1.
#63720000
0.
#63738000
b11 X
b11 ,
1.
#63756000
0.
#63774000
b100 ,
b100 X
1.
#63792000
0.
#63810000
b101 X
b101 ,
1.
#63828000
0.
#63846000
b110 ,
b110 X
1.
#63864000
0.
#63882000
b111 X
b111 ,
1.
#63900000
0.
#63918000
b1000 ,
b1000 X
1.
#63936000
0.
#63954000
b1001 X
b1001 ,
1.
#63972000
0.
#63990000
b1010 ,
b1010 X
1.
#64008000
0.
#64026000
b1011 X
b1011 ,
1.
#64044000
0.
#64062000
b1100 ,
b1100 X
1.
#64080000
0.
#64098000
b1101 X
b1101 ,
1.
#64116000
0.
#64134000
19
b1110 ,
b1110 X
1.
#64152000
0.
#64170000
09
b110 S
b0 X
1-
b0 ,
1.
#64188000
0.
#64206000
0-
b1 ,
b1 X
1.
#64224000
0.
#64242000
b10 X
b10 ,
1.
#64260000
0.
#64278000
b11 ,
b11 X
1.
#64296000
0.
#64314000
b100 X
b100 ,
1.
#64332000
0.
#64350000
b101 ,
b101 X
1.
#64368000
0.
#64386000
b110 X
b110 ,
1.
#64404000
0.
#64422000
b111 ,
b111 X
1.
#64440000
0.
#64458000
b1000 X
b1000 ,
1.
#64476000
0.
#64494000
b1001 ,
b1001 X
1.
#64512000
0.
#64530000
b1010 X
b1010 ,
1.
#64548000
0.
#64566000
b1011 ,
b1011 X
1.
#64584000
0.
#64602000
b1100 X
b1100 ,
1.
#64620000
0.
#64638000
b1101 ,
b1101 X
1.
#64656000
0.
#64674000
19
b1110 X
b1110 ,
1.
#64692000
0.
#64710000
09
1-
b0 ,
b0 X
b111 S
1.
#64728000
0.
#64746000
b1 X
0-
b1 ,
1.
#64764000
0.
#64782000
b10 ,
b10 X
1.
#64800000
0.
#64818000
b11 X
b11 ,
1.
#64836000
0.
#64854000
b100 ,
b100 X
1.
#64872000
0.
#64890000
b101 X
b101 ,
1.
#64908000
0.
#64926000
b110 ,
b110 X
1.
#64944000
0.
#64962000
b111 X
b111 ,
1.
#64980000
0.
#64998000
b1000 ,
b1000 X
1.
#65016000
0.
#65034000
b1001 X
b1001 ,
1.
#65052000
0.
#65070000
b1010 ,
b1010 X
1.
#65088000
0.
#65106000
b1011 X
b1011 ,
1.
#65124000
0.
#65142000
b1100 ,
b1100 X
1.
#65160000
0.
#65178000
b1101 X
b1101 ,
1.
#65196000
0.
#65214000
19
b1110 ,
b1110 X
1.
#65232000
0.
#65250000
09
b1000 S
b0 X
1-
b0 ,
1.
#65268000
0.
#65286000
0-
b1 ,
b1 X
1.
#65304000
0.
#65322000
b10 X
b10 ,
1.
#65340000
0.
#65358000
b11 ,
b11 X
1.
#65376000
0.
#65394000
b100 X
b100 ,
1.
#65412000
0.
#65430000
b101 ,
b101 X
1.
#65448000
0.
#65466000
b110 X
b110 ,
1.
#65484000
0.
#65502000
b111 ,
b111 X
1.
#65520000
0.
#65538000
b1000 X
b1000 ,
1.
#65556000
0.
#65574000
b1001 ,
b1001 X
1.
#65592000
0.
#65610000
b1010 X
b1010 ,
1.
#65628000
0.
#65646000
b1011 ,
b1011 X
1.
#65664000
0.
#65682000
b1100 X
b1100 ,
1.
#65700000
0.
#65718000
b1101 ,
b1101 X
1.
#65736000
0.
#65754000
19
b1110 X
b1110 ,
1.
#65772000
0.
#65790000
09
1-
b0 ,
b0 X
b1001 S
1.
#65808000
0.
#65826000
b1 X
0-
b1 ,
1.
#65844000
0.
#65862000
b10 ,
b10 X
1.
#65880000
0.
#65898000
b11 X
b11 ,
1.
#65916000
0.
#65934000
b100 ,
b100 X
1.
#65952000
0.
#65970000
b101 X
b101 ,
1.
#65988000
0.
#66006000
b110 ,
b110 X
1.
#66024000
0.
#66042000
b111 X
b111 ,
1.
#66060000
0.
#66078000
b1000 ,
b1000 X
1.
#66096000
0.
#66114000
b1001 X
b1001 ,
1.
#66132000
0.
#66150000
b1010 ,
b1010 X
1.
#66168000
0.
#66186000
b1011 X
b1011 ,
1.
#66204000
0.
#66222000
b1100 ,
b1100 X
1.
#66240000
0.
#66258000
b1101 X
b1101 ,
1.
#66276000
0.
#66294000
19
b1110 ,
b1110 X
1.
#66312000
0.
#66330000
09
b1010 S
b0 X
1-
b0 ,
1.
#66348000
0.
#66366000
0-
b1 ,
b1 X
1.
#66384000
0.
#66402000
b10 X
b10 ,
1.
#66420000
0.
#66438000
b11 ,
b11 X
1.
#66456000
0.
#66474000
b100 X
b100 ,
1.
#66492000
0.
#66510000
b101 ,
b101 X
1.
#66528000
0.
#66546000
b110 X
b110 ,
1.
#66564000
0.
#66582000
b111 ,
b111 X
1.
#66600000
0.
#66618000
b1000 X
b1000 ,
1.
#66636000
0.
#66654000
b1001 ,
b1001 X
1.
#66672000
0.
#66690000
b1010 X
b1010 ,
1.
#66708000
0.
#66726000
b1011 ,
b1011 X
1.
#66744000
0.
#66762000
b1100 X
b1100 ,
1.
#66780000
0.
#66798000
b1101 ,
b1101 X
1.
#66816000
0.
#66834000
19
b1110 X
b1110 ,
1.
#66852000
0.
#66870000
09
1-
b0 ,
b0 X
b1011 S
1.
#66888000
0.
#66906000
b1 X
0-
b1 ,
1.
#66924000
0.
#66942000
b10 ,
b10 X
1.
#66960000
0.
#66978000
b11 X
b11 ,
1.
#66996000
0.
#67014000
b100 ,
b100 X
1.
#67032000
0.
#67050000
b101 X
b101 ,
1.
#67068000
0.
#67086000
b110 ,
b110 X
1.
#67104000
0.
#67122000
b111 X
b111 ,
1.
#67140000
0.
#67158000
b1000 ,
b1000 X
1.
#67176000
0.
#67194000
b1001 X
b1001 ,
1.
#67212000
0.
#67230000
b1010 ,
b1010 X
1.
#67248000
0.
#67266000
b1011 X
b1011 ,
1.
#67284000
0.
#67302000
b1100 ,
b1100 X
1.
#67320000
0.
#67338000
b1101 X
b1101 ,
1.
#67356000
0.
#67374000
19
b1110 ,
b1110 X
1.
#67392000
0.
#67410000
09
b1100 S
b0 X
1-
b0 ,
1.
#67428000
0.
#67446000
0-
b1 ,
b1 X
1.
#67464000
0.
#67482000
b10 X
b10 ,
1.
#67500000
0.
#67518000
b11 ,
b11 X
1.
#67536000
0.
#67554000
b100 X
b100 ,
1.
#67572000
0.
#67590000
b101 ,
b101 X
1.
#67608000
0.
#67626000
b110 X
b110 ,
1.
#67644000
0.
#67662000
b111 ,
b111 X
1.
#67680000
0.
#67698000
b1000 X
b1000 ,
1.
#67716000
0.
#67734000
b1001 ,
b1001 X
1.
#67752000
0.
#67770000
b1010 X
b1010 ,
1.
#67788000
0.
#67806000
b1011 ,
b1011 X
1.
#67824000
0.
#67842000
b1100 X
b1100 ,
1.
#67860000
0.
#67878000
b1101 ,
b1101 X
1.
#67896000
0.
#67914000
19
b1110 X
b1110 ,
1.
#67932000
0.
#67950000
09
1-
b0 ,
b0 X
b1101 S
1.
#67968000
0.
#67986000
b1 X
0-
b1 ,
1.
#68004000
0.
#68022000
b10 ,
b10 X
1.
#68040000
0.
#68058000
b11 X
b11 ,
1.
#68076000
0.
#68094000
b100 ,
b100 X
1.
#68112000
0.
#68130000
b101 X
b101 ,
1.
#68148000
0.
#68166000
b110 ,
b110 X
1.
#68184000
0.
#68202000
b111 X
b111 ,
1.
#68220000
0.
#68238000
b1000 ,
b1000 X
1.
#68256000
0.
#68274000
b1001 X
b1001 ,
1.
#68292000
0.
#68310000
b1010 ,
b1010 X
1.
#68328000
0.
#68346000
b1011 X
b1011 ,
1.
#68364000
0.
#68382000
b1100 ,
b1100 X
1.
#68400000
0.
#68418000
b1101 X
b1101 ,
1.
#68436000
0.
#68454000
19
b1110 ,
b1110 X
1.
#68472000
0.
#68490000
09
b1110 S
b0 X
1-
b0 ,
1.
#68508000
0.
#68526000
0-
b1 ,
b1 X
1.
#68544000
0.
#68562000
b10 X
b10 ,
1.
#68580000
0.
#68598000
b11 ,
b11 X
1.
#68616000
0.
#68634000
b100 X
b100 ,
1.
#68652000
0.
#68670000
b101 ,
b101 X
1.
#68688000
0.
#68706000
b110 X
b110 ,
1.
#68724000
0.
#68742000
b111 ,
b111 X
1.
#68760000
0.
#68778000
b1000 X
b1000 ,
1.
#68796000
0.
#68814000
b1001 ,
b1001 X
1.
#68832000
0.
#68850000
b1010 X
b1010 ,
1.
#68868000
0.
#68886000
b1011 ,
b1011 X
1.
#68904000
0.
#68922000
b1100 X
b1100 ,
1.
#68940000
0.
#68958000
b1101 ,
b1101 X
1.
#68976000
0.
#68994000
19
b1110 X
b1110 ,
1.
#69012000
0.
#69030000
09
1-
b0 ,
b0 X
b1111 S
1.
#69048000
0.
#69066000
b1 X
0-
b1 ,
1.
#69084000
0.
#69102000
b10 ,
b10 X
1.
#69120000
0.
#69138000
b11 X
b11 ,
1.
#69156000
0.
#69174000
b100 ,
b100 X
1.
#69192000
0.
#69210000
b101 X
b101 ,
1.
#69228000
0.
#69246000
b110 ,
b110 X
1.
#69264000
0.
#69282000
b111 X
b111 ,
1.
#69300000
0.
#69318000
b1000 ,
b1000 X
1.
#69336000
0.
#69354000
b1001 X
b1001 ,
1.
#69372000
0.
#69390000
b1010 ,
b1010 X
1.
#69408000
0.
#69426000
b1011 X
b1011 ,
1.
#69444000
0.
#69462000
b1100 ,
b1100 X
1.
#69480000
0.
#69498000
b1101 X
b1101 ,
1.
#69516000
0.
#69534000
19
b1110 ,
b1110 X
1.
#69552000
0.
#69570000
09
b111 [
0Y
b111 Q
b0 S
b0 X
1-
b0 ,
1.
#69588000
0.
#69606000
0-
b1 ,
b1 X
1!
1.
#69624000
0.
#69642000
b10 X
b10 ,
1.
#69660000
0.
#69678000
b11 ,
b11 X
1.
#69696000
0.
#69714000
b100 X
b100 ,
1.
#69732000
0.
#69750000
b101 ,
b101 X
1.
#69768000
0.
#69786000
b110 X
b110 ,
1.
#69804000
0.
#69822000
b111 ,
b111 X
1.
#69840000
0.
#69858000
b1000 X
b1000 ,
1.
#69876000
0.
#69894000
b1001 ,
b1001 X
1.
#69912000
0.
#69930000
b1010 X
b1010 ,
1.
#69948000
0.
#69966000
b1011 ,
b1011 X
1.
#69984000
0.
#70002000
b1100 X
b1100 ,
1.
#70020000
0.
#70038000
b1101 ,
b1101 X
1.
#70056000
0.
#70074000
19
b1110 X
b1110 ,
1.
#70092000
0.
#70110000
09
1-
b0 ,
b0 X
b1 S
1.
#70128000
0.
#70146000
b1 X
0-
b1 ,
1.
#70164000
0.
#70182000
b10 ,
b10 X
1.
#70200000
0.
#70218000
b11 X
b11 ,
1.
#70236000
0.
#70254000
b100 ,
b100 X
1.
#70272000
0.
#70290000
b101 X
b101 ,
1.
#70308000
0.
#70326000
b110 ,
b110 X
1.
#70344000
0.
#70362000
b111 X
b111 ,
1.
#70380000
0.
#70398000
b1000 ,
b1000 X
1.
#70416000
0.
#70434000
b1001 X
b1001 ,
1.
#70452000
0.
#70470000
b1010 ,
b1010 X
1.
#70488000
0.
#70506000
b1011 X
b1011 ,
1.
#70524000
0.
#70542000
b1100 ,
b1100 X
1.
#70560000
0.
#70578000
b1101 X
b1101 ,
1.
#70596000
0.
#70614000
19
b1110 ,
b1110 X
1.
#70632000
0.
#70650000
09
b10 S
b0 X
1-
b0 ,
1.
#70668000
0.
#70686000
0-
b1 ,
b1 X
1.
#70704000
0.
#70722000
b10 X
b10 ,
1.
#70740000
0.
#70758000
b11 ,
b11 X
1.
#70776000
0.
#70794000
b100 X
b100 ,
1.
#70812000
0.
#70830000
b101 ,
b101 X
1.
#70848000
0.
#70866000
b110 X
b110 ,
1.
#70884000
0.
#70902000
b111 ,
b111 X
1.
#70920000
0.
#70938000
b1000 X
b1000 ,
1.
#70956000
0.
#70974000
b1001 ,
b1001 X
1.
#70992000
0.
#71010000
b1010 X
b1010 ,
1.
#71028000
0.
#71046000
b1011 ,
b1011 X
1.
#71064000
0.
#71082000
b1100 X
b1100 ,
1.
#71100000
0.
#71118000
b1101 ,
b1101 X
1.
#71136000
0.
#71154000
19
b1110 X
b1110 ,
1.
#71172000
0.
#71190000
09
1-
b0 ,
b0 X
b11 S
1.
#71208000
0.
#71226000
b1 X
0-
b1 ,
1.
#71244000
0.
#71262000
b10 ,
b10 X
1.
#71280000
0.
#71298000
b11 X
b11 ,
1.
#71316000
0.
#71334000
b100 ,
b100 X
1.
#71352000
0.
#71370000
b101 X
b101 ,
1.
#71388000
0.
#71406000
b110 ,
b110 X
1.
#71424000
0.
#71442000
b111 X
b111 ,
1.
#71460000
0.
#71478000
b1000 ,
b1000 X
1.
#71496000
0.
#71514000
b1001 X
b1001 ,
1.
#71532000
0.
#71550000
b1010 ,
b1010 X
1.
#71568000
0.
#71586000
b1011 X
b1011 ,
1.
#71604000
0.
#71622000
b1100 ,
b1100 X
1.
#71640000
0.
#71658000
b1101 X
b1101 ,
1.
#71676000
0.
#71694000
19
b1110 ,
b1110 X
1.
#71712000
0.
#71730000
09
b100 S
b0 X
1-
b0 ,
1.
#71748000
0.
#71766000
0-
b1 ,
b1 X
1.
#71784000
0.
#71802000
b10 X
b10 ,
1.
#71820000
0.
#71838000
b11 ,
b11 X
1.
#71856000
0.
#71874000
b100 X
b100 ,
1.
#71892000
0.
#71910000
b101 ,
b101 X
1.
#71928000
0.
#71946000
b110 X
b110 ,
1.
#71964000
0.
#71982000
b111 ,
b111 X
1.
#72000000
0.
#72018000
b1000 X
b1000 ,
1.
#72036000
0.
#72054000
b1001 ,
b1001 X
1.
#72072000
0.
#72090000
b1010 X
b1010 ,
1.
#72108000
0.
#72126000
b1011 ,
b1011 X
1.
#72144000
0.
#72162000
b1100 X
b1100 ,
1.
#72180000
0.
#72198000
b1101 ,
b1101 X
1.
#72216000
0.
#72234000
19
b1110 X
b1110 ,
1.
#72252000
0.
#72270000
09
1-
b0 ,
b0 X
b101 S
1.
#72288000
0.
#72306000
b1 X
0-
b1 ,
1.
#72324000
0.
#72342000
b10 ,
b10 X
1.
#72360000
0.
#72378000
b11 X
b11 ,
1.
#72396000
0.
#72414000
b100 ,
b100 X
1.
#72432000
0.
#72450000
b101 X
b101 ,
1.
#72468000
0.
#72486000
b110 ,
b110 X
1.
#72504000
0.
#72522000
b111 X
b111 ,
1.
#72540000
0.
#72558000
b1000 ,
b1000 X
1.
#72576000
0.
#72594000
b1001 X
b1001 ,
1.
#72612000
0.
#72630000
b1010 ,
b1010 X
1.
#72648000
0.
#72666000
b1011 X
b1011 ,
1.
#72684000
0.
#72702000
b1100 ,
b1100 X
1.
#72720000
0.
#72738000
b1101 X
b1101 ,
1.
#72756000
0.
#72774000
19
b1110 ,
b1110 X
1.
#72792000
0.
#72810000
09
b110 S
b0 X
1-
b0 ,
1.
#72828000
0.
#72846000
0-
b1 ,
b1 X
1.
#72864000
0.
#72882000
b10 X
b10 ,
1.
#72900000
0.
#72918000
b11 ,
b11 X
1.
#72936000
0.
#72954000
b100 X
b100 ,
1.
#72972000
0.
#72990000
b101 ,
b101 X
1.
#73008000
0.
#73026000
b110 X
b110 ,
1.
#73044000
0.
#73062000
b111 ,
b111 X
1.
#73080000
0.
#73098000
b1000 X
b1000 ,
1.
#73116000
0.
#73134000
b1001 ,
b1001 X
1.
#73152000
0.
#73170000
b1010 X
b1010 ,
1.
#73188000
0.
#73206000
b1011 ,
b1011 X
1.
#73224000
0.
#73242000
b1100 X
b1100 ,
1.
#73260000
0.
#73278000
b1101 ,
b1101 X
1.
#73296000
0.
#73314000
19
b1110 X
b1110 ,
1.
#73332000
0.
#73350000
09
1-
b0 ,
b0 X
b111 S
1.
#73368000
0.
#73386000
b1 X
0-
b1 ,
1.
#73404000
0.
#73422000
b10 ,
b10 X
1.
#73440000
0.
#73458000
b11 X
b11 ,
1.
#73476000
0.
#73494000
b100 ,
b100 X
1.
#73512000
0.
#73530000
b101 X
b101 ,
1.
#73548000
0.
#73566000
b110 ,
b110 X
1.
#73584000
0.
#73602000
b111 X
b111 ,
1.
#73620000
0.
#73638000
b1000 ,
b1000 X
1.
#73656000
0.
#73674000
b1001 X
b1001 ,
1.
#73692000
0.
#73710000
b1010 ,
b1010 X
1.
#73728000
0.
#73746000
b1011 X
b1011 ,
1.
#73764000
0.
#73782000
b1100 ,
b1100 X
1.
#73800000
0.
#73818000
b1101 X
b1101 ,
1.
#73836000
0.
#73854000
19
b1110 ,
b1110 X
1.
#73872000
0.
#73890000
09
b1000 S
b0 X
1-
b0 ,
1.
#73908000
0.
#73926000
0-
b1 ,
b1 X
1.
#73944000
0.
#73962000
b10 X
b10 ,
1.
#73980000
0.
#73998000
b11 ,
b11 X
1.
#74016000
0.
#74034000
b100 X
b100 ,
1.
#74052000
0.
#74070000
b101 ,
b101 X
1.
#74088000
0.
#74106000
b110 X
b110 ,
1.
#74124000
0.
#74142000
b111 ,
b111 X
1.
#74160000
0.
#74178000
b1000 X
b1000 ,
1.
#74196000
0.
#74214000
b1001 ,
b1001 X
1.
#74232000
0.
#74250000
b1010 X
b1010 ,
1.
#74268000
0.
#74286000
b1011 ,
b1011 X
1.
#74304000
0.
#74322000
b1100 X
b1100 ,
1.
#74340000
0.
#74358000
b1101 ,
b1101 X
1.
#74376000
0.
#74394000
19
b1110 X
b1110 ,
1.
#74412000
0.
#74430000
09
1-
b0 ,
b0 X
b1001 S
1.
#74448000
0.
#74466000
b1 X
0-
b1 ,
1.
#74484000
0.
#74502000
b10 ,
b10 X
1.
#74520000
0.
#74538000
b11 X
b11 ,
1.
#74556000
0.
#74574000
b100 ,
b100 X
1.
#74592000
0.
#74610000
b101 X
b101 ,
1.
#74628000
0.
#74646000
b110 ,
b110 X
1.
#74664000
0.
#74682000
b111 X
b111 ,
1.
#74700000
0.
#74718000
b1000 ,
b1000 X
1.
#74736000
0.
#74754000
b1001 X
b1001 ,
1.
#74772000
0.
#74790000
b1010 ,
b1010 X
1.
#74808000
0.
#74826000
b1011 X
b1011 ,
1.
#74844000
0.
#74862000
b1100 ,
b1100 X
1.
#74880000
0.
#74898000
b1101 X
b1101 ,
1.
#74916000
0.
#74934000
19
b1110 ,
b1110 X
1.
#74952000
0.
#74970000
09
b1010 S
b0 X
1-
b0 ,
1.
#74988000
0.
#75006000
0-
b1 ,
b1 X
1.
#75024000
0.
#75042000
b10 X
b10 ,
1.
#75060000
0.
#75078000
b11 ,
b11 X
1.
#75096000
0.
#75114000
b100 X
b100 ,
1.
#75132000
0.
#75150000
b101 ,
b101 X
1.
#75168000
0.
#75186000
b110 X
b110 ,
1.
#75204000
0.
#75222000
b111 ,
b111 X
1.
#75240000
0.
#75258000
b1000 X
b1000 ,
1.
#75276000
0.
#75294000
b1001 ,
b1001 X
1.
#75312000
0.
#75330000
b1010 X
b1010 ,
1.
#75348000
0.
#75366000
b1011 ,
b1011 X
1.
#75384000
0.
#75402000
b1100 X
b1100 ,
1.
#75420000
0.
#75438000
b1101 ,
b1101 X
1.
#75456000
0.
#75474000
19
b1110 X
b1110 ,
1.
#75492000
0.
#75510000
09
1-
b0 ,
b0 X
b1011 S
1.
#75528000
0.
#75546000
b1 X
0-
b1 ,
1.
#75564000
0.
#75582000
b10 ,
b10 X
1.
#75600000
0.
#75618000
b11 X
b11 ,
1.
#75636000
0.
#75654000
b100 ,
b100 X
1.
#75672000
0.
#75690000
b101 X
b101 ,
1.
#75708000
0.
#75726000
b110 ,
b110 X
1.
#75744000
0.
#75762000
b111 X
b111 ,
1.
#75780000
0.
#75798000
b1000 ,
b1000 X
1.
#75816000
0.
#75834000
b1001 X
b1001 ,
1.
#75852000
0.
#75870000
b1010 ,
b1010 X
1.
#75888000
0.
#75906000
b1011 X
b1011 ,
1.
#75924000
0.
#75942000
b1100 ,
b1100 X
1.
#75960000
0.
#75978000
b1101 X
b1101 ,
1.
#75996000
0.
#76014000
19
b1110 ,
b1110 X
1.
#76032000
0.
#76050000
09
b1100 S
b0 X
1-
b0 ,
1.
#76068000
0.
#76086000
0-
b1 ,
b1 X
1.
#76104000
0.
#76122000
b10 X
b10 ,
1.
#76140000
0.
#76158000
b11 ,
b11 X
1.
#76176000
0.
#76194000
b100 X
b100 ,
1.
#76212000
0.
#76230000
b101 ,
b101 X
1.
#76248000
0.
#76266000
b110 X
b110 ,
1.
#76284000
0.
#76302000
b111 ,
b111 X
1.
#76320000
0.
#76338000
b1000 X
b1000 ,
1.
#76356000
0.
#76374000
b1001 ,
b1001 X
1.
#76392000
0.
#76410000
b1010 X
b1010 ,
1.
#76428000
0.
#76446000
b1011 ,
b1011 X
1.
#76464000
0.
#76482000
b1100 X
b1100 ,
1.
#76500000
0.
#76518000
b1101 ,
b1101 X
1.
#76536000
0.
#76554000
19
b1110 X
b1110 ,
1.
#76572000
0.
#76590000
09
1-
b0 ,
b0 X
b1101 S
1.
#76608000
0.
#76626000
b1 X
0-
b1 ,
1.
#76644000
0.
#76662000
b10 ,
b10 X
1.
#76680000
0.
#76698000
b11 X
b11 ,
1.
#76716000
0.
#76734000
b100 ,
b100 X
1.
#76752000
0.
#76770000
b101 X
b101 ,
1.
#76788000
0.
#76806000
b110 ,
b110 X
1.
#76824000
0.
#76842000
b111 X
b111 ,
1.
#76860000
0.
#76878000
b1000 ,
b1000 X
1.
#76896000
0.
#76914000
b1001 X
b1001 ,
1.
#76932000
0.
#76950000
b1010 ,
b1010 X
1.
#76968000
0.
#76986000
b1011 X
b1011 ,
1.
#77004000
0.
#77022000
b1100 ,
b1100 X
1.
#77040000
0.
#77058000
b1101 X
b1101 ,
1.
#77076000
0.
#77094000
19
b1110 ,
b1110 X
1.
#77112000
0.
#77130000
09
b1110 S
b0 X
1-
b0 ,
1.
#77148000
0.
#77166000
0-
b1 ,
b1 X
1.
#77184000
0.
#77202000
b10 X
b10 ,
1.
#77220000
0.
#77238000
b11 ,
b11 X
1.
#77256000
0.
#77274000
b100 X
b100 ,
1.
#77292000
0.
#77310000
b101 ,
b101 X
1.
#77328000
0.
#77346000
b110 X
b110 ,
1.
#77364000
0.
#77382000
b111 ,
b111 X
1.
#77400000
0.
#77418000
b1000 X
b1000 ,
1.
#77436000
0.
#77454000
b1001 ,
b1001 X
1.
#77472000
0.
#77490000
b1010 X
b1010 ,
1.
#77508000
0.
#77526000
b1011 ,
b1011 X
1.
#77544000
0.
#77562000
b1100 X
b1100 ,
1.
#77580000
0.
#77598000
b1101 ,
b1101 X
1.
#77616000
0.
#77634000
19
b1110 X
b1110 ,
1.
#77652000
0.
#77670000
09
b11 R
1-
b0 ,
b0 X
b1111 S
1.
#77688000
0.
#77706000
b1 X
0-
b1 ,
1.
#77724000
0.
#77742000
b10 ,
b10 X
1.
#77760000
0.
#77778000
b11 X
b11 ,
1.
#77796000
0.
#77814000
b100 ,
b100 X
1.
#77832000
0.
#77850000
b101 X
b101 ,
1.
#77868000
0.
#77886000
b110 ,
b110 X
1.
#77904000
0.
#77922000
b111 X
b111 ,
1.
#77940000
0.
#77958000
b1000 ,
b1000 X
1.
#77976000
0.
#77994000
b1001 X
b1001 ,
1.
#78012000
0.
#78030000
b1010 ,
b1010 X
1.
#78048000
0.
#78066000
b1011 X
b1011 ,
1.
#78084000
0.
#78102000
b1100 ,
b1100 X
1.
#78120000
0.
#78138000
b1101 X
b1101 ,
1.
#78156000
0.
#78174000
19
b1110 ,
b1110 X
1.
#78192000
0.
#78210000
09
b1000 [
1Y
b11 P
b1000 Q
b0 S
b0 X
1-
b0 ,
1.
#78228000
0.
#78246000
0-
b1 ,
b1 X
1.
#78264000
0.
#78282000
b10 X
b10 ,
1.
#78300000
0.
#78318000
b11 ,
b11 X
1.
#78336000
0.
#78354000
b100 X
b100 ,
1.
#78372000
0.
#78390000
b101 ,
b101 X
1.
#78408000
0.
#78426000
b110 X
b110 ,
1.
#78444000
0.
#78462000
b111 ,
b111 X
1.
#78480000
0.
#78498000
b1000 X
b1000 ,
1.
#78516000
0.
#78534000
b1001 ,
b1001 X
1.
#78552000
0.
#78570000
b1010 X
b1010 ,
1.
#78588000
0.
#78606000
b1011 ,
b1011 X
1.
#78624000
0.
#78642000
b1100 X
b1100 ,
1.
#78660000
0.
#78678000
b1101 ,
b1101 X
1.
#78696000
0.
#78714000
19
b1110 X
b1110 ,
1.
#78732000
0.
#78750000
09
1-
b0 ,
b0 X
b1 S
1.
#78768000
0.
#78786000
b1 X
0-
b1 ,
1.
#78804000
0.
#78822000
b10 ,
b10 X
1.
#78840000
0.
#78858000
b11 X
b11 ,
1.
#78876000
0.
#78894000
b100 ,
b100 X
1.
#78912000
0.
#78930000
b101 X
b101 ,
1.
#78948000
0.
#78966000
b110 ,
b110 X
1.
#78984000
0.
#79002000
b111 X
b111 ,
1.
#79020000
0.
#79038000
b1000 ,
b1000 X
1.
#79056000
0.
#79074000
b1001 X
b1001 ,
1.
#79092000
0.
#79110000
b1010 ,
b1010 X
1.
#79128000
0.
#79146000
b1011 X
b1011 ,
1.
#79164000
0.
#79182000
b1100 ,
b1100 X
1.
#79200000
0.
#79218000
b1101 X
b1101 ,
1.
#79236000
0.
#79254000
19
b1110 ,
b1110 X
1.
#79272000
0.
#79290000
09
b10 S
b0 X
1-
b0 ,
1.
#79308000
0.
#79326000
0-
b1 ,
b1 X
1.
#79344000
0.
#79362000
b10 X
b10 ,
1.
#79380000
0.
#79398000
b11 ,
b11 X
1.
#79416000
0.
#79434000
b100 X
b100 ,
1.
#79452000
0.
#79470000
b101 ,
b101 X
1.
#79488000
0.
#79506000
b110 X
b110 ,
1.
#79524000
0.
#79542000
b111 ,
b111 X
1.
#79560000
0.
#79578000
b1000 X
b1000 ,
1.
#79596000
0.
#79614000
b1001 ,
b1001 X
1.
#79632000
0.
#79650000
b1010 X
b1010 ,
1.
#79668000
0.
#79686000
b1011 ,
b1011 X
1.
#79704000
0.
#79722000
b1100 X
b1100 ,
1.
#79740000
0.
#79758000
b1101 ,
b1101 X
1.
#79776000
0.
#79794000
19
b1110 X
b1110 ,
1.
#79812000
0.
#79830000
09
1-
b0 ,
b0 X
b11 S
1.
#79848000
0.
#79866000
b1 X
0-
b1 ,
1.
#79884000
0.
#79902000
b10 ,
b10 X
1.
#79920000
0.
#79938000
b11 X
b11 ,
1.
#79956000
0.
#79974000
b100 ,
b100 X
1.
#79992000
0.
#80010000
b101 X
b101 ,
1.
#80028000
0.
#80046000
b110 ,
b110 X
1.
#80064000
0.
#80082000
b111 X
b111 ,
1.
#80100000
0.
#80118000
b1000 ,
b1000 X
1.
#80136000
0.
#80154000
b1001 X
b1001 ,
1.
#80172000
0.
#80190000
b1010 ,
b1010 X
1.
#80208000
0.
#80226000
b1011 X
b1011 ,
1.
#80244000
0.
#80262000
b1100 ,
b1100 X
1.
#80280000
0.
#80298000
b1101 X
b1101 ,
1.
#80316000
0.
#80334000
19
b1110 ,
b1110 X
1.
#80352000
0.
#80370000
09
b100 S
b0 X
1-
b0 ,
1.
#80388000
0.
#80406000
0-
b1 ,
b1 X
1.
#80424000
0.
#80442000
b10 X
b10 ,
1.
#80460000
0.
#80478000
b11 ,
b11 X
1.
#80496000
0.
#80514000
b100 X
b100 ,
1.
#80532000
0.
#80550000
b101 ,
b101 X
1.
#80568000
0.
#80586000
b110 X
b110 ,
1.
#80604000
0.
#80622000
b111 ,
b111 X
1.
#80640000
0.
#80658000
b1000 X
b1000 ,
1.
#80676000
0.
#80694000
b1001 ,
b1001 X
1.
#80712000
0.
#80730000
b1010 X
b1010 ,
1.
#80748000
0.
#80766000
b1011 ,
b1011 X
1.
#80784000
0.
#80802000
b1100 X
b1100 ,
1.
#80820000
0.
#80838000
b1101 ,
b1101 X
1.
#80856000
0.
#80874000
19
b1110 X
b1110 ,
1.
#80892000
0.
#80910000
09
1-
b0 ,
b0 X
b101 S
1.
#80928000
0.
#80946000
b1 X
0-
b1 ,
1.
#80964000
0.
#80982000
b10 ,
b10 X
1.
#81000000
0.
#81018000
b11 X
b11 ,
1.
#81036000
0.
#81054000
b100 ,
b100 X
1.
#81072000
0.
#81090000
b101 X
b101 ,
1.
#81108000
0.
#81126000
b110 ,
b110 X
1.
#81144000
0.
#81162000
b111 X
b111 ,
1.
#81180000
0.
#81198000
b1000 ,
b1000 X
1.
#81216000
0.
#81234000
b1001 X
b1001 ,
1.
#81252000
0.
#81270000
b1010 ,
b1010 X
1.
#81288000
0.
#81306000
b1011 X
b1011 ,
1.
#81324000
0.
#81342000
b1100 ,
b1100 X
1.
#81360000
0.
#81378000
b1101 X
b1101 ,
1.
#81396000
0.
#81414000
19
b1110 ,
b1110 X
1.
#81432000
0.
#81450000
09
b110 S
b0 X
1-
b0 ,
1.
#81468000
0.
#81486000
0-
b1 ,
b1 X
1.
#81504000
0.
#81522000
b10 X
b10 ,
1.
#81540000
0.
#81558000
b11 ,
b11 X
1.
#81576000
0.
#81594000
b100 X
b100 ,
1.
#81612000
0.
#81630000
b101 ,
b101 X
1.
#81648000
0.
#81666000
b110 X
b110 ,
1.
#81684000
0.
#81702000
b111 ,
b111 X
1.
#81720000
0.
#81738000
b1000 X
b1000 ,
1.
#81756000
0.
#81774000
b1001 ,
b1001 X
1.
#81792000
0.
#81810000
b1010 X
b1010 ,
1.
#81828000
0.
#81846000
b1011 ,
b1011 X
1.
#81864000
0.
#81882000
b1100 X
b1100 ,
1.
#81900000
0.
#81918000
b1101 ,
b1101 X
1.
#81936000
0.
#81954000
19
b1110 X
b1110 ,
1.
#81972000
0.
#81990000
09
1-
b0 ,
b0 X
b111 S
1.
#82008000
0.
#82026000
b1 X
0-
b1 ,
1.
#82044000
0.
#82062000
b10 ,
b10 X
1.
#82080000
0.
#82098000
b11 X
b11 ,
1.
#82116000
0.
#82134000
b100 ,
b100 X
1.
#82152000
0.
#82170000
b101 X
b101 ,
1.
#82188000
0.
#82206000
b110 ,
b110 X
1.
#82224000
0.
#82242000
b111 X
b111 ,
1.
#82260000
0.
#82278000
b1000 ,
b1000 X
1.
#82296000
0.
#82314000
b1001 X
b1001 ,
1.
#82332000
0.
#82350000
b1010 ,
b1010 X
1.
#82368000
0.
#82386000
b1011 X
b1011 ,
1.
#82404000
0.
#82422000
b1100 ,
b1100 X
1.
#82440000
0.
#82458000
b1101 X
b1101 ,
1.
#82476000
0.
#82494000
19
b1110 ,
b1110 X
1.
#82512000
0.
#82530000
09
b1000 S
b0 X
1-
b0 ,
1.
#82548000
0.
#82566000
0-
b1 ,
b1 X
1.
#82584000
0.
#82602000
b10 X
b10 ,
1.
#82620000
0.
#82638000
b11 ,
b11 X
1.
#82656000
0.
#82674000
b100 X
b100 ,
1.
#82692000
0.
#82710000
b101 ,
b101 X
1.
#82728000
0.
#82746000
b110 X
b110 ,
1.
#82764000
0.
#82782000
b111 ,
b111 X
1.
#82800000
0.
#82818000
b1000 X
b1000 ,
1.
#82836000
0.
#82854000
b1001 ,
b1001 X
1.
#82872000
0.
#82890000
b1010 X
b1010 ,
1.
#82908000
0.
#82926000
b1011 ,
b1011 X
1.
#82944000
0.
#82962000
b1100 X
b1100 ,
1.
#82980000
0.
#82998000
b1101 ,
b1101 X
1.
#83016000
0.
#83034000
19
b1110 X
b1110 ,
1.
#83052000
0.
#83070000
09
1-
b0 ,
b0 X
b1001 S
1.
#83088000
0.
#83106000
b1 X
0-
b1 ,
1.
#83124000
0.
#83142000
b10 ,
b10 X
1.
#83160000
0.
#83178000
b11 X
b11 ,
1.
#83196000
0.
#83214000
b100 ,
b100 X
1.
#83232000
0.
#83250000
b101 X
b101 ,
1.
#83268000
0.
#83286000
b110 ,
b110 X
1.
#83304000
0.
#83322000
b111 X
b111 ,
1.
#83340000
0.
#83358000
b1000 ,
b1000 X
1.
#83376000
0.
#83394000
b1001 X
b1001 ,
1.
#83412000
0.
#83430000
b1010 ,
b1010 X
1.
#83448000
0.
#83466000
b1011 X
b1011 ,
1.
#83484000
0.
#83502000
b1100 ,
b1100 X
1.
#83520000
0.
#83538000
b1101 X
b1101 ,
1.
#83556000
0.
#83574000
19
b1110 ,
b1110 X
1.
#83592000
0.
#83610000
09
b1010 S
b0 X
1-
b0 ,
1.
#83628000
0.
#83646000
0-
b1 ,
b1 X
1.
#83664000
0.
#83682000
b10 X
b10 ,
1.
#83700000
0.
#83718000
b11 ,
b11 X
1.
#83736000
0.
#83754000
b100 X
b100 ,
1.
#83772000
0.
#83790000
b101 ,
b101 X
1.
#83808000
0.
#83826000
b110 X
b110 ,
1.
#83844000
0.
#83862000
b111 ,
b111 X
1.
#83880000
0.
#83898000
b1000 X
b1000 ,
1.
#83916000
0.
#83934000
b1001 ,
b1001 X
1.
#83952000
0.
#83970000
b1010 X
b1010 ,
1.
#83988000
0.
#84006000
b1011 ,
b1011 X
1.
#84024000
0.
#84042000
b1100 X
b1100 ,
1.
#84060000
0.
#84078000
b1101 ,
b1101 X
1.
#84096000
0.
#84114000
19
b1110 X
b1110 ,
1.
#84132000
0.
#84150000
09
1-
b0 ,
b0 X
b1011 S
1.
#84168000
0.
#84186000
b1 X
0-
b1 ,
1.
#84204000
0.
#84222000
b10 ,
b10 X
1.
#84240000
0.
#84258000
b11 X
b11 ,
1.
#84276000
0.
#84294000
b100 ,
b100 X
1.
#84312000
0.
#84330000
b101 X
b101 ,
1.
#84348000
0.
#84366000
b110 ,
b110 X
1.
#84384000
0.
#84402000
b111 X
b111 ,
1.
#84420000
0.
#84438000
b1000 ,
b1000 X
1.
#84456000
0.
#84474000
b1001 X
b1001 ,
1.
#84492000
0.
#84510000
b1010 ,
b1010 X
1.
#84528000
0.
#84546000
b1011 X
b1011 ,
1.
#84564000
0.
#84582000
b1100 ,
b1100 X
1.
#84600000
0.
#84618000
b1101 X
b1101 ,
1.
#84636000
0.
#84654000
19
b1110 ,
b1110 X
1.
#84672000
0.
#84690000
09
b1100 S
b0 X
1-
b0 ,
1.
#84708000
0.
#84726000
0-
b1 ,
b1 X
1.
#84744000
0.
#84762000
b10 X
b10 ,
1.
#84780000
0.
#84798000
b11 ,
b11 X
1.
#84816000
0.
#84834000
b100 X
b100 ,
1.
#84852000
0.
#84870000
b101 ,
b101 X
1.
#84888000
0.
#84906000
b110 X
b110 ,
1.
#84924000
0.
#84942000
b111 ,
b111 X
1.
#84960000
0.
#84978000
b1000 X
b1000 ,
1.
#84996000
0.
#85014000
b1001 ,
b1001 X
1.
#85032000
0.
#85050000
b1010 X
b1010 ,
1.
#85068000
0.
#85086000
b1011 ,
b1011 X
1.
#85104000
0.
#85122000
b1100 X
b1100 ,
1.
#85140000
0.
#85158000
b1101 ,
b1101 X
1.
#85176000
0.
#85194000
19
b1110 X
b1110 ,
1.
#85212000
0.
#85230000
09
1-
b0 ,
b0 X
b1101 S
1.
#85248000
0.
#85266000
b1 X
0-
b1 ,
1.
#85284000
0.
#85302000
b10 ,
b10 X
1.
#85320000
0.
#85338000
b11 X
b11 ,
1.
#85356000
0.
#85374000
b100 ,
b100 X
1.
#85392000
0.
#85410000
b101 X
b101 ,
1.
#85428000
0.
#85446000
b110 ,
b110 X
1.
#85464000
0.
#85482000
b111 X
b111 ,
1.
#85500000
0.
#85518000
b1000 ,
b1000 X
1.
#85536000
0.
#85554000
b1001 X
b1001 ,
1.
#85572000
0.
#85590000
b1010 ,
b1010 X
1.
#85608000
0.
#85626000
b1011 X
b1011 ,
1.
#85644000
0.
#85662000
b1100 ,
b1100 X
1.
#85680000
0.
#85698000
b1101 X
b1101 ,
1.
#85716000
0.
#85734000
19
b1110 ,
b1110 X
1.
#85752000
0.
#85770000
09
b1110 S
b0 X
1-
b0 ,
1.
#85788000
0.
#85806000
0-
b1 ,
b1 X
1.
#85824000
0.
#85842000
b10 X
b10 ,
1.
#85860000
0.
#85878000
b11 ,
b11 X
1.
#85896000
0.
#85914000
b100 X
b100 ,
1.
#85932000
0.
#85950000
b101 ,
b101 X
1.
#85968000
0.
#85986000
b110 X
b110 ,
1.
#86004000
0.
#86022000
b111 ,
b111 X
1.
#86040000
0.
#86058000
b1000 X
b1000 ,
1.
#86076000
0.
#86094000
b1001 ,
b1001 X
1.
#86112000
0.
#86130000
b1010 X
b1010 ,
1.
#86148000
0.
#86166000
b1011 ,
b1011 X
1.
#86184000
0.
#86202000
b1100 X
b1100 ,
1.
#86220000
0.
#86238000
b1101 ,
b1101 X
1.
#86256000
0.
#86274000
19
b1110 X
b1110 ,
1.
#86292000
0.
#86310000
09
b0 R
1-
b0 ,
b0 X
b1111 S
1.
#86328000
0.
#86346000
b1 X
0-
b1 ,
1.
#86364000
0.
#86382000
b10 ,
b10 X
1.
#86400000
0.
#86418000
b11 X
b11 ,
1.
#86436000
0.
#86454000
b100 ,
b100 X
1.
#86472000
0.
#86490000
b101 X
b101 ,
1.
#86508000
0.
#86526000
b110 ,
b110 X
1.
#86544000
0.
#86562000
b111 X
b111 ,
1.
#86580000
0.
#86598000
b1000 ,
b1000 X
1.
#86616000
0.
#86634000
b1001 X
b1001 ,
1.
#86652000
0.
#86670000
b1010 ,
b1010 X
1.
#86688000
0.
#86706000
b1011 X
b1011 ,
1.
#86724000
0.
#86742000
b1100 ,
b1100 X
1.
#86760000
0.
#86778000
b1101 X
b1101 ,
1.
#86796000
0.
#86814000
19
b1110 ,
b1110 X
1.
#86832000
0.
#86850000
b0 Q
b0 T
09
00
b11 6
1#
b0 P
b0 S
b0 X
0-
b0 ,
1.
#86868000
0.
#86886000
1.
#86904000
0.
#86922000
1.
#86940000
0.
#86958000
b1 X
b1 ,
b1011010 a
b0 e
0d
b10011100010000 f
10
1.
#86976000
0.
#86994000
b10 ,
b10 X
b1 e
1.
#87012000
0.
#87030000
b11 X
b11 ,
b10 e
1.
#87048000
0.
#87066000
b100 ,
b100 X
b11 e
1.
#87084000
0.
#87102000
b101 X
b101 ,
b100 e
1.
#87120000
0.
#87138000
b110 ,
b110 X
b101 e
1.
#87156000
0.
#87174000
b111 X
b111 ,
b110 e
1.
#87192000
0.
#87210000
b1000 ,
b1000 X
b111 e
1.
#87228000
0.
#87246000
b1001 X
b1001 ,
b1000 e
1.
#87264000
0.
#87282000
b1010 ,
b1010 X
b1001 e
1.
#87300000
0.
#87318000
b1011 X
b1011 ,
b1010 e
1.
#87336000
0.
#87354000
b1100 ,
b1100 X
b1011 e
1.
#87372000
0.
#87390000
b1101 X
b1101 ,
b1100 e
1.
#87408000
0.
#87426000
19
b1110 ,
b1110 X
b1101 e
1.
#87444000
0.
#87462000
09
b0 X
1-
b0 ,
b1110 e
1.
#87480000
0.
#87498000
0-
b1 ,
b1 X
b1111 e
1.
#87516000
0.
#87534000
b10 X
b10 ,
b10000 e
1.
#87552000
0.
#87570000
b11 ,
b11 X
b10001 e
1.
#87588000
0.
#87606000
b100 X
b100 ,
b10010 e
1.
#87624000
0.
#87642000
b101 ,
b101 X
b10011 e
1.
#87660000
0.
#87678000
b110 X
b110 ,
b10100 e
1.
#87696000
0.
#87714000
b111 ,
b111 X
b10101 e
1.
#87732000
0.
#87750000
b1000 X
b1000 ,
b10110 e
1.
#87768000
0.
#87786000
b1001 ,
b1001 X
b10111 e
1.
#87804000
0.
#87822000
b1010 X
b1010 ,
b11000 e
1.
#87840000
0.
#87858000
b1011 ,
b1011 X
b11001 e
1.
#87876000
0.
#87894000
b1100 X
b1100 ,
b11010 e
1.
#87912000
0.
#87930000
b1101 ,
b1101 X
b11011 e
1.
#87948000
0.
#87966000
19
b1110 X
b1110 ,
b11100 e
1.
#87984000
0.
#88002000
09
1-
b0 ,
b0 X
b11101 e
1.
#88020000
0.
#88038000
b1 X
0-
b1 ,
b11110 e
1.
#88056000
0.
#88074000
b10 ,
b10 X
b11111 e
1.
#88092000
0.
#88110000
b11 X
b11 ,
b100000 e
1.
#88128000
0.
#88146000
b100 ,
b100 X
b100001 e
1.
#88164000
0.
#88182000
b101 X
b101 ,
b100010 e
1.
#88200000
0.
#88218000
b110 ,
b110 X
b100011 e
1.
#88236000
0.
#88254000
b111 X
b111 ,
b100100 e
1.
#88272000
0.
#88290000
b1000 ,
b1000 X
b100101 e
1.
#88308000
0.
#88326000
b1001 X
b1001 ,
b100110 e
1.
#88344000
0.
#88362000
b1010 ,
b1010 X
b100111 e
1.
#88380000
0.
#88398000
b1011 X
b1011 ,
b101000 e
1.
#88416000
0.
#88434000
b1100 ,
b1100 X
b101001 e
1.
#88452000
0.
#88470000
b1101 X
b1101 ,
b101010 e
1.
#88488000
0.
#88506000
19
b1110 ,
b1110 X
b101011 e
1.
#88524000
0.
#88542000
09
b0 X
1-
b0 ,
b101100 e
1.
#88560000
0.
#88578000
0-
b1 ,
b1 X
b101101 e
1.
#88596000
0.
#88614000
b10 X
b10 ,
b101110 e
1.
#88632000
0.
#88650000
b11 ,
b11 X
b101111 e
1.
#88668000
0.
#88686000
b100 X
b100 ,
b110000 e
1.
#88704000
0.
#88722000
b101 ,
b101 X
b110001 e
1.
#88740000
0.
#88758000
b110 X
b110 ,
b110010 e
1.
#88776000
0.
#88794000
b111 ,
b111 X
b110011 e
1.
#88812000
0.
#88830000
b1000 X
b1000 ,
b110100 e
1.
#88848000
0.
#88866000
b1001 ,
b1001 X
b110101 e
1.
#88884000
0.
#88902000
b1010 X
b1010 ,
b110110 e
1.
#88920000
0.
#88938000
b1011 ,
b1011 X
b110111 e
1.
#88956000
0.
#88974000
b1100 X
b1100 ,
b111000 e
1.
#88992000
0.
#89010000
b1101 ,
b1101 X
b111001 e
1.
#89028000
0.
#89046000
19
b1110 X
b1110 ,
b111010 e
1.
#89064000
0.
#89082000
09
1-
b0 ,
b0 X
b111011 e
1.
#89100000
0.
#89118000
b1 X
0-
b1 ,
b111100 e
1.
#89136000
0.
#89154000
b10 ,
b10 X
b111101 e
1.
#89172000
0.
#89190000
b11 X
b11 ,
b111110 e
1.
#89208000
0.
#89226000
b100 ,
b100 X
b111111 e
1.
#89244000
0.
#89262000
b101 X
b101 ,
b1000000 e
1.
#89280000
0.
#89298000
b110 ,
b110 X
b1000001 e
1.
#89316000
0.
#89334000
b111 X
b111 ,
b1000010 e
1.
#89352000
0.
#89370000
b1000 ,
b1000 X
b1000011 e
1.
#89388000
0.
#89406000
b1001 X
b1001 ,
b1000100 e
1.
#89424000
0.
#89442000
b1010 ,
b1010 X
b1000101 e
1.
#89460000
0.
#89478000
b1011 X
b1011 ,
b1000110 e
1.
#89496000
0.
#89514000
b1100 ,
b1100 X
b1000111 e
1.
#89532000
0.
#89550000
b1101 X
b1101 ,
b1001000 e
1.
#89568000
0.
#89586000
19
b1110 ,
b1110 X
b1001001 e
1.
#89604000
0.
#89622000
09
b0 X
1-
b0 ,
b1001010 e
1.
#89640000
0.
#89658000
0-
b1 ,
b1 X
b1001011 e
1.
#89676000
0.
#89694000
b10 X
b10 ,
b1001100 e
1.
#89712000
0.
#89730000
b11 ,
b11 X
b1001101 e
1.
#89748000
0.
#89766000
b100 X
b100 ,
b1001110 e
1.
#89784000
0.
#89802000
b101 ,
b101 X
b1001111 e
1.
#89820000
0.
#89838000
b110 X
b110 ,
b1010000 e
1.
#89856000
0.
#89874000
b111 ,
b111 X
b1010001 e
1.
#89892000
0.
#89910000
b1000 X
b1000 ,
b1010010 e
1.
#89928000
0.
#89946000
b1001 ,
b1001 X
b1010011 e
1.
#89964000
0.
#89982000
b1010 X
b1010 ,
b1010100 e
1.
#90000000
0.
#90018000
b1011 ,
b1011 X
b1010101 e
1.
#90036000
0.
#90054000
b1100 X
b1100 ,
b1010110 e
1.
#90072000
0.
#90090000
b1101 ,
b1101 X
b1010111 e
1.
#90108000
0.
#90126000
19
b1110 X
b1110 ,
b1011000 e
1.
#90144000
0.
#90162000
09
1-
b0 ,
b0 X
b1011001 e
1.
#90180000
0.
#90198000
b1 X
0-
b1 ,
b1011010 e
1.
#90216000
0.
#90234000
b10 ,
b10 X
b1011011 e
1.
#90252000
0.
#90270000
b11 X
b11 ,
b1011100 e
1.
#90288000
0.
#90306000
b100 ,
b100 X
b1011101 e
1.
#90324000
0.
#90342000
b101 X
b101 ,
b1011110 e
1.
#90360000
0.
#90378000
b110 ,
b110 X
b1011111 e
1.
#90396000
0.
#90414000
b111 X
b111 ,
b1100000 e
1.
#90432000
0.
#90450000
b1000 ,
b1000 X
b1100001 e
1.
#90468000
0.
#90486000
b1001 X
b1001 ,
b1100010 e
1.
#90504000
0.
#90522000
b1010 ,
b1010 X
b1100011 e
1.
#90540000
0.
#90558000
b1011 X
b1011 ,
b1100100 e
1.
#90576000
0.
#90594000
b1100 ,
b1100 X
b1100101 e
1.
#90612000
0.
#90630000
b1101 X
b1101 ,
b1100110 e
1.
#90648000
0.
#90666000
19
b1110 ,
b1110 X
b1100111 e
1.
#90684000
0.
#90702000
09
b0 X
1-
b0 ,
b1101000 e
1.
#90720000
0.
#90738000
0-
b1 ,
b1 X
b1101001 e
1.
#90756000
0.
#90774000
b10 X
b10 ,
b1101010 e
1.
#90792000
0.
#90810000
b11 ,
b11 X
b1101011 e
1.
#90828000
0.
#90846000
b100 X
b100 ,
b1101100 e
1.
#90864000
0.
#90882000
b101 ,
b101 X
b1101101 e
1.
#90900000
0.
#90918000
b110 X
b110 ,
b1101110 e
1.
#90936000
0.
#90954000
b111 ,
b111 X
b1101111 e
1.
#90972000
0.
#90990000
b1000 X
b1000 ,
b1110000 e
1.
#91008000
0.
#91026000
b1001 ,
b1001 X
b1110001 e
1.
#91044000
0.
#91062000
b1010 X
b1010 ,
b1110010 e
1.
#91080000
0.
#91098000
b1011 ,
b1011 X
b1110011 e
1.
#91116000
0.
#91134000
b1100 X
b1100 ,
b1110100 e
1.
#91152000
0.
#91170000
b1101 ,
b1101 X
b1110101 e
1.
#91188000
0.
#91206000
19
b1110 X
b1110 ,
b1110110 e
1.
#91224000
0.
#91242000
09
1-
b0 ,
b0 X
b1110111 e
1.
#91260000
0.
#91278000
b1 X
0-
b1 ,
b1111000 e
1.
#91296000
0.
#91314000
b10 ,
b10 X
b1111001 e
1.
#91332000
0.
#91350000
b11 X
b11 ,
b1111010 e
1.
#91368000
0.
#91386000
b100 ,
b100 X
b1111011 e
1.
#91404000
0.
#91422000
b101 X
b101 ,
b1111100 e
1.
#91440000
0.
#91458000
b110 ,
b110 X
b1111101 e
1.
#91476000
0.
#91494000
b111 X
b111 ,
b1111110 e
1.
#91512000
0.
#91530000
b1000 ,
b1000 X
b1111111 e
1.
#91548000
0.
#91566000
b1001 X
b1001 ,
b10000000 e
1.
#91584000
0.
#91602000
b1010 ,
b1010 X
b10000001 e
1.
#91620000
0.
#91638000
b1011 X
b1011 ,
b10000010 e
1.
#91656000
0.
#91674000
b1100 ,
b1100 X
b10000011 e
1.
#91692000
0.
#91710000
b1101 X
b1101 ,
b10000100 e
1.
#91728000
0.
#91746000
19
b1110 ,
b1110 X
b10000101 e
1.
#91764000
0.
#91782000
09
b0 X
1-
b0 ,
b10000110 e
1.
#91800000
0.
#91818000
0-
b1 ,
b1 X
b10000111 e
1.
#91836000
0.
#91854000
b10 X
b10 ,
b10001000 e
1.
#91872000
0.
#91890000
b11 ,
b11 X
b10001001 e
1.
#91908000
0.
#91926000
b100 X
b100 ,
b10001010 e
1.
#91944000
0.
#91962000
b101 ,
b101 X
b10001011 e
1.
#91980000
0.
#91998000
b110 X
b110 ,
b10001100 e
1.
#92016000
0.
#92034000
b111 ,
b111 X
b10001101 e
1.
#92052000
0.
#92070000
b1000 X
b1000 ,
b10001110 e
1.
#92088000
0.
#92106000
b1001 ,
b1001 X
b10001111 e
1.
#92124000
0.
#92142000
b1010 X
b1010 ,
b10010000 e
1.
#92160000
0.
#92178000
b1011 ,
b1011 X
b10010001 e
1.
#92196000
0.
#92214000
b1100 X
b1100 ,
b10010010 e
1.
#92232000
0.
#92250000
b1101 ,
b1101 X
b10010011 e
1.
#92268000
0.
#92286000
19
b1110 X
b1110 ,
b10010100 e
1.
#92304000
0.
#92322000
09
1-
b0 ,
b0 X
b10010101 e
1.
#92340000
0.
#92358000
b1 X
0-
b1 ,
b10010110 e
1.
#92376000
0.
#92394000
b10 ,
b10 X
b10010111 e
1.
#92412000
0.
#92430000
b11 X
b11 ,
b10011000 e
1.
#92448000
0.
#92466000
b100 ,
b100 X
b10011001 e
1.
#92484000
0.
#92502000
b101 X
b101 ,
b10011010 e
1.
#92520000
0.
#92538000
b110 ,
b110 X
b10011011 e
1.
#92556000
0.
#92574000
b111 X
b111 ,
b10011100 e
1.
#92592000
0.
#92610000
b1000 ,
b1000 X
b10011101 e
1.
#92628000
0.
#92646000
b1001 X
b1001 ,
b10011110 e
1.
#92664000
0.
#92682000
b1010 ,
b1010 X
b10011111 e
1.
#92700000
0.
#92718000
b1011 X
b1011 ,
b10100000 e
1.
#92736000
0.
#92754000
b1100 ,
b1100 X
b10100001 e
1.
#92772000
0.
#92790000
b1101 X
b1101 ,
b10100010 e
1.
#92808000
0.
#92826000
19
b1110 ,
b1110 X
b10100011 e
1.
#92844000
0.
#92862000
09
b0 X
1-
b0 ,
b10100100 e
1.
#92880000
0.
#92898000
0-
b1 ,
b1 X
b10100101 e
1.
#92916000
0.
#92934000
b10 X
b10 ,
b10100110 e
1.
#92952000
0.
#92970000
b11 ,
b11 X
b10100111 e
1.
#92988000
0.
#93006000
b100 X
b100 ,
b10101000 e
1.
#93024000
0.
#93042000
b101 ,
b101 X
b10101001 e
1.
#93060000
0.
#93078000
b110 X
b110 ,
b10101010 e
1.
#93096000
0.
#93114000
b111 ,
b111 X
b10101011 e
1.
#93132000
0.
#93150000
b1000 X
b1000 ,
b10101100 e
1.
#93168000
0.
#93186000
b1001 ,
b1001 X
b10101101 e
1.
#93204000
0.
#93222000
b1010 X
b1010 ,
b10101110 e
1.
#93240000
0.
#93258000
b1011 ,
b1011 X
b10101111 e
1.
#93276000
0.
#93294000
b1100 X
b1100 ,
b10110000 e
1.
#93312000
0.
#93330000
b1101 ,
b1101 X
b10110001 e
1.
#93348000
0.
#93366000
19
b1110 X
b1110 ,
b10110010 e
1.
#93384000
0.
#93402000
09
1-
b0 ,
b0 X
b10110011 e
1.
#93420000
0.
#93438000
b1 X
0-
b1 ,
b10110100 e
1.
#93456000
0.
#93474000
b10 ,
b10 X
b10110101 e
1.
#93492000
0.
#93510000
b11 X
b11 ,
b10110110 e
1.
#93528000
0.
#93546000
b100 ,
b100 X
b10110111 e
1.
#93564000
0.
#93582000
b101 X
b101 ,
b10111000 e
1.
#93600000
0.
#93618000
b110 ,
b110 X
b10111001 e
1.
#93636000
0.
#93654000
b111 X
b111 ,
b10111010 e
1.
#93672000
0.
#93690000
b1000 ,
b1000 X
b10111011 e
1.
#93708000
0.
#93726000
b1001 X
b1001 ,
b10111100 e
1.
#93744000
0.
#93762000
b1010 ,
b1010 X
b10111101 e
1.
#93780000
0.
#93798000
b1011 X
b1011 ,
b10111110 e
1.
#93816000
0.
#93834000
b1100 ,
b1100 X
b10111111 e
1.
#93852000
0.
#93870000
b1101 X
b1101 ,
b11000000 e
1.
#93888000
0.
#93906000
19
b1110 ,
b1110 X
b11000001 e
1.
#93924000
0.
#93942000
09
b0 X
1-
b0 ,
b11000010 e
1.
#93960000
0.
#93978000
0-
b1 ,
b1 X
b11000011 e
1.
#93996000
0.
#94014000
b10 X
b10 ,
b11000100 e
1.
#94032000
0.
#94050000
b11 ,
b11 X
b11000101 e
1.
#94068000
0.
#94086000
b100 X
b100 ,
b11000110 e
1.
#94104000
0.
#94122000
b101 ,
b101 X
b11000111 e
1.
#94140000
0.
#94158000
b110 X
b110 ,
b11001000 e
1.
#94176000
0.
#94194000
b111 ,
b111 X
b11001001 e
1.
#94212000
0.
#94230000
b1000 X
b1000 ,
b11001010 e
1.
#94248000
0.
#94266000
b1001 ,
b1001 X
b11001011 e
1.
#94284000
0.
#94302000
b1010 X
b1010 ,
b11001100 e
1.
#94320000
0.
#94338000
b1011 ,
b1011 X
b11001101 e
1.
#94356000
0.
#94374000
b1100 X
b1100 ,
b11001110 e
1.
#94392000
0.
#94410000
b1101 ,
b1101 X
b11001111 e
1.
#94428000
0.
#94446000
19
b1110 X
b1110 ,
b11010000 e
1.
#94464000
0.
#94482000
09
1-
b0 ,
b0 X
b11010001 e
1.
#94500000
0.
#94518000
b1 X
0-
b1 ,
b11010010 e
1.
#94536000
0.
#94554000
b10 ,
b10 X
b11010011 e
1.
#94572000
0.
#94590000
b11 X
b11 ,
b11010100 e
1.
#94608000
0.
#94626000
b100 ,
b100 X
b11010101 e
1.
#94644000
0.
#94662000
b101 X
b101 ,
b11010110 e
1.
#94680000
0.
#94698000
b110 ,
b110 X
b11010111 e
1.
#94716000
0.
#94734000
b111 X
b111 ,
b11011000 e
1.
#94752000
0.
#94770000
b1000 ,
b1000 X
b11011001 e
1.
#94788000
0.
#94806000
b1001 X
b1001 ,
b11011010 e
1.
#94824000
0.
#94842000
b1010 ,
b1010 X
b11011011 e
1.
#94860000
0.
#94878000
b1011 X
b1011 ,
b11011100 e
1.
#94896000
0.
#94914000
b1100 ,
b1100 X
b11011101 e
1.
#94932000
0.
#94950000
b1101 X
b1101 ,
b11011110 e
1.
#94968000
0.
#94986000
19
b1110 ,
b1110 X
b11011111 e
1.
#95004000
0.
#95022000
09
b0 X
1-
b0 ,
b11100000 e
1.
#95040000
0.
#95058000
0-
b1 ,
b1 X
b11100001 e
1.
#95076000
0.
#95094000
b10 X
b10 ,
b11100010 e
1.
#95112000
0.
#95130000
b11 ,
b11 X
b11100011 e
1.
#95148000
0.
#95166000
b100 X
b100 ,
b11100100 e
1.
#95184000
0.
#95202000
b101 ,
b101 X
b11100101 e
1.
#95220000
0.
#95238000
b110 X
b110 ,
b11100110 e
1.
#95256000
0.
#95274000
b111 ,
b111 X
b11100111 e
1.
#95292000
0.
#95310000
b1000 X
b1000 ,
b11101000 e
1.
#95328000
0.
#95346000
b1001 ,
b1001 X
b11101001 e
1.
#95364000
0.
#95382000
b1010 X
b1010 ,
b11101010 e
1.
#95400000
0.
#95418000
b1011 ,
b1011 X
b11101011 e
1.
#95436000
0.
#95454000
b1100 X
b1100 ,
b11101100 e
1.
#95472000
0.
#95490000
b1101 ,
b1101 X
b11101101 e
1.
#95508000
0.
#95526000
19
b1110 X
b1110 ,
b11101110 e
1.
#95544000
0.
#95562000
09
1-
b0 ,
b0 X
b11101111 e
1.
#95580000
0.
#95598000
b1 X
0-
b1 ,
0"
03
b11110000 e
1.
#95616000
0.
#95634000
b10 ,
b10 X
0G
b11110001 e
1.
#95652000
0.
#95670000
0H
b11 X
b11 ,
b11110010 e
1.
#95688000
0.
#95706000
b1 F
b100 ,
b100 X
0I
b11110011 e
1.
#95724000
0.
#95742000
b1 C
b101 X
b101 ,
b11110100 e
1.
#95760000
0.
#95778000
b110 ,
b110 X
b11110101 e
1.
#95796000
0.
#95814000
b111 X
b111 ,
b11110110 e
1.
#95832000
0.
#95850000
b1000 ,
b1000 X
b11110111 e
1.
#95868000
0.
#95886000
b1001 X
b1001 ,
b11111000 e
1.
#95904000
0.
#95922000
b1010 ,
b1010 X
b11111001 e
1.
#95940000
0.
#95958000
b1011 X
b1011 ,
b11111010 e
1.
#95976000
0.
#95994000
b1100 ,
b1100 X
b11111011 e
1.
#96012000
0.
#96030000
b1101 X
b1101 ,
b11111100 e
1.
#96048000
0.
#96066000
19
b1110 ,
b1110 X
b11111101 e
1.
#96084000
0.
#96102000
09
b1 J
b0 X
1-
b0 ,
b11111110 e
1.
#96120000
0.
#96138000
0-
b1 ,
b1 X
b11111111 e
1.
#96156000
0.
#96174000
b10 X
b10 ,
b100000000 e
1.
#96192000
0.
#96210000
b11 ,
b11 X
b100000001 e
1.
#96228000
0.
#96246000
b100 X
b100 ,
b100000010 e
1.
#96264000
0.
#96282000
b101 ,
b101 X
b100000011 e
1.
#96300000
0.
#96318000
b110 X
b110 ,
b100000100 e
1.
#96336000
0.
#96354000
b111 ,
b111 X
b100000101 e
1.
#96372000
0.
#96390000
b1000 X
b1000 ,
b100000110 e
1.
#96408000
0.
#96426000
b1001 ,
b1001 X
b100000111 e
1.
#96444000
0.
#96462000
b1010 X
b1010 ,
b100001000 e
1.
#96480000
0.
#96498000
b1011 ,
b1011 X
b100001001 e
1.
#96516000
0.
#96534000
b1100 X
b1100 ,
b100001010 e
1.
#96552000
0.
#96570000
b1101 ,
b1101 X
b100001011 e
1.
#96588000
0.
#96606000
19
b1110 X
b1110 ,
b100001100 e
1.
#96624000
0.
#96642000
09
1-
b0 ,
b0 X
b10 J
b100001101 e
1.
#96660000
0.
#96678000
b1 X
0-
b1 ,
b100001110 e
1.
#96696000
0.
#96714000
b10 ,
b10 X
b100001111 e
1.
#96732000
0.
#96750000
b11 X
b11 ,
b100010000 e
1.
#96768000
0.
#96786000
b100 ,
b100 X
b100010001 e
1.
#96804000
0.
#96822000
b101 X
b101 ,
b100010010 e
1.
#96840000
0.
#96858000
b110 ,
b110 X
b100010011 e
1.
#96876000
0.
#96894000
b111 X
b111 ,
b100010100 e
1.
#96912000
0.
#96930000
b1000 ,
b1000 X
b100010101 e
1.
#96948000
0.
#96966000
b1001 X
b1001 ,
b100010110 e
1.
#96984000
0.
#97002000
b1010 ,
b1010 X
b100010111 e
1.
#97020000
0.
#97038000
b1011 X
b1011 ,
b100011000 e
1.
#97056000
0.
#97074000
b1100 ,
b1100 X
b100011001 e
1.
#97092000
0.
#97110000
b1101 X
b1101 ,
b100011010 e
1.
#97128000
0.
#97146000
19
b1110 ,
b1110 X
b100011011 e
1.
#97164000
0.
#97182000
09
b11 J
b0 X
1-
b0 ,
b100011100 e
1.
#97200000
0.
#97218000
0-
b1 ,
b1 X
b100011101 e
1.
#97236000
0.
#97254000
b10 X
b10 ,
b100011110 e
1.
#97272000
0.
#97290000
b11 ,
b11 X
b100011111 e
1.
#97308000
0.
#97326000
b100 X
b100 ,
b100100000 e
1.
#97344000
0.
#97362000
b101 ,
b101 X
b100100001 e
1.
#97380000
0.
#97398000
b110 X
b110 ,
b100100010 e
1.
#97416000
0.
#97434000
b111 ,
b111 X
b100100011 e
1.
#97452000
0.
#97470000
b1000 X
b1000 ,
b100100100 e
1.
#97488000
0.
#97506000
b1001 ,
b1001 X
b100100101 e
1.
#97524000
0.
#97542000
b1010 X
b1010 ,
b100100110 e
1.
#97560000
0.
#97578000
b1011 ,
b1011 X
b100100111 e
1.
#97596000
0.
#97614000
b1100 X
b1100 ,
b100101000 e
1.
#97632000
0.
#97650000
b1101 ,
b1101 X
b100101001 e
1.
#97668000
0.
#97686000
19
b1110 X
b1110 ,
b100101010 e
1.
#97704000
0.
#97722000
09
1-
b0 ,
b0 X
b100 J
b100101011 e
1.
#97740000
0.
#97758000
b1 X
0-
b1 ,
b100101100 e
1.
#97776000
0.
#97794000
b10 ,
b10 X
b100101101 e
1.
#97812000
0.
#97830000
b11 X
b11 ,
b100101110 e
1.
#97848000
0.
#97866000
b100 ,
b100 X
b100101111 e
1.
#97884000
0.
#97902000
b101 X
b101 ,
b100110000 e
1.
#97920000
0.
#97938000
b110 ,
b110 X
b100110001 e
1.
#97956000
0.
#97974000
b111 X
b111 ,
b100110010 e
1.
#97992000
0.
#98010000
b1000 ,
b1000 X
b100110011 e
1.
#98028000
0.
#98046000
b1001 X
b1001 ,
b100110100 e
1.
#98064000
0.
#98082000
b1010 ,
b1010 X
b100110101 e
1.
#98100000
0.
#98118000
b1011 X
b1011 ,
b100110110 e
1.
#98136000
0.
#98154000
b1100 ,
b1100 X
b100110111 e
1.
#98172000
0.
#98190000
b1101 X
b1101 ,
b100111000 e
1.
#98208000
0.
#98226000
19
b1110 ,
b1110 X
b100111001 e
1.
#98244000
0.
#98262000
09
b101 J
b0 X
1-
b0 ,
b100111010 e
1.
#98280000
0.
#98298000
0-
b1 ,
b1 X
b100111011 e
1.
#98316000
0.
#98334000
b10 X
b10 ,
b100111100 e
1.
#98352000
0.
#98370000
b11 ,
b11 X
b100111101 e
1.
#98388000
0.
#98406000
b100 X
b100 ,
b100111110 e
1.
#98424000
0.
#98442000
b101 ,
b101 X
b100111111 e
1.
#98460000
0.
#98478000
b110 X
b110 ,
b101000000 e
1.
#98496000
0.
#98514000
b111 ,
b111 X
b101000001 e
1.
#98532000
0.
#98550000
b1000 X
b1000 ,
b101000010 e
1.
#98568000
0.
#98586000
b1001 ,
b1001 X
b101000011 e
1.
#98604000
0.
#98622000
b1010 X
b1010 ,
b101000100 e
1.
#98640000
0.
#98658000
b1011 ,
b1011 X
b101000101 e
1.
#98676000
0.
#98694000
b1100 X
b1100 ,
b101000110 e
1.
#98712000
0.
#98730000
b1101 ,
b1101 X
b101000111 e
1.
#98748000
0.
#98766000
19
b1110 X
b1110 ,
b101001000 e
1.
#98784000
0.
#98802000
09
1-
b0 ,
b0 X
b110 J
b101001001 e
1.
#98820000
0.
#98838000
b1 X
0-
b1 ,
b101001010 e
1.
#98856000
0.
#98874000
b10 ,
b10 X
b101001011 e
1.
#98892000
0.
#98910000
b11 X
b11 ,
b101001100 e
1.
#98928000
0.
#98946000
b100 ,
b100 X
b101001101 e
1.
#98964000
0.
#98982000
b101 X
b101 ,
b101001110 e
1.
#99000000
0.
#99018000
b110 ,
b110 X
b101001111 e
1.
#99036000
0.
#99054000
b111 X
b111 ,
b101010000 e
1.
#99072000
0.
#99090000
b1000 ,
b1000 X
b101010001 e
1.
#99108000
0.
#99126000
b1001 X
b1001 ,
b101010010 e
1.
#99144000
0.
#99162000
b1010 ,
b1010 X
b101010011 e
1.
#99180000
0.
#99198000
b1011 X
b1011 ,
b101010100 e
1.
#99216000
0.
#99234000
b1100 ,
b1100 X
b101010101 e
1.
#99252000
0.
#99270000
b1101 X
b1101 ,
b101010110 e
1.
#99288000
0.
#99306000
19
b1110 ,
b1110 X
b101010111 e
1.
#99324000
0.
#99342000
b10 F
09
b111 J
b0 X
1-
b0 ,
b101011000 e
1.
#99360000
0.
#99378000
0-
b1 ,
b1 X
b101011001 e
1.
#99396000
0.
#99414000
b10 X
b10 ,
b101011010 e
1.
#99432000
0.
#99450000
b11 ,
b11 X
b101011011 e
1.
#99468000
0.
#99486000
b100 X
b100 ,
b101011100 e
1.
#99504000
0.
#99522000
b101 ,
b101 X
b101011101 e
1.
#99540000
0.
#99558000
b110 X
b110 ,
b101011110 e
1.
#99576000
0.
#99594000
b111 ,
b111 X
b101011111 e
1.
#99612000
0.
#99630000
b1000 X
b1000 ,
b101100000 e
1.
#99648000
0.
#99666000
b1001 ,
b1001 X
b101100001 e
1.
#99684000
0.
#99702000
b1010 X
b1010 ,
b101100010 e
1.
#99720000
0.
#99738000
b1011 ,
b1011 X
b101100011 e
1.
#99756000
0.
#99774000
b1100 X
b1100 ,
b101100100 e
1.
#99792000
0.
#99810000
b1101 ,
b1101 X
b101100101 e
1.
#99828000
0.
#99846000
19
b1110 X
b1110 ,
b101100110 e
1.
#99864000
0.
#99882000
09
1-
b0 ,
b0 X
b0 J
b10 C
b101100111 e
1.
#99900000
0.
#99918000
b1 X
0-
b1 ,
b101101000 e
1.
#99936000
0.
#99954000
b10 ,
b10 X
b101101001 e
1.
#99972000
0.
#99990000
b11 X
b11 ,
b101101010 e
1.
#100008000
0.
#100026000
b100 ,
b100 X
b101101011 e
1.
#100044000
0.
#100062000
b101 X
b101 ,
b101101100 e
1.
#100080000
0.
#100098000
b110 ,
b110 X
b101101101 e
1.
#100116000
0.
#100134000
b111 X
b111 ,
b101101110 e
1.
#100152000
0.
#100170000
b1000 ,
b1000 X
b101101111 e
1.
#100188000
0.
#100206000
b1001 X
b1001 ,
b101110000 e
1.
#100224000
0.
#100242000
b1010 ,
b1010 X
b101110001 e
1.
#100260000
0.
#100278000
b1011 X
b1011 ,
b101110010 e
1.
#100296000
0.
#100314000
b1100 ,
b1100 X
b101110011 e
1.
#100332000
0.
#100350000
b1101 X
b1101 ,
b101110100 e
1.
#100368000
0.
#100386000
19
b1110 ,
b1110 X
b101110101 e
1.
#100404000
0.
#100422000
09
b1 J
b0 X
1-
b0 ,
b101110110 e
1.
#100440000
0.
#100458000
0-
b1 ,
b1 X
b101110111 e
1.
#100476000
0.
#100494000
b10 X
b10 ,
b101111000 e
1.
#100512000
0.
#100530000
b11 ,
b11 X
b101111001 e
1.
#100548000
0.
#100566000
b100 X
b100 ,
b101111010 e
1.
#100584000
0.
#100602000
b101 ,
b101 X
b101111011 e
1.
#100620000
0.
#100638000
b110 X
b110 ,
b101111100 e
1.
#100656000
0.
#100674000
b111 ,
b111 X
b101111101 e
1.
#100692000
0.
#100710000
b1000 X
b1000 ,
b101111110 e
1.
#100728000
0.
#100746000
b1001 ,
b1001 X
b101111111 e
1.
#100764000
0.
#100782000
b1010 X
b1010 ,
b110000000 e
1.
#100800000
0.
#100818000
b1011 ,
b1011 X
b110000001 e
1.
#100836000
0.
#100854000
b1100 X
b1100 ,
b110000010 e
1.
#100872000
0.
#100890000
b1101 ,
b1101 X
b110000011 e
1.
#100908000
0.
#100926000
19
b1110 X
b1110 ,
b110000100 e
1.
#100944000
0.
#100962000
09
1-
b0 ,
b0 X
b10 J
b110000101 e
1.
#100980000
0.
#100998000
b1 X
0-
b1 ,
b110000110 e
1.
#101016000
0.
#101034000
b10 ,
b10 X
b110000111 e
1.
#101052000
0.
#101070000
b11 X
b11 ,
b110001000 e
1.
#101088000
0.
#101106000
b100 ,
b100 X
b110001001 e
1.
#101124000
0.
#101142000
b101 X
b101 ,
b110001010 e
1.
#101160000
0.
#101178000
b110 ,
b110 X
b110001011 e
1.
#101196000
0.
#101214000
b111 X
b111 ,
b110001100 e
1.
#101232000
0.
#101250000
b1000 ,
b1000 X
b110001101 e
1.
#101268000
0.
#101286000
b1001 X
b1001 ,
b110001110 e
1.
#101304000
0.
#101322000
b1010 ,
b1010 X
b110001111 e
1.
#101340000
0.
#101358000
b1011 X
b1011 ,
b110010000 e
1.
#101376000
0.
#101394000
b1100 ,
b1100 X
b110010001 e
1.
#101412000
0.
#101430000
b1101 X
b1101 ,
b110010010 e
1.
#101448000
0.
#101466000
19
b1110 ,
b1110 X
b110010011 e
1.
#101484000
0.
#101502000
09
b11 J
b0 X
1-
b0 ,
b110010100 e
1.
#101520000
0.
#101538000
0-
b1 ,
b1 X
b110010101 e
1.
#101556000
0.
#101574000
b10 X
b10 ,
b110010110 e
1.
#101592000
0.
#101610000
b11 ,
b11 X
b110010111 e
1.
#101628000
0.
#101646000
b100 X
b100 ,
b110011000 e
1.
#101664000
0.
#101682000
b101 ,
b101 X
b110011001 e
1.
#101700000
0.
#101718000
b110 X
b110 ,
b110011010 e
1.
#101736000
0.
#101754000
b111 ,
b111 X
b110011011 e
1.
#101772000
0.
#101790000
b1000 X
b1000 ,
b110011100 e
1.
#101808000
0.
#101826000
b1001 ,
b1001 X
b110011101 e
1.
#101844000
0.
#101862000
b1010 X
b1010 ,
b110011110 e
1.
#101880000
0.
#101898000
b1011 ,
b1011 X
b110011111 e
1.
#101916000
0.
#101934000
b1100 X
b1100 ,
b110100000 e
1.
#101952000
0.
#101970000
b1101 ,
b1101 X
b110100001 e
1.
#101988000
0.
#102006000
19
b1110 X
b1110 ,
b110100010 e
1.
#102024000
0.
#102042000
09
1-
b0 ,
b0 X
b100 J
b110100011 e
1.
#102060000
0.
#102078000
b1 X
0-
b1 ,
b110100100 e
1.
#102096000
0.
#102114000
b10 ,
b10 X
b110100101 e
1.
#102132000
0.
#102150000
b11 X
b11 ,
b110100110 e
1.
#102168000
0.
#102186000
b100 ,
b100 X
b110100111 e
1.
#102204000
0.
#102222000
b101 X
b101 ,
b110101000 e
1.
#102240000
0.
#102258000
b110 ,
b110 X
b110101001 e
1.
#102276000
0.
#102294000
b111 X
b111 ,
b110101010 e
1.
#102312000
0.
#102330000
b1000 ,
b1000 X
b110101011 e
1.
#102348000
0.
#102366000
b1001 X
b1001 ,
b110101100 e
1.
#102384000
0.
#102402000
b1010 ,
b1010 X
b110101101 e
1.
#102420000
0.
#102438000
b1011 X
b1011 ,
b110101110 e
1.
#102456000
0.
#102474000
b1100 ,
b1100 X
b110101111 e
1.
#102492000
0.
#102510000
b1101 X
b1101 ,
b110110000 e
1.
#102528000
0.
#102546000
19
b1110 ,
b1110 X
b110110001 e
1.
#102564000
0.
#102582000
09
b101 J
b0 X
1-
b0 ,
b110110010 e
1.
#102600000
0.
#102618000
0-
b1 ,
b1 X
b110110011 e
1.
#102636000
0.
#102654000
b10 X
b10 ,
b110110100 e
1.
#102672000
0.
#102690000
b11 ,
b11 X
b110110101 e
1.
#102708000
0.
#102726000
b100 X
b100 ,
b110110110 e
1.
#102744000
0.
#102762000
b101 ,
b101 X
b110110111 e
1.
#102780000
0.
#102798000
b110 X
b110 ,
b110111000 e
1.
#102816000
0.
#102834000
b111 ,
b111 X
b110111001 e
1.
#102852000
0.
#102870000
b1000 X
b1000 ,
b110111010 e
1.
#102888000
0.
#102906000
b1001 ,
b1001 X
b110111011 e
1.
#102924000
0.
#102942000
b1010 X
b1010 ,
b110111100 e
1.
#102960000
0.
#102978000
b1011 ,
b1011 X
b110111101 e
1.
#102996000
0.
#103014000
b1100 X
b1100 ,
b110111110 e
1.
#103032000
0.
#103050000
b1101 ,
b1101 X
b110111111 e
1.
#103068000
0.
#103086000
19
b1110 X
b1110 ,
b111000000 e
1.
#103104000
0.
#103122000
09
1-
b0 ,
b0 X
b110 J
b111000001 e
1.
#103140000
0.
#103158000
b1 X
0-
b1 ,
b111000010 e
1.
#103176000
0.
#103194000
b10 ,
b10 X
b111000011 e
1.
#103212000
0.
#103230000
b11 X
b11 ,
b111000100 e
1.
#103248000
0.
#103266000
b100 ,
b100 X
b111000101 e
1.
#103284000
0.
#103302000
b101 X
b101 ,
b111000110 e
1.
#103320000
0.
#103338000
b110 ,
b110 X
b111000111 e
1.
#103356000
0.
#103374000
b111 X
b111 ,
b111001000 e
1.
#103392000
0.
#103410000
b1000 ,
b1000 X
b111001001 e
1.
#103428000
0.
#103446000
b1001 X
b1001 ,
b111001010 e
1.
#103464000
0.
#103482000
b1010 ,
b1010 X
b111001011 e
1.
#103500000
0.
#103518000
b1011 X
b1011 ,
b111001100 e
1.
#103536000
0.
#103554000
b1100 ,
b1100 X
b111001101 e
1.
#103572000
0.
#103590000
b1101 X
b1101 ,
b111001110 e
1.
#103608000
0.
#103626000
19
b1110 ,
b1110 X
b111001111 e
1.
#103644000
0.
#103662000
09
b111 J
b0 X
1-
b0 ,
b111010000 e
1.
#103680000
0.
#103698000
0-
b1 ,
b1 X
b111010001 e
1.
#103716000
0.
#103734000
b10 X
b10 ,
b111010010 e
1.
#103752000
0.
#103770000
b11 ,
b11 X
b111010011 e
1.
#103788000
0.
#103806000
b100 X
b100 ,
b111010100 e
1.
#103824000
0.
#103842000
b101 ,
b101 X
b111010101 e
1.
#103860000
0.
#103878000
b110 X
b110 ,
b111010110 e
1.
#103896000
0.
#103914000
b111 ,
b111 X
b111010111 e
1.
#103932000
0.
#103950000
b1000 X
b1000 ,
b111011000 e
1.
#103968000
0.
#103986000
b1001 ,
b1001 X
b111011001 e
1.
#104004000
0.
#104022000
b1010 X
b1010 ,
b111011010 e
1.
#104040000
0.
#104058000
b1011 ,
b1011 X
b111011011 e
1.
#104076000
0.
#104094000
b1100 X
b1100 ,
b111011100 e
1.
#104112000
0.
#104130000
b1101 ,
b1101 X
b111011101 e
1.
#104148000
0.
#104166000
19
b1110 X
b1110 ,
b111011110 e
1.
#104184000
0.
#104202000
09
1-
b0 ,
b0 X
b1000 J
b111011111 e
1.
#104220000
0.
#104238000
b1 X
0-
b1 ,
b0 b
b111100000 e
1.
#104256000
0.
#104274000
b10 ,
b10 X
b111100001 e
1.
#104292000
0.
#104310000
b11 X
b11 ,
b111100010 e
1.
#104328000
0.
#104346000
b100 ,
b100 X
b111100011 e
1.
#104364000
0.
#104382000
b101 X
b101 ,
b111100100 e
1.
#104400000
0.
#104418000
b110 ,
b110 X
b111100101 e
1.
#104436000
0.
#104454000
b111 X
b111 ,
b111100110 e
1.
#104472000
0.
#104490000
b1000 ,
b1000 X
b111100111 e
1.
#104508000
0.
#104526000
b1001 X
b1001 ,
b111101000 e
1.
#104544000
0.
#104562000
b1010 ,
b1010 X
b111101001 e
1.
#104580000
0.
#104598000
b1011 X
b1011 ,
b111101010 e
1.
#104616000
0.
#104634000
b1100 ,
b1100 X
b111101011 e
1.
#104652000
0.
#104670000
b1101 X
b1101 ,
b111101100 e
1.
#104688000
0.
#104706000
19
b1110 ,
b1110 X
b111101101 e
1.
#104724000
0.
#104742000
09
b1001 J
b0 X
1-
b0 ,
b111101110 e
1.
#104760000
0.
#104778000
0-
b1 ,
b1 X
b111101111 e
1.
#104796000
0.
#104814000
b10 X
b10 ,
b111110000 e
1.
#104832000
0.
#104850000
b11 ,
b11 X
b111110001 e
1.
#104868000
0.
#104886000
b100 X
b100 ,
b111110010 e
1.
#104904000
0.
#104922000
b101 ,
b101 X
b111110011 e
1.
#104940000
0.
#104958000
b110 X
b110 ,
b111110100 e
1.
#104976000
0.
#104994000
b111 ,
b111 X
b111110101 e
1.
#105012000
0.
#105030000
b1000 X
b1000 ,
b111110110 e
1.
#105048000
0.
#105066000
b1001 ,
b1001 X
b111110111 e
1.
#105084000
0.
#105102000
b1010 X
b1010 ,
b111111000 e
1.
#105120000
0.
#105138000
b1011 ,
b1011 X
b111111001 e
1.
#105156000
0.
#105174000
b1100 X
b1100 ,
b111111010 e
1.
#105192000
0.
#105210000
b1101 ,
b1101 X
b111111011 e
1.
#105228000
0.
#105246000
19
b1110 X
b1110 ,
b111111100 e
1.
#105264000
0.
#105282000
09
1-
b0 ,
b0 X
b1010 J
b111111101 e
1.
#105300000
0.
#105318000
b1 X
0-
b1 ,
b111111110 e
1.
#105336000
0.
#105354000
b10 ,
b10 X
b111111111 e
1.
#105372000
0.
#105390000
b11 X
b11 ,
b1000000000 e
1.
#105408000
0.
#105426000
b100 ,
b100 X
b1000000001 e
1.
#105444000
0.
#105462000
b101 X
b101 ,
b1000000010 e
1.
#105480000
0.
#105498000
b110 ,
b110 X
b1000000011 e
1.
#105516000
0.
#105534000
b111 X
b111 ,
b1000000100 e
1.
#105552000
0.
#105570000
b1000 ,
b1000 X
b1000000101 e
1.
#105588000
0.
#105606000
b1001 X
b1001 ,
b1000000110 e
1.
#105624000
0.
#105642000
b1010 ,
b1010 X
b1000000111 e
1.
#105660000
0.
#105678000
b1011 X
b1011 ,
b1000001000 e
1.
#105696000
0.
#105714000
b1100 ,
b1100 X
b1000001001 e
1.
#105732000
0.
#105750000
b1101 X
b1101 ,
b1000001010 e
1.
#105768000
0.
#105786000
19
b1110 ,
b1110 X
b1000001011 e
1.
#105804000
0.
#105822000
09
b1011 J
b0 X
1-
b0 ,
b1000001100 e
1.
#105840000
0.
#105858000
0-
b1 ,
b1 X
b1000001101 e
1.
#105876000
0.
#105894000
b10 X
b10 ,
b1000001110 e
1.
#105912000
0.
#105930000
b11 ,
b11 X
b1000001111 e
1.
#105948000
0.
#105966000
b100 X
b100 ,
b1000010000 e
1.
#105984000
0.
#106002000
b101 ,
b101 X
b1000010001 e
1.
#106020000
0.
#106038000
b110 X
b110 ,
b1000010010 e
1.
#106056000
0.
#106074000
b111 ,
b111 X
b1000010011 e
1.
#106092000
0.
#106110000
b1000 X
b1000 ,
b1000010100 e
1.
#106128000
0.
#106146000
b1001 ,
b1001 X
b1000010101 e
1.
#106164000
0.
#106182000
b1010 X
b1010 ,
b1000010110 e
1.
#106200000
0.
#106218000
b1011 ,
b1011 X
b1000010111 e
1.
#106236000
0.
#106254000
b1100 X
b1100 ,
b1000011000 e
1.
#106272000
0.
#106290000
b1101 ,
b1101 X
b1000011001 e
1.
#106308000
0.
#106326000
19
b1110 X
b1110 ,
b1000011010 e
1.
#106344000
0.
#106362000
09
1-
b0 ,
b0 X
b1100 J
b1000011011 e
1.
#106380000
0.
#106398000
b1 X
0-
b1 ,
b1000011100 e
1.
#106416000
0.
#106434000
b10 ,
b10 X
b1000011101 e
1.
#106452000
0.
#106470000
b11 X
b11 ,
b1000011110 e
1.
#106488000
0.
#106506000
b100 ,
b100 X
b1000011111 e
1.
#106524000
0.
#106542000
b101 X
b101 ,
b1000100000 e
1.
#106560000
0.
#106578000
b110 ,
b110 X
b1000100001 e
1.
#106596000
0.
#106614000
b111 X
b111 ,
b1000100010 e
1.
#106632000
0.
#106650000
b1000 ,
b1000 X
b1000100011 e
1.
#106668000
0.
#106686000
b1001 X
b1001 ,
b1000100100 e
1.
#106704000
0.
#106722000
b1010 ,
b1010 X
b1000100101 e
1.
#106740000
0.
#106758000
b1011 X
b1011 ,
b1000100110 e
1.
#106776000
0.
#106794000
b1100 ,
b1100 X
b1000100111 e
1.
#106812000
0.
#106830000
b1101 X
b1101 ,
b1000101000 e
1.
#106848000
0.
#106866000
19
b1110 ,
b1110 X
b1000101001 e
1.
#106884000
0.
#106902000
09
b1101 J
b0 X
1-
b0 ,
b1000101010 e
1.
#106920000
0.
#106938000
0-
b1 ,
b1 X
b1000101011 e
1.
#106956000
0.
#106974000
b10 X
b10 ,
b1000101100 e
1.
#106992000
0.
#107010000
b11 ,
b11 X
b1000101101 e
1.
#107028000
0.
#107046000
b100 X
b100 ,
b1000101110 e
1.
#107064000
0.
#107082000
b101 ,
b101 X
b1000101111 e
1.
#107100000
0.
#107118000
b110 X
b110 ,
b1000110000 e
1.
#107136000
0.
#107154000
b111 ,
b111 X
b1000110001 e
1.
#107172000
0.
#107190000
b1000 X
b1000 ,
b1000110010 e
1.
#107208000
0.
#107226000
b1001 ,
b1001 X
b1000110011 e
1.
#107244000
0.
#107262000
b1010 X
b1010 ,
b1000110100 e
1.
#107280000
0.
#107298000
b1011 ,
b1011 X
b1000110101 e
1.
#107316000
0.
#107334000
b1100 X
b1100 ,
b1000110110 e
1.
#107352000
0.
#107370000
b1101 ,
b1101 X
b1000110111 e
1.
#107388000
0.
#107406000
19
b1110 X
b1110 ,
b1000111000 e
1.
#107424000
0.
#107442000
09
1-
b0 ,
b0 X
b1110 J
b1000111001 e
1.
#107460000
0.
#107478000
b1 X
0-
b1 ,
b1000111010 e
1.
#107496000
0.
#107514000
b10 ,
b10 X
b1000111011 e
1.
#107532000
0.
#107550000
b11 X
b11 ,
b1000111100 e
1.
#107568000
0.
#107586000
b100 ,
b100 X
b1000111101 e
1.
#107604000
0.
#107622000
b101 X
b101 ,
b1000111110 e
1.
#107640000
0.
#107658000
b110 ,
b110 X
b1000111111 e
1.
#107676000
0.
#107694000
b111 X
b111 ,
b1001000000 e
1.
#107712000
0.
#107730000
b1000 ,
b1000 X
b1001000001 e
1.
#107748000
0.
#107766000
b1001 X
b1001 ,
b1001000010 e
1.
#107784000
0.
#107802000
b1010 ,
b1010 X
b1001000011 e
1.
#107820000
0.
#107838000
b1011 X
b1011 ,
b1001000100 e
1.
#107856000
0.
#107874000
b1100 ,
b1100 X
b1001000101 e
1.
#107892000
0.
#107910000
b1101 X
b1101 ,
b1001000110 e
1.
#107928000
0.
#107946000
19
b1110 ,
b1110 X
b1001000111 e
1.
#107964000
0.
#107982000
09
b1111 J
b0 X
1-
b0 ,
b1001001000 e
1.
#108000000
0.
#108018000
0-
b1 ,
b1 X
b1001001001 e
1.
#108036000
0.
#108054000
b10 X
b10 ,
b1001001010 e
1.
#108072000
0.
#108090000
b11 ,
b11 X
b1001001011 e
1.
#108108000
0.
#108126000
b100 X
b100 ,
b1001001100 e
1.
#108144000
0.
#108162000
b101 ,
b101 X
b1001001101 e
1.
#108180000
0.
#108198000
b110 X
b110 ,
b1001001110 e
1.
#108216000
0.
#108234000
b111 ,
b111 X
b1001001111 e
1.
#108252000
0.
#108270000
b1000 X
b1000 ,
b1001010000 e
1.
#108288000
0.
#108306000
b1001 ,
b1001 X
b1001010001 e
1.
#108324000
0.
#108342000
b1010 X
b1010 ,
b1001010010 e
1.
#108360000
0.
#108378000
b1011 ,
b1011 X
b1001010011 e
1.
#108396000
0.
#108414000
b1100 X
b1100 ,
b1001010100 e
1.
#108432000
0.
#108450000
b1101 ,
b1101 X
b1001010101 e
1.
#108468000
0.
#108486000
19
b1110 X
b1110 ,
b1001010110 e
1.
#108504000
0.
#108522000
09
1-
b0 ,
b0 X
b1 D
b0 J
b1001010111 e
1.
#108540000
0.
#108558000
b1 X
0-
b1 ,
b1001011000 e
1.
#108576000
0.
#108594000
b10 ,
b10 X
b1001011001 e
1.
#108612000
0.
#108630000
b11 X
b11 ,
b1001011010 e
1.
#108648000
0.
#108666000
b100 ,
b100 X
b1001011011 e
1.
#108684000
0.
#108702000
b101 X
b101 ,
b1001011100 e
1.
#108720000
0.
#108738000
b110 ,
b110 X
b1001011101 e
1.
#108756000
0.
#108774000
b111 X
b111 ,
b1001011110 e
1.
#108792000
0.
#108810000
b1000 ,
b1000 X
b1001011111 e
1.
#108828000
0.
#108846000
b1001 X
b1001 ,
b1001100000 e
1.
#108864000
0.
#108882000
b1010 ,
b1010 X
b1001100001 e
1.
#108900000
0.
#108918000
b1011 X
b1011 ,
b1001100010 e
1.
#108936000
0.
#108954000
b1100 ,
b1100 X
b1001100011 e
1.
#108972000
0.
#108990000
b1101 X
b1101 ,
b1001100100 e
1.
#109008000
0.
#109026000
19
b1110 ,
b1110 X
b1001100101 e
1.
#109044000
0.
#109062000
09
b1 J
b0 X
1-
b0 ,
b1001100110 e
1.
#109080000
0.
#109098000
0-
b1 ,
b1 X
b1001100111 e
1.
#109116000
0.
#109134000
b10 X
b10 ,
b1001101000 e
1.
#109152000
0.
#109170000
b11 ,
b11 X
b1001101001 e
1.
#109188000
0.
#109206000
b100 X
b100 ,
b1001101010 e
1.
#109224000
0.
#109242000
b101 ,
b101 X
b1001101011 e
1.
#109260000
0.
#109278000
b110 X
b110 ,
b1001101100 e
1.
#109296000
0.
#109314000
b111 ,
b111 X
b1001101101 e
1.
#109332000
0.
#109350000
b1000 X
b1000 ,
b1001101110 e
1.
#109368000
0.
#109386000
b1001 ,
b1001 X
b1001101111 e
1.
#109404000
0.
#109422000
b1010 X
b1010 ,
b1001110000 e
1.
#109440000
0.
#109458000
b1011 ,
b1011 X
b1001110001 e
1.
#109476000
0.
#109494000
b1100 X
b1100 ,
b1001110010 e
1.
#109512000
0.
#109530000
b1101 ,
b1101 X
b1001110011 e
1.
#109548000
0.
#109566000
19
b1110 X
b1110 ,
b1001110100 e
1.
#109584000
0.
#109602000
09
1-
b0 ,
b0 X
b10 J
b1001110101 e
1.
#109620000
0.
#109638000
b1 X
0-
b1 ,
b1001110110 e
1.
#109656000
0.
#109674000
b10 ,
b10 X
b1001110111 e
1.
#109692000
0.
#109710000
b11 X
b11 ,
b1001111000 e
1.
#109728000
0.
#109746000
b100 ,
b100 X
b1001111001 e
1.
#109764000
0.
#109782000
b101 X
b101 ,
b1001111010 e
1.
#109800000
0.
#109818000
b110 ,
b110 X
b1001111011 e
1.
#109836000
0.
#109854000
b111 X
b111 ,
b1001111100 e
1.
#109872000
0.
#109890000
b1000 ,
b1000 X
b1001111101 e
1.
#109908000
0.
#109926000
b1001 X
b1001 ,
b1001111110 e
1.
#109944000
0.
#109962000
b1010 ,
b1010 X
b1001111111 e
1.
#109980000
0.
#109998000
b1011 X
b1011 ,
b1010000000 e
1.
#110016000
0.
#110034000
b1100 ,
b1100 X
b1010000001 e
1.
#110052000
0.
#110070000
b1101 X
b1101 ,
b1010000010 e
1.
#110088000
0.
#110106000
19
b1110 ,
b1110 X
b1010000011 e
1.
#110124000
0.
#110142000
09
b11 J
b0 X
1-
b0 ,
b1010000100 e
1.
#110160000
0.
#110178000
0-
b1 ,
b1 X
b1010000101 e
1.
#110196000
0.
#110214000
b10 X
b10 ,
b1010000110 e
1.
#110232000
0.
#110250000
b11 ,
b11 X
b1010000111 e
1.
#110268000
0.
#110286000
b100 X
b100 ,
b1010001000 e
1.
#110304000
0.
#110322000
b101 ,
b101 X
b1010001001 e
1.
#110340000
0.
#110358000
b110 X
b110 ,
b1010001010 e
1.
#110376000
0.
#110394000
b111 ,
b111 X
b1010001011 e
1.
#110412000
0.
#110430000
b1000 X
b1000 ,
b1010001100 e
1.
#110448000
0.
#110466000
b1001 ,
b1001 X
b1010001101 e
1.
#110484000
0.
#110502000
b1010 X
b1010 ,
b1010001110 e
1.
#110520000
0.
#110538000
b1011 ,
b1011 X
b1010001111 e
1.
#110556000
0.
#110574000
b1100 X
b1100 ,
b1010010000 e
1.
#110592000
0.
#110610000
b1101 ,
b1101 X
b1010010001 e
1.
#110628000
0.
#110646000
19
b1110 X
b1110 ,
b1010010010 e
1.
#110664000
0.
#110682000
09
1-
b0 ,
b0 X
b100 J
b1010010011 e
1.
#110700000
0.
#110718000
b1 X
0-
b1 ,
b1010010100 e
1.
#110736000
0.
#110754000
b10 ,
b10 X
b1010010101 e
1.
#110772000
0.
#110790000
b11 X
b11 ,
b1010010110 e
1.
#110808000
0.
#110826000
b100 ,
b100 X
b1010010111 e
1.
#110844000
0.
#110862000
b101 X
b101 ,
b1010011000 e
1.
#110880000
0.
#110898000
b110 ,
b110 X
b1010011001 e
1.
#110916000
0.
#110934000
b111 X
b111 ,
b1010011010 e
1.
#110952000
0.
#110970000
b1000 ,
b1000 X
b1010011011 e
1.
#110988000
0.
#111006000
b1001 X
b1001 ,
b1010011100 e
1.
#111024000
0.
#111042000
b1010 ,
b1010 X
b1010011101 e
1.
#111060000
0.
#111078000
b1011 X
b1011 ,
b1010011110 e
1.
#111096000
0.
#111114000
b1100 ,
b1100 X
b1010011111 e
1.
#111132000
0.
#111150000
b1101 X
b1101 ,
b1010100000 e
1.
#111168000
0.
#111186000
19
b1110 ,
b1110 X
b1010100001 e
1.
#111204000
0.
#111222000
09
b101 J
b0 X
1-
b0 ,
b1010100010 e
1.
#111240000
0.
#111258000
0-
b1 ,
b1 X
b1010100011 e
1.
#111276000
0.
#111294000
b10 X
b10 ,
b1010100100 e
1.
#111312000
0.
#111330000
b11 ,
b11 X
b1010100101 e
1.
#111348000
0.
#111366000
b100 X
b100 ,
b1010100110 e
1.
#111384000
0.
#111402000
b101 ,
b101 X
b1010100111 e
1.
#111420000
0.
#111438000
b110 X
b110 ,
b1010101000 e
1.
#111456000
0.
#111474000
b111 ,
b111 X
b1010101001 e
1.
#111492000
0.
#111510000
b1000 X
b1000 ,
b1010101010 e
1.
#111528000
0.
#111546000
b1001 ,
b1001 X
b1010101011 e
1.
#111564000
0.
#111582000
b1010 X
b1010 ,
b1010101100 e
1.
#111600000
0.
#111618000
b1011 ,
b1011 X
b1010101101 e
1.
#111636000
0.
#111654000
b1100 X
b1100 ,
b1010101110 e
1.
#111672000
0.
#111690000
b1101 ,
b1101 X
b1010101111 e
1.
#111708000
0.
#111726000
19
b1110 X
b1110 ,
b1010110000 e
1.
#111744000
0.
#111762000
09
1-
b0 ,
b0 X
b110 J
b1010110001 e
1.
#111780000
0.
#111798000
b1 X
0-
b1 ,
b1010110010 e
1.
#111816000
0.
#111834000
b10 ,
b10 X
b1010110011 e
1.
#111852000
0.
#111870000
b11 X
b11 ,
b1010110100 e
1.
#111888000
0.
#111906000
b100 ,
b100 X
b1010110101 e
1.
#111924000
0.
#111942000
b101 X
b101 ,
b1010110110 e
1.
#111960000
0.
#111978000
b110 ,
b110 X
b1010110111 e
1.
#111996000
0.
#112014000
b111 X
b111 ,
b1010111000 e
1.
#112032000
0.
#112050000
b1000 ,
b1000 X
b1010111001 e
1.
#112068000
0.
#112086000
b1001 X
b1001 ,
b1010111010 e
1.
#112104000
0.
#112122000
b1010 ,
b1010 X
b1010111011 e
1.
#112140000
0.
#112158000
b1011 X
b1011 ,
b1010111100 e
1.
#112176000
0.
#112194000
b1100 ,
b1100 X
b1010111101 e
1.
#112212000
0.
#112230000
b1101 X
b1101 ,
b1010111110 e
1.
#112248000
0.
#112266000
19
b1110 ,
b1110 X
b1010111111 e
1.
#112284000
0.
#112302000
09
b111 J
b0 X
1-
b0 ,
b1011000000 e
1.
#112320000
0.
#112338000
0-
b1 ,
b1 X
b1011000001 e
1.
#112356000
0.
#112374000
b10 X
b10 ,
b1011000010 e
1.
#112392000
0.
#112410000
b11 ,
b11 X
b1011000011 e
1.
#112428000
0.
#112446000
b100 X
b100 ,
b1011000100 e
1.
#112464000
0.
#112482000
b101 ,
b101 X
b1011000101 e
1.
#112500000
0.
#112518000
b110 X
b110 ,
b1011000110 e
1.
#112536000
0.
#112554000
b111 ,
b111 X
b1011000111 e
1.
#112572000
0.
#112590000
b1000 X
b1000 ,
b1011001000 e
1.
#112608000
0.
#112626000
b1001 ,
b1001 X
b1011001001 e
1.
#112644000
0.
#112662000
b1010 X
b1010 ,
b1011001010 e
1.
#112680000
0.
#112698000
b1011 ,
b1011 X
b1011001011 e
1.
#112716000
0.
#112734000
b1100 X
b1100 ,
b1011001100 e
1.
#112752000
0.
#112770000
b1101 ,
b1101 X
b1011001101 e
1.
#112788000
0.
#112806000
19
b1110 X
b1110 ,
b1011001110 e
1.
#112824000
0.
#112842000
09
1-
b0 ,
b0 X
b1000 J
b1011001111 e
1.
#112860000
0.
#112878000
b1 X
0-
b1 ,
1"
13
b1 b
b1011010000 e
1.
#112896000
0.
#112914000
b10 ,
b10 X
1G
b1011010001 e
1.
#112932000
0.
#112950000
1H
b11 X
b11 ,
b1011010010 e
1.
#112968000
0.
#112986000
b100 ,
b100 X
1I
b1011010011 e
1.
#113004000
0.
#113022000
b101 X
b101 ,
b1011010100 e
1.
#113040000
0.
#113058000
b110 ,
b110 X
b1011010101 e
1.
#113076000
0.
#113094000
b111 X
b111 ,
b1011010110 e
1.
#113112000
0.
#113130000
b1000 ,
b1000 X
b1011010111 e
1.
#113148000
0.
#113166000
b1001 X
b1001 ,
b1011011000 e
1.
#113184000
0.
#113202000
b1010 ,
b1010 X
b1011011001 e
1.
#113220000
0.
#113238000
b1011 X
b1011 ,
b1011011010 e
1.
#113256000
0.
#113274000
b1100 ,
b1100 X
b1011011011 e
1.
#113292000
0.
#113310000
b1101 X
b1101 ,
b1011011100 e
1.
#113328000
0.
#113346000
19
b1110 ,
b1110 X
b1011011101 e
1.
#113364000
0.
#113382000
09
b1001 J
b0 X
1-
b0 ,
b1011011110 e
1.
#113400000
0.
#113418000
0-
b1 ,
b1 X
b1011011111 e
1.
#113436000
0.
#113454000
b10 X
b10 ,
b1011100000 e
1.
#113472000
0.
#113490000
b11 ,
b11 X
b1011100001 e
1.
#113508000
0.
#113526000
b100 X
b100 ,
b1011100010 e
1.
#113544000
0.
#113562000
b101 ,
b101 X
b1011100011 e
1.
#113580000
0.
#113598000
b110 X
b110 ,
b1011100100 e
1.
#113616000
0.
#113634000
b111 ,
b111 X
b1011100101 e
1.
#113652000
0.
#113670000
b1000 X
b1000 ,
b1011100110 e
1.
#113688000
0.
#113706000
b1001 ,
b1001 X
b1011100111 e
1.
#113724000
0.
#113742000
b1010 X
b1010 ,
b1011101000 e
1.
#113760000
0.
#113778000
b1011 ,
b1011 X
b1011101001 e
1.
#113796000
0.
#113814000
b1100 X
b1100 ,
b1011101010 e
1.
#113832000
0.
#113850000
b1101 ,
b1101 X
b1011101011 e
1.
#113868000
0.
#113886000
19
b1110 X
b1110 ,
b1011101100 e
1.
#113904000
0.
#113922000
09
1-
b0 ,
b0 X
b1010 J
b1011101101 e
1.
#113940000
0.
#113958000
b1 X
0-
b1 ,
b1011101110 e
1.
#113976000
0.
#113994000
b10 ,
b10 X
b1011101111 e
1.
#114012000
0.
#114030000
b11 X
b11 ,
b1011110000 e
1.
#114048000
0.
#114066000
b100 ,
b100 X
b1011110001 e
1.
#114084000
0.
#114102000
b101 X
b101 ,
b1011110010 e
1.
#114120000
0.
#114138000
b110 ,
b110 X
b1011110011 e
1.
#114156000
0.
#114174000
b111 X
b111 ,
b1011110100 e
1.
#114192000
0.
#114210000
b1000 ,
b1000 X
b1011110101 e
1.
#114228000
0.
#114246000
b1001 X
b1001 ,
b1011110110 e
1.
#114264000
0.
#114282000
b1010 ,
b1010 X
b1011110111 e
1.
#114300000
0.
#114318000
b1011 X
b1011 ,
b1011111000 e
1.
#114336000
0.
#114354000
b1100 ,
b1100 X
b1011111001 e
1.
#114372000
0.
#114390000
b1101 X
b1101 ,
b1011111010 e
1.
#114408000
0.
#114426000
19
b1110 ,
b1110 X
b1011111011 e
1.
#114444000
0.
#114462000
09
b1011 J
b0 X
1-
b0 ,
b1011111100 e
1.
#114480000
0.
#114498000
0-
b1 ,
b1 X
b1011111101 e
1.
#114516000
0.
#114534000
b10 X
b10 ,
b1011111110 e
1.
#114552000
0.
#114570000
b11 ,
b11 X
b1011111111 e
1.
#114588000
0.
#114606000
b100 X
b100 ,
b1100000000 e
1.
#114624000
0.
#114642000
b101 ,
b101 X
b1100000001 e
1.
#114660000
0.
#114678000
b110 X
b110 ,
b1100000010 e
1.
#114696000
0.
#114714000
b111 ,
b111 X
b1100000011 e
1.
#114732000
0.
#114750000
b1000 X
b1000 ,
b1100000100 e
1.
#114768000
0.
#114786000
b1001 ,
b1001 X
b1100000101 e
1.
#114804000
0.
#114822000
b1010 X
b1010 ,
b1100000110 e
1.
#114840000
0.
#114858000
b1011 ,
b1011 X
b1100000111 e
1.
#114876000
0.
#114894000
b1100 X
b1100 ,
b1100001000 e
1.
#114912000
0.
#114930000
b1101 ,
b1101 X
b1100001001 e
1.
#114948000
0.
#114966000
19
b1110 X
b1110 ,
b1100001010 e
1.
#114984000
0.
#115002000
09
1-
b0 ,
b0 X
b1100 J
b1100001011 e
1.
#115020000
0.
#115038000
b1 X
0-
b1 ,
b1100001100 e
1.
#115056000
0.
#115074000
b10 ,
b10 X
b1100001101 e
1.
#115092000
0.
#115110000
b11 X
b11 ,
b1100001110 e
1.
#115128000
0.
#115146000
b100 ,
b100 X
b1100001111 e
1.
#115164000
0.
#115182000
b101 X
b101 ,
b1100010000 e
1.
#115200000
0.
#115218000
b110 ,
b110 X
b1100010001 e
1.
#115236000
0.
#115254000
b111 X
b111 ,
b1100010010 e
1.
#115272000
0.
#115290000
b1000 ,
b1000 X
b1100010011 e
1.
#115308000
0.
#115326000
b1001 X
b1001 ,
b1100010100 e
1.
#115344000
0.
#115362000
b1010 ,
b1010 X
b1100010101 e
1.
#115380000
0.
#115398000
b1011 X
b1011 ,
b1100010110 e
1.
#115416000
0.
#115434000
b1100 ,
b1100 X
b1100010111 e
1.
#115452000
0.
#115470000
b1101 X
b1101 ,
b1100011000 e
1.
#115488000
0.
#115506000
19
b1110 ,
b1110 X
b1100011001 e
1.
#115524000
0.
#115542000
09
b1101 J
b0 X
1-
b0 ,
b1100011010 e
1.
#115560000
0.
#115578000
0-
b1 ,
b1 X
b1100011011 e
1.
#115596000
0.
#115614000
b10 X
b10 ,
b1100011100 e
1.
#115632000
0.
#115650000
b11 ,
b11 X
b1100011101 e
1.
#115668000
0.
#115686000
b100 X
b100 ,
b1100011110 e
1.
#115704000
0.
#115722000
b101 ,
b101 X
b1100011111 e
1.
#115740000
0.
#115758000
b110 X
b110 ,
b1100100000 e
1.
#115776000
0.
#115794000
b111 ,
b111 X
b1100100001 e
1.
#115812000
0.
#115830000
b1000 X
b1000 ,
b1100100010 e
1.
#115848000
0.
#115866000
b1001 ,
b1001 X
b1100100011 e
1.
#115884000
0.
#115902000
b1010 X
b1010 ,
b1100100100 e
1.
#115920000
0.
#115938000
b1011 ,
b1011 X
b1100100101 e
1.
#115956000
0.
#115974000
b1100 X
b1100 ,
b1100100110 e
1.
#115992000
0.
#116010000
b1101 ,
b1101 X
b1100100111 e
1.
#116028000
0.
#116046000
19
b1110 X
b1110 ,
b1100101000 e
1.
#116064000
0.
#116082000
09
1-
b0 ,
b0 X
b1110 J
b1100101001 e
1.
#116100000
0.
#116118000
b1 X
0-
b1 ,
b1100101010 e
1.
#116136000
0.
#116154000
b10 ,
b10 X
b1100101011 e
1.
#116172000
0.
#116190000
b11 X
b11 ,
b1100101100 e
1.
#116208000
0.
#116226000
b100 ,
b100 X
b1100101101 e
1.
#116244000
0.
#116262000
b101 X
b101 ,
b1100101110 e
1.
#116280000
0.
#116298000
b110 ,
b110 X
b1100101111 e
1.
#116316000
0.
#116334000
b111 X
b111 ,
b1100110000 e
1.
#116352000
0.
#116370000
b1000 ,
b1000 X
b1100110001 e
1.
#116388000
0.
#116406000
b1001 X
b1001 ,
b1100110010 e
1.
#116424000
0.
#116442000
b1010 ,
b1010 X
b1100110011 e
1.
#116460000
0.
#116478000
b1011 X
b1011 ,
b1100110100 e
1.
#116496000
0.
#116514000
b1100 ,
b1100 X
b1100110101 e
1.
#116532000
0.
#116550000
b1101 X
b1101 ,
b1100110110 e
1.
#116568000
0.
#116586000
19
b1110 ,
b1110 X
b1100110111 e
1.
#116604000
0.
#116622000
09
b1111 J
b0 X
1-
b0 ,
b1100111000 e
1.
#116640000
0.
#116658000
0-
b1 ,
b1 X
b1100111001 e
1.
#116676000
0.
#116694000
b10 X
b10 ,
b1100111010 e
1.
#116712000
0.
#116730000
b11 ,
b11 X
b1100111011 e
1.
#116748000
0.
#116766000
b100 X
b100 ,
b1100111100 e
1.
#116784000
0.
#116802000
b101 ,
b101 X
b1100111101 e
1.
#116820000
0.
#116838000
b110 X
b110 ,
b1100111110 e
1.
#116856000
0.
#116874000
b111 ,
b111 X
b1100111111 e
1.
#116892000
0.
#116910000
b1000 X
b1000 ,
b1101000000 e
1.
#116928000
0.
#116946000
b1001 ,
b1001 X
b1101000001 e
1.
#116964000
0.
#116982000
b1010 X
b1010 ,
b1101000010 e
1.
#117000000
0.
#117018000
b1011 ,
b1011 X
b1101000011 e
1.
#117036000
0.
#117054000
b1100 X
b1100 ,
b1101000100 e
1.
#117072000
0.
#117090000
b1101 ,
b1101 X
b1101000101 e
1.
#117108000
0.
#117126000
19
b1110 X
b1110 ,
b1101000110 e
1.
#117144000
0.
#117162000
09
1-
b0 ,
b0 X
b10 %
b10 8
b10 E
b10 D
b0 J
b1101000111 e
1.
#117180000
0.
#117198000
b1 X
0-
b1 ,
b1101001000 e
1.
#117216000
0.
#117234000
b10 ,
b10 X
b1101001001 e
1.
#117252000
0.
#117270000
b11 X
b11 ,
b1101001010 e
1.
#117288000
0.
#117306000
b100 ,
b100 X
b1101001011 e
1.
#117324000
0.
#117342000
b101 X
b101 ,
b1101001100 e
1.
#117360000
0.
#117378000
b110 ,
b110 X
b1101001101 e
1.
#117396000
0.
#117414000
b111 X
b111 ,
b1101001110 e
1.
#117432000
0.
#117450000
b1000 ,
b1000 X
b1101001111 e
1.
#117468000
0.
#117486000
b1001 X
b1001 ,
b1101010000 e
1.
#117504000
0.
#117522000
b1010 ,
b1010 X
b1101010001 e
1.
#117540000
0.
#117558000
b1011 X
b1011 ,
b1101010010 e
1.
#117576000
0.
#117594000
b1100 ,
b1100 X
b1101010011 e
1.
#117612000
0.
#117630000
b1101 X
b1101 ,
b1101010100 e
1.
#117648000
0.
#117666000
19
b1110 ,
b1110 X
b1101010101 e
1.
#117684000
0.
#117702000
09
b1 J
b0 X
1-
b0 ,
b1101010110 e
1.
#117720000
0.
#117738000
0-
b1 ,
b1 X
b1101010111 e
1.
#117756000
0.
#117774000
b10 X
b10 ,
b1101011000 e
1.
#117792000
0.
#117810000
b11 ,
b11 X
b1101011001 e
1.
#117828000
0.
#117846000
b100 X
b100 ,
b1101011010 e
1.
#117864000
0.
#117882000
b101 ,
b101 X
b1101011011 e
1.
#117900000
0.
#117918000
b110 X
b110 ,
b1101011100 e
1.
#117936000
0.
#117954000
b111 ,
b111 X
b1101011101 e
1.
#117972000
0.
#117990000
b1000 X
b1000 ,
b1101011110 e
1.
#118008000
0.
#118026000
b1001 ,
b1001 X
b1101011111 e
1.
#118044000
0.
#118062000
b1010 X
b1010 ,
b1101100000 e
1.
#118080000
0.
#118098000
b1011 ,
b1011 X
b1101100001 e
1.
#118116000
0.
#118134000
b1100 X
b1100 ,
b1101100010 e
1.
#118152000
0.
#118170000
b1101 ,
b1101 X
b1101100011 e
1.
#118188000
0.
#118206000
19
b1110 X
b1110 ,
b1101100100 e
1.
#118224000
0.
#118242000
09
1-
b0 ,
b0 X
b10 J
b1101100101 e
1.
#118260000
0.
#118278000
b1 X
0-
b1 ,
b1101100110 e
1.
#118296000
0.
#118314000
b10 ,
b10 X
b1101100111 e
1.
#118332000
0.
#118350000
b11 X
b11 ,
b1101101000 e
1.
#118368000
0.
#118386000
b100 ,
b100 X
b1101101001 e
1.
#118404000
0.
#118422000
b101 X
b101 ,
b1101101010 e
1.
#118440000
0.
#118458000
b110 ,
b110 X
b1101101011 e
1.
#118476000
0.
#118494000
b111 X
b111 ,
b1101101100 e
1.
#118512000
0.
#118530000
b1000 ,
b1000 X
b1101101101 e
1.
#118548000
0.
#118566000
b1001 X
b1001 ,
b1101101110 e
1.
#118584000
0.
#118602000
b1010 ,
b1010 X
b1101101111 e
1.
#118620000
0.
#118638000
b1011 X
b1011 ,
b1101110000 e
1.
#118656000
0.
#118674000
b1100 ,
b1100 X
b1101110001 e
1.
#118692000
0.
#118710000
b1101 X
b1101 ,
b1101110010 e
1.
#118728000
0.
#118746000
19
b1110 ,
b1110 X
b1101110011 e
1.
#118764000
0.
#118782000
09
b11 J
b0 X
1-
b0 ,
b1101110100 e
1.
#118800000
0.
#118818000
0-
b1 ,
b1 X
b1101110101 e
1.
#118836000
0.
#118854000
b10 X
b10 ,
b1101110110 e
1.
#118872000
0.
#118890000
b11 ,
b11 X
b1101110111 e
1.
#118908000
0.
#118926000
b100 X
b100 ,
b1101111000 e
1.
#118944000
0.
#118962000
b101 ,
b101 X
b1101111001 e
1.
#118980000
0.
#118998000
b110 X
b110 ,
b1101111010 e
1.
#119016000
0.
#119034000
b111 ,
b111 X
b1101111011 e
1.
#119052000
0.
#119070000
b1000 X
b1000 ,
b1101111100 e
1.
#119088000
0.
#119106000
b1001 ,
b1001 X
b1101111101 e
1.
#119124000
0.
#119142000
b1010 X
b1010 ,
b1101111110 e
1.
#119160000
0.
#119178000
b1011 ,
b1011 X
b1101111111 e
1.
#119196000
0.
#119214000
b1100 X
b1100 ,
b1110000000 e
1.
#119232000
0.
#119250000
b1101 ,
b1101 X
b1110000001 e
1.
#119268000
0.
#119286000
19
b1110 X
b1110 ,
b1110000010 e
1.
#119304000
0.
#119322000
09
1-
b0 ,
b0 X
b100 J
b1110000011 e
1.
#119340000
0.
#119358000
b1 X
0-
b1 ,
b1110000100 e
1.
#119376000
0.
#119394000
b10 ,
b10 X
b1110000101 e
1.
#119412000
0.
#119430000
b11 X
b11 ,
b1110000110 e
1.
#119448000
0.
#119466000
b100 ,
b100 X
b1110000111 e
1.
#119484000
0.
#119502000
b101 X
b101 ,
b1110001000 e
1.
#119520000
0.
#119538000
b110 ,
b110 X
b1110001001 e
1.
#119556000
0.
#119574000
b111 X
b111 ,
b1110001010 e
1.
#119592000
0.
#119610000
b1000 ,
b1000 X
b1110001011 e
1.
#119628000
0.
#119646000
b1001 X
b1001 ,
b1110001100 e
1.
#119664000
0.
#119682000
b1010 ,
b1010 X
b1110001101 e
1.
#119700000
0.
#119718000
b1011 X
b1011 ,
b1110001110 e
1.
#119736000
0.
#119754000
b1100 ,
b1100 X
b1110001111 e
1.
#119772000
0.
#119790000
b1101 X
b1101 ,
b1110010000 e
1.
#119808000
0.
#119826000
19
b1110 ,
b1110 X
b1110010001 e
1.
#119844000
0.
#119862000
09
b101 J
b0 X
1-
b0 ,
b1110010010 e
1.
#119880000
0.
#119898000
0-
b1 ,
b1 X
b1110010011 e
1.
#119916000
0.
#119934000
b10 X
b10 ,
b1110010100 e
1.
#119952000
0.
#119970000
b11 ,
b11 X
b1110010101 e
1.
#119988000
0.
#120006000
b100 X
b100 ,
b1110010110 e
1.
#120024000
0.
#120042000
b101 ,
b101 X
b1110010111 e
1.
#120060000
0.
#120078000
b110 X
b110 ,
b1110011000 e
1.
#120096000
0.
#120114000
b111 ,
b111 X
b1110011001 e
1.
#120132000
0.
#120150000
b1000 X
b1000 ,
b1110011010 e
1.
#120168000
0.
#120186000
b1001 ,
b1001 X
b1110011011 e
1.
#120204000
0.
#120222000
b1010 X
b1010 ,
b1110011100 e
1.
#120240000
0.
#120258000
b1011 ,
b1011 X
b1110011101 e
1.
#120276000
0.
#120294000
b1100 X
b1100 ,
b1110011110 e
1.
#120312000
0.
#120330000
b1101 ,
b1101 X
b1110011111 e
1.
#120348000
0.
#120366000
19
b1110 X
b1110 ,
b1110100000 e
1.
#120384000
0.
#120402000
09
1-
b0 ,
b0 X
b110 J
b1110100001 e
1.
#120420000
0.
#120438000
b1 X
0-
b1 ,
b1110100010 e
1.
#120456000
0.
#120474000
b10 ,
b10 X
b1110100011 e
1.
#120492000
0.
#120510000
b11 X
b11 ,
b1110100100 e
1.
#120528000
0.
#120546000
b100 ,
b100 X
b1110100101 e
1.
#120564000
0.
#120582000
b101 X
b101 ,
b1110100110 e
1.
#120600000
0.
#120618000
b110 ,
b110 X
b1110100111 e
1.
#120636000
0.
#120654000
b111 X
b111 ,
b1110101000 e
1.
#120672000
0.
#120690000
b1000 ,
b1000 X
b1110101001 e
1.
#120708000
0.
#120726000
b1001 X
b1001 ,
b1110101010 e
1.
#120744000
0.
#120762000
b1010 ,
b1010 X
b1110101011 e
1.
#120780000
0.
#120798000
b1011 X
b1011 ,
b1110101100 e
1.
#120816000
0.
#120834000
b1100 ,
b1100 X
b1110101101 e
1.
#120852000
0.
#120870000
b1101 X
b1101 ,
b1110101110 e
1.
#120888000
0.
#120906000
19
b1110 ,
b1110 X
b1110101111 e
1.
#120924000
0.
#120942000
09
b111 J
b0 X
1-
b0 ,
b1110110000 e
1.
#120960000
0.
#120978000
0-
b1 ,
b1 X
b1110110001 e
1.
#120996000
0.
#121014000
b10 X
b10 ,
b1110110010 e
1.
#121032000
0.
#121050000
b11 ,
b11 X
b1110110011 e
1.
#121068000
0.
#121086000
b100 X
b100 ,
b1110110100 e
1.
#121104000
0.
#121122000
b101 ,
b101 X
b1110110101 e
1.
#121140000
0.
#121158000
b110 X
b110 ,
b1110110110 e
1.
#121176000
0.
#121194000
b111 ,
b111 X
b1110110111 e
1.
#121212000
0.
#121230000
b1000 X
b1000 ,
b1110111000 e
1.
#121248000
0.
#121266000
b1001 ,
b1001 X
b1110111001 e
1.
#121284000
0.
#121302000
b1010 X
b1010 ,
b1110111010 e
1.
#121320000
0.
#121338000
b1011 ,
b1011 X
b1110111011 e
1.
#121356000
0.
#121374000
b1100 X
b1100 ,
b1110111100 e
1.
#121392000
0.
#121410000
b1101 ,
b1101 X
b1110111101 e
1.
#121428000
0.
#121446000
19
b1110 X
b1110 ,
b1110111110 e
1.
#121464000
0.
#121482000
09
1-
b0 ,
b0 X
b1000 J
b1110111111 e
1.
#121500000
0.
#121518000
b1 X
0-
b1 ,
0"
03
b10 b
b1111000000 e
1.
#121536000
0.
#121554000
b10 ,
b10 X
0G
b1111000001 e
1.
#121572000
0.
#121590000
0H
b11 X
b11 ,
b1111000010 e
1.
#121608000
0.
#121626000
b100 ,
b100 X
0I
b1111000011 e
1.
#121644000
0.
#121662000
b101 X
b101 ,
b1111000100 e
1.
#121680000
0.
#121698000
b110 ,
b110 X
b1111000101 e
1.
#121716000
0.
#121734000
b111 X
b111 ,
b1111000110 e
1.
#121752000
0.
#121770000
b1000 ,
b1000 X
b1111000111 e
1.
#121788000
0.
#121806000
b1001 X
b1001 ,
b1111001000 e
1.
#121824000
0.
#121842000
b1010 ,
b1010 X
b1111001001 e
1.
#121860000
0.
#121878000
b1011 X
b1011 ,
b1111001010 e
1.
#121896000
0.
#121914000
b1100 ,
b1100 X
b1111001011 e
1.
#121932000
0.
#121950000
b1101 X
b1101 ,
b1111001100 e
1.
#121968000
0.
#121986000
19
b1110 ,
b1110 X
b1111001101 e
1.
#122004000
0.
#122022000
09
b1001 J
b0 X
1-
b0 ,
b1111001110 e
1.
#122040000
0.
#122058000
0-
b1 ,
b1 X
b1111001111 e
1.
#122076000
0.
#122094000
b10 X
b10 ,
b1111010000 e
1.
#122112000
0.
#122130000
b11 ,
b11 X
b1111010001 e
1.
#122148000
0.
#122166000
b100 X
b100 ,
b1111010010 e
1.
#122184000
0.
#122202000
b101 ,
b101 X
b1111010011 e
1.
#122220000
0.
#122238000
b110 X
b110 ,
b1111010100 e
1.
#122256000
0.
#122274000
b111 ,
b111 X
b1111010101 e
1.
#122292000
0.
#122310000
b1000 X
b1000 ,
b1111010110 e
1.
#122328000
0.
#122346000
b1001 ,
b1001 X
b1111010111 e
1.
#122364000
0.
#122382000
b1010 X
b1010 ,
b1111011000 e
1.
#122400000
0.
#122418000
b1011 ,
b1011 X
b1111011001 e
1.
#122436000
0.
#122454000
b1100 X
b1100 ,
b1111011010 e
1.
#122472000
0.
#122490000
b1101 ,
b1101 X
b1111011011 e
1.
#122508000
0.
#122526000
19
b1110 X
b1110 ,
b1111011100 e
1.
#122544000
0.
#122562000
09
1-
b0 ,
b0 X
b1010 J
b1111011101 e
1.
#122580000
0.
#122598000
b1 X
0-
b1 ,
b1111011110 e
1.
#122616000
0.
#122634000
b10 ,
b10 X
b1111011111 e
1.
#122652000
0.
#122670000
b11 X
b11 ,
b1111100000 e
1.
#122688000
0.
#122706000
b100 ,
b100 X
b1111100001 e
1.
#122724000
0.
#122742000
b101 X
b101 ,
b1111100010 e
1.
#122760000
0.
#122778000
b110 ,
b110 X
b1111100011 e
1.
#122796000
0.
#122814000
b111 X
b111 ,
b1111100100 e
1.
#122832000
0.
#122850000
b1000 ,
b1000 X
b1111100101 e
1.
#122868000
0.
#122886000
b1001 X
b1001 ,
b1111100110 e
1.
#122904000
0.
#122922000
b1010 ,
b1010 X
b1111100111 e
1.
#122940000
0.
#122958000
b1011 X
b1011 ,
b1111101000 e
1.
#122976000
0.
#122994000
b1100 ,
b1100 X
b1111101001 e
1.
#123012000
0.
#123030000
b1101 X
b1101 ,
b1111101010 e
1.
#123048000
0.
#123066000
19
b1110 ,
b1110 X
b1111101011 e
1.
#123084000
0.
#123102000
09
b1011 J
b0 X
1-
b0 ,
b1111101100 e
1.
#123120000
0.
#123138000
0-
b1 ,
b1 X
b1111101101 e
1.
#123156000
0.
#123174000
b10 X
b10 ,
b1111101110 e
1.
#123192000
0.
#123210000
b11 ,
b11 X
b1111101111 e
1.
#123228000
0.
#123246000
b100 X
b100 ,
b1111110000 e
1.
#123264000
0.
#123282000
b101 ,
b101 X
b1111110001 e
1.
#123300000
0.
#123318000
b110 X
b110 ,
b1111110010 e
1.
#123336000
0.
#123354000
b111 ,
b111 X
b1111110011 e
1.
#123372000
0.
#123390000
b1000 X
b1000 ,
b1111110100 e
1.
#123408000
0.
#123426000
b1001 ,
b1001 X
b1111110101 e
1.
#123444000
0.
#123462000
b1010 X
b1010 ,
b1111110110 e
1.
#123480000
0.
#123498000
b1011 ,
b1011 X
b1111110111 e
1.
#123516000
0.
#123534000
b1100 X
b1100 ,
b1111111000 e
1.
#123552000
0.
#123570000
b1101 ,
b1101 X
b1111111001 e
1.
#123588000
0.
#123606000
19
b1110 X
b1110 ,
b1111111010 e
1.
#123624000
0.
#123642000
09
1-
b0 ,
b0 X
b1100 J
b1111111011 e
1.
#123660000
0.
#123678000
b1 X
0-
b1 ,
b1111111100 e
1.
#123696000
0.
#123714000
b10 ,
b10 X
b1111111101 e
1.
#123732000
0.
#123750000
b11 X
b11 ,
b1111111110 e
1.
#123768000
0.
#123786000
b100 ,
b100 X
b1111111111 e
1.
#123804000
0.
#123822000
b101 X
b101 ,
b10000000000 e
1.
#123840000
0.
#123858000
b110 ,
b110 X
b10000000001 e
1.
#123876000
0.
#123894000
b111 X
b111 ,
b10000000010 e
1.
#123912000
0.
#123930000
b1000 ,
b1000 X
b10000000011 e
1.
#123948000
0.
#123966000
b1001 X
b1001 ,
b10000000100 e
1.
#123984000
0.
#124002000
b1010 ,
b1010 X
b10000000101 e
1.
#124020000
0.
#124038000
b1011 X
b1011 ,
b10000000110 e
1.
#124056000
0.
#124074000
b1100 ,
b1100 X
b10000000111 e
1.
#124092000
0.
#124110000
b1101 X
b1101 ,
b10000001000 e
1.
#124128000
0.
#124146000
19
b1110 ,
b1110 X
b10000001001 e
1.
#124164000
0.
#124182000
09
b1101 J
b0 X
1-
b0 ,
b10000001010 e
1.
#124200000
0.
#124218000
0-
b1 ,
b1 X
b10000001011 e
1.
#124236000
0.
#124254000
b10 X
b10 ,
b10000001100 e
1.
#124272000
0.
#124290000
b11 ,
b11 X
b10000001101 e
1.
#124308000
0.
#124326000
b100 X
b100 ,
b10000001110 e
1.
#124344000
0.
#124362000
b101 ,
b101 X
b10000001111 e
1.
#124380000
0.
#124398000
b110 X
b110 ,
b10000010000 e
1.
#124416000
0.
#124434000
b111 ,
b111 X
b10000010001 e
1.
#124452000
0.
#124470000
b1000 X
b1000 ,
b10000010010 e
1.
#124488000
0.
#124506000
b1001 ,
b1001 X
b10000010011 e
1.
#124524000
0.
#124542000
b1010 X
b1010 ,
b10000010100 e
1.
#124560000
0.
#124578000
b1011 ,
b1011 X
b10000010101 e
1.
#124596000
0.
#124614000
b1100 X
b1100 ,
b10000010110 e
1.
#124632000
0.
#124650000
b1101 ,
b1101 X
b10000010111 e
1.
#124668000
0.
#124686000
19
b1110 X
b1110 ,
b10000011000 e
1.
#124704000
0.
#124722000
09
1-
b0 ,
b0 X
b1110 J
b10000011001 e
1.
#124740000
0.
#124758000
b1 X
0-
b1 ,
b10000011010 e
1.
#124776000
0.
#124794000
b10 ,
b10 X
b10000011011 e
1.
#124812000
0.
#124830000
b11 X
b11 ,
b10000011100 e
1.
#124848000
0.
#124866000
b100 ,
b100 X
b10000011101 e
1.
#124884000
0.
#124902000
b101 X
b101 ,
b10000011110 e
1.
#124920000
0.
#124938000
b110 ,
b110 X
b10000011111 e
1.
#124956000
0.
#124974000
b111 X
b111 ,
b10000100000 e
1.
#124992000
0.
#125010000
b1000 ,
b1000 X
b10000100001 e
1.
#125028000
0.
#125046000
b1001 X
b1001 ,
b10000100010 e
1.
#125064000
0.
#125082000
b1010 ,
b1010 X
b10000100011 e
1.
#125100000
0.
#125118000
b1011 X
b1011 ,
b10000100100 e
1.
#125136000
0.
#125154000
b1100 ,
b1100 X
b10000100101 e
1.
#125172000
0.
#125190000
b1101 X
b1101 ,
b10000100110 e
1.
#125208000
0.
#125226000
19
b1110 ,
b1110 X
b10000100111 e
1.
#125244000
0.
#125262000
09
b1111 J
b0 X
1-
b0 ,
b10000101000 e
1.
#125280000
0.
#125298000
0-
b1 ,
b1 X
b10000101001 e
1.
#125316000
0.
#125334000
b10 X
b10 ,
b10000101010 e
1.
#125352000
0.
#125370000
b11 ,
b11 X
b10000101011 e
1.
#125388000
0.
#125406000
b100 X
b100 ,
b10000101100 e
1.
#125424000
0.
#125442000
b101 ,
b101 X
b10000101101 e
1.
#125460000
0.
#125478000
b110 X
b110 ,
b10000101110 e
1.
#125496000
0.
#125514000
b111 ,
b111 X
b10000101111 e
1.
#125532000
0.
#125550000
b1000 X
b1000 ,
b10000110000 e
1.
#125568000
0.
#125586000
b1001 ,
b1001 X
b10000110001 e
1.
#125604000
0.
#125622000
b1010 X
b1010 ,
b10000110010 e
1.
#125640000
0.
#125658000
b1011 ,
b1011 X
b10000110011 e
1.
#125676000
0.
#125694000
b1100 X
b1100 ,
b10000110100 e
1.
#125712000
0.
#125730000
b1101 ,
b1101 X
b10000110101 e
1.
#125748000
0.
#125766000
19
b1110 X
b1110 ,
b10000110110 e
1.
#125784000
0.
#125802000
09
1-
b0 ,
b0 X
b11 D
b0 J
b10000110111 e
1.
#125820000
0.
#125838000
b1 X
0-
b1 ,
b10000111000 e
1.
#125856000
0.
#125874000
b10 ,
b10 X
b10000111001 e
1.
#125892000
0.
#125910000
b11 X
b11 ,
b10000111010 e
1.
#125928000
0.
#125946000
b100 ,
b100 X
b10000111011 e
1.
#125964000
0.
#125982000
b101 X
b101 ,
b10000111100 e
1.
#126000000
0.
#126018000
b110 ,
b110 X
b10000111101 e
1.
#126036000
0.
#126054000
b111 X
b111 ,
b10000111110 e
1.
#126072000
0.
#126090000
b1000 ,
b1000 X
b10000111111 e
1.
#126108000
0.
#126126000
b1001 X
b1001 ,
b10001000000 e
1.
#126144000
0.
#126162000
b1010 ,
b1010 X
b10001000001 e
1.
#126180000
0.
#126198000
b1011 X
b1011 ,
b10001000010 e
1.
#126216000
0.
#126234000
b1100 ,
b1100 X
b10001000011 e
1.
#126252000
0.
#126270000
b1101 X
b1101 ,
b10001000100 e
1.
#126288000
0.
#126306000
19
b1110 ,
b1110 X
b10001000101 e
1.
#126324000
0.
#126342000
09
b1 J
b0 X
1-
b0 ,
b10001000110 e
1.
#126360000
0.
#126378000
0-
b1 ,
b1 X
b10001000111 e
1.
#126396000
0.
#126414000
b10 X
b10 ,
b10001001000 e
1.
#126432000
0.
#126450000
b11 ,
b11 X
b10001001001 e
1.
#126468000
0.
#126486000
b100 X
b100 ,
b10001001010 e
1.
#126504000
0.
#126522000
b101 ,
b101 X
b10001001011 e
1.
#126540000
0.
#126558000
b110 X
b110 ,
b10001001100 e
1.
#126576000
0.
#126594000
b111 ,
b111 X
b10001001101 e
1.
#126612000
0.
#126630000
b1000 X
b1000 ,
b10001001110 e
1.
#126648000
0.
#126666000
b1001 ,
b1001 X
b10001001111 e
1.
#126684000
0.
#126702000
b1010 X
b1010 ,
b10001010000 e
1.
#126720000
0.
#126738000
b1011 ,
b1011 X
b10001010001 e
1.
#126756000
0.
#126774000
b1100 X
b1100 ,
b10001010010 e
1.
#126792000
0.
#126810000
b1101 ,
b1101 X
b10001010011 e
1.
#126828000
0.
#126846000
19
b1110 X
b1110 ,
b10001010100 e
1.
#126864000
0.
#126882000
09
1-
b0 ,
b0 X
b10 J
b10001010101 e
1.
#126900000
0.
#126918000
b1 X
0-
b1 ,
b10001010110 e
1.
#126936000
0.
#126954000
b10 ,
b10 X
b10001010111 e
1.
#126972000
0.
#126990000
b11 X
b11 ,
b10001011000 e
1.
#127008000
0.
#127026000
b100 ,
b100 X
b10001011001 e
1.
#127044000
0.
#127062000
b101 X
b101 ,
b10001011010 e
1.
#127080000
0.
#127098000
b110 ,
b110 X
b10001011011 e
1.
#127116000
0.
#127134000
b111 X
b111 ,
b10001011100 e
1.
#127152000
0.
#127170000
b1000 ,
b1000 X
b10001011101 e
1.
#127188000
0.
#127206000
b1001 X
b1001 ,
b10001011110 e
1.
#127224000
0.
#127242000
b1010 ,
b1010 X
b10001011111 e
1.
#127260000
0.
#127278000
b1011 X
b1011 ,
b10001100000 e
1.
#127296000
0.
#127314000
b1100 ,
b1100 X
b10001100001 e
1.
#127332000
0.
#127350000
b1101 X
b1101 ,
b10001100010 e
1.
#127368000
0.
#127386000
19
b1110 ,
b1110 X
b10001100011 e
1.
#127404000
0.
#127422000
09
b11 J
b0 X
1-
b0 ,
b10001100100 e
1.
#127440000
0.
#127458000
0-
b1 ,
b1 X
b10001100101 e
1.
#127476000
0.
#127494000
b10 X
b10 ,
b10001100110 e
1.
#127512000
0.
#127530000
b11 ,
b11 X
b10001100111 e
1.
#127548000
0.
#127566000
b100 X
b100 ,
b10001101000 e
1.
#127584000
0.
#127602000
b101 ,
b101 X
b10001101001 e
1.
#127620000
0.
#127638000
b110 X
b110 ,
b10001101010 e
1.
#127656000
0.
#127674000
b111 ,
b111 X
b10001101011 e
1.
#127692000
0.
#127710000
b1000 X
b1000 ,
b10001101100 e
1.
#127728000
0.
#127746000
b1001 ,
b1001 X
b10001101101 e
1.
#127764000
0.
#127782000
b1010 X
b1010 ,
b10001101110 e
1.
#127800000
0.
#127818000
b1011 ,
b1011 X
b10001101111 e
1.
#127836000
0.
#127854000
b1100 X
b1100 ,
b10001110000 e
1.
#127872000
0.
#127890000
b1101 ,
b1101 X
b10001110001 e
1.
#127908000
0.
#127926000
19
b1110 X
b1110 ,
b10001110010 e
1.
#127944000
0.
#127962000
09
1-
b0 ,
b0 X
b100 J
b10001110011 e
1.
#127980000
0.
#127998000
b1 X
0-
b1 ,
b10001110100 e
1.
#128016000
0.
#128034000
b10 ,
b10 X
b10001110101 e
1.
#128052000
0.
#128070000
b11 X
b11 ,
b10001110110 e
1.
#128088000
0.
#128106000
b100 ,
b100 X
b10001110111 e
1.
#128124000
0.
#128142000
b101 X
b101 ,
b10001111000 e
1.
#128160000
0.
#128178000
b110 ,
b110 X
b10001111001 e
1.
#128196000
0.
#128214000
b111 X
b111 ,
b10001111010 e
1.
#128232000
0.
#128250000
b1000 ,
b1000 X
b10001111011 e
1.
#128268000
0.
#128286000
b1001 X
b1001 ,
b10001111100 e
1.
#128304000
0.
#128322000
b1010 ,
b1010 X
b10001111101 e
1.
#128340000
0.
#128358000
b1011 X
b1011 ,
b10001111110 e
1.
#128376000
0.
#128394000
b1100 ,
b1100 X
b10001111111 e
1.
#128412000
0.
#128430000
b1101 X
b1101 ,
b10010000000 e
1.
#128448000
0.
#128466000
19
b1110 ,
b1110 X
b10010000001 e
1.
#128484000
0.
#128502000
09
b101 J
b0 X
1-
b0 ,
b10010000010 e
1.
#128520000
0.
#128538000
0-
b1 ,
b1 X
b10010000011 e
1.
#128556000
0.
#128574000
b10 X
b10 ,
b10010000100 e
1.
#128592000
0.
#128610000
b11 ,
b11 X
b10010000101 e
1.
#128628000
0.
#128646000
b100 X
b100 ,
b10010000110 e
1.
#128664000
0.
#128682000
b101 ,
b101 X
b10010000111 e
1.
#128700000
0.
#128718000
b110 X
b110 ,
b10010001000 e
1.
#128736000
0.
#128754000
b111 ,
b111 X
b10010001001 e
1.
#128772000
0.
#128790000
b1000 X
b1000 ,
b10010001010 e
1.
#128808000
0.
#128826000
b1001 ,
b1001 X
b10010001011 e
1.
#128844000
0.
#128862000
b1010 X
b1010 ,
b10010001100 e
1.
#128880000
0.
#128898000
b1011 ,
b1011 X
b10010001101 e
1.
#128916000
0.
#128934000
b1100 X
b1100 ,
b10010001110 e
1.
#128952000
0.
#128970000
b1101 ,
b1101 X
b10010001111 e
1.
#128988000
0.
#129006000
19
b1110 X
b1110 ,
b10010010000 e
1.
#129024000
0.
#129042000
09
1-
b0 ,
b0 X
b110 J
b10010010001 e
1.
#129060000
0.
#129078000
b1 X
0-
b1 ,
b10010010010 e
1.
#129096000
0.
#129114000
b10 ,
b10 X
b10010010011 e
1.
#129132000
0.
#129150000
b11 X
b11 ,
b10010010100 e
1.
#129168000
0.
#129186000
b100 ,
b100 X
b10010010101 e
1.
#129204000
0.
#129222000
b101 X
b101 ,
b10010010110 e
1.
#129240000
0.
#129258000
b110 ,
b110 X
b10010010111 e
1.
#129276000
0.
#129294000
b111 X
b111 ,
b10010011000 e
1.
#129312000
0.
#129330000
b1000 ,
b1000 X
b10010011001 e
1.
#129348000
0.
#129366000
b1001 X
b1001 ,
b10010011010 e
1.
#129384000
0.
#129402000
b1010 ,
b1010 X
b10010011011 e
1.
#129420000
0.
#129438000
b1011 X
b1011 ,
b10010011100 e
1.
#129456000
0.
#129474000
b1100 ,
b1100 X
b10010011101 e
1.
#129492000
0.
#129510000
b1101 X
b1101 ,
b10010011110 e
1.
#129528000
0.
#129546000
19
b1110 ,
b1110 X
b10010011111 e
1.
#129564000
0.
#129582000
09
b111 J
b0 X
1-
b0 ,
b10010100000 e
1.
#129600000
0.
#129618000
0-
b1 ,
b1 X
b10010100001 e
1.
#129636000
0.
#129654000
b10 X
b10 ,
b10010100010 e
1.
#129672000
0.
#129690000
b11 ,
b11 X
b10010100011 e
1.
#129708000
0.
#129726000
b100 X
b100 ,
b10010100100 e
1.
#129744000
0.
#129762000
b101 ,
b101 X
b10010100101 e
1.
#129780000
0.
#129798000
b110 X
b110 ,
b10010100110 e
1.
#129816000
0.
#129834000
b111 ,
b111 X
b10010100111 e
1.
#129852000
0.
#129870000
b1000 X
b1000 ,
b10010101000 e
1.
#129888000
0.
#129906000
b1001 ,
b1001 X
b10010101001 e
1.
#129924000
0.
#129942000
b1010 X
b1010 ,
b10010101010 e
1.
#129960000
0.
#129978000
b1011 ,
b1011 X
b10010101011 e
1.
#129996000
0.
#130014000
b1100 X
b1100 ,
b10010101100 e
1.
#130032000
0.
#130050000
b1101 ,
b1101 X
b10010101101 e
1.
#130068000
0.
#130086000
19
b1110 X
b1110 ,
b10010101110 e
1.
#130104000
0.
#130122000
09
1-
b0 ,
b0 X
b1000 J
b10010101111 e
1.
#130140000
0.
#130158000
b1 X
0-
b1 ,
1"
13
b11 b
b10010110000 e
1.
#130176000
0.
#130194000
b10 ,
b10 X
1G
b10010110001 e
1.
#130212000
0.
#130230000
1H
b11 X
b11 ,
b10010110010 e
1.
#130248000
0.
#130266000
b100 ,
b100 X
1I
b10010110011 e
1.
#130284000
0.
#130302000
b101 X
b101 ,
b10010110100 e
1.
#130320000
0.
#130338000
b110 ,
b110 X
b10010110101 e
1.
#130356000
0.
#130374000
b111 X
b111 ,
b10010110110 e
1.
#130392000
0.
#130410000
b1000 ,
b1000 X
b10010110111 e
1.
#130428000
0.
#130446000
b1001 X
b1001 ,
b10010111000 e
1.
#130464000
0.
#130482000
b1010 ,
b1010 X
b10010111001 e
1.
#130500000
0.
#130518000
b1011 X
b1011 ,
b10010111010 e
1.
#130536000
0.
#130554000
b1100 ,
b1100 X
b10010111011 e
1.
#130572000
0.
#130590000
b1101 X
b1101 ,
b10010111100 e
1.
#130608000
0.
#130626000
19
b1110 ,
b1110 X
b10010111101 e
1.
#130644000
0.
#130662000
09
b1001 J
b0 X
1-
b0 ,
b10010111110 e
1.
#130680000
0.
#130698000
0-
b1 ,
b1 X
b10010111111 e
1.
#130716000
0.
#130734000
b10 X
b10 ,
b10011000000 e
1.
#130752000
0.
#130770000
b11 ,
b11 X
b10011000001 e
1.
#130788000
0.
#130806000
b100 X
b100 ,
b10011000010 e
1.
#130824000
0.
#130842000
b101 ,
b101 X
b10011000011 e
1.
#130860000
0.
#130878000
b110 X
b110 ,
b10011000100 e
1.
#130896000
0.
#130914000
b111 ,
b111 X
b10011000101 e
1.
#130932000
0.
#130950000
b1000 X
b1000 ,
b10011000110 e
1.
#130968000
0.
#130986000
b1001 ,
b1001 X
b10011000111 e
1.
#131004000
0.
#131022000
b1010 X
b1010 ,
b10011001000 e
1.
#131040000
0.
#131058000
b1011 ,
b1011 X
b10011001001 e
1.
#131076000
0.
#131094000
b1100 X
b1100 ,
b10011001010 e
1.
#131112000
0.
#131130000
b1101 ,
b1101 X
b10011001011 e
1.
#131148000
0.
#131166000
19
b1110 X
b1110 ,
b10011001100 e
1.
#131184000
0.
#131202000
09
1-
b0 ,
b0 X
b1010 J
b10011001101 e
1.
#131220000
0.
#131238000
b1 X
0-
b1 ,
b10011001110 e
1.
#131256000
0.
#131274000
b10 ,
b10 X
b10011001111 e
1.
#131292000
0.
#131310000
b11 X
b11 ,
b10011010000 e
1.
#131328000
0.
#131346000
b100 ,
b100 X
b10011010001 e
1.
#131364000
0.
#131382000
b101 X
b101 ,
b10011010010 e
1.
#131400000
0.
#131418000
b110 ,
b110 X
b10011010011 e
1.
#131436000
0.
#131454000
b111 X
b111 ,
b10011010100 e
1.
#131472000
0.
#131490000
b1000 ,
b1000 X
b10011010101 e
1.
#131508000
0.
#131526000
b1001 X
b1001 ,
b10011010110 e
1.
#131544000
0.
#131562000
b1010 ,
b1010 X
b10011010111 e
1.
#131580000
0.
#131598000
b1011 X
b1011 ,
b10011011000 e
1.
#131616000
0.
#131634000
b1100 ,
b1100 X
b10011011001 e
1.
#131652000
0.
#131670000
b1101 X
b1101 ,
b10011011010 e
1.
#131688000
0.
#131706000
19
b1110 ,
b1110 X
b10011011011 e
1.
#131724000
0.
#131742000
09
b1011 J
b0 X
1-
b0 ,
b10011011100 e
1.
#131760000
0.
#131778000
0-
b1 ,
b1 X
b10011011101 e
1.
#131796000
0.
#131814000
b10 X
b10 ,
b10011011110 e
1.
#131832000
0.
#131850000
b11 ,
b11 X
b10011011111 e
1.
#131868000
0.
#131886000
b100 X
b100 ,
b10011100000 e
1.
#131904000
0.
#131922000
b101 ,
b101 X
b10011100001 e
1.
#131940000
0.
#131958000
b110 X
b110 ,
b10011100010 e
1.
#131976000
0.
#131994000
b111 ,
b111 X
b10011100011 e
1.
#132012000
0.
#132030000
b1000 X
b1000 ,
b10011100100 e
1.
#132048000
0.
#132066000
b1001 ,
b1001 X
b10011100101 e
1.
#132084000
0.
#132102000
b1010 X
b1010 ,
b10011100110 e
1.
#132120000
0.
#132138000
b1011 ,
b1011 X
b10011100111 e
1.
#132156000
0.
#132174000
b1100 X
b1100 ,
b10011101000 e
1.
#132192000
0.
#132210000
b1101 ,
b1101 X
b10011101001 e
1.
#132228000
0.
#132246000
19
b1110 X
b1110 ,
b10011101010 e
1.
#132264000
0.
#132282000
09
1-
b0 ,
b0 X
b1100 J
b10011101011 e
1.
#132300000
0.
#132318000
b1 X
0-
b1 ,
b10011101100 e
1.
#132336000
0.
#132354000
b10 ,
b10 X
b10011101101 e
1.
#132372000
0.
#132390000
b11 X
b11 ,
b10011101110 e
1.
#132408000
0.
#132426000
b100 ,
b100 X
b10011101111 e
1.
#132444000
0.
#132462000
b101 X
b101 ,
b10011110000 e
1.
#132480000
0.
#132498000
b110 ,
b110 X
b10011110001 e
1.
#132516000
0.
#132534000
b111 X
b111 ,
b10011110010 e
1.
#132552000
0.
#132570000
b1000 ,
b1000 X
b10011110011 e
1.
#132588000
0.
#132606000
b1001 X
b1001 ,
b10011110100 e
1.
#132624000
0.
#132642000
b1010 ,
b1010 X
b10011110101 e
1.
#132660000
0.
#132678000
b1011 X
b1011 ,
b10011110110 e
1.
#132696000
0.
#132714000
b1100 ,
b1100 X
b10011110111 e
1.
#132732000
0.
#132750000
b1101 X
b1101 ,
b10011111000 e
1.
#132768000
0.
#132786000
19
b1110 ,
b1110 X
b10011111001 e
1.
#132804000
0.
#132822000
09
b1101 J
b0 X
1-
b0 ,
b10011111010 e
1.
#132840000
0.
#132858000
0-
b1 ,
b1 X
b10011111011 e
1.
#132876000
0.
#132894000
b10 X
b10 ,
b10011111100 e
1.
#132912000
0.
#132930000
b11 ,
b11 X
b10011111101 e
1.
#132948000
0.
#132966000
b100 X
b100 ,
b10011111110 e
1.
#132984000
0.
#133002000
b101 ,
b101 X
b10011111111 e
1.
#133020000
0.
#133038000
b110 X
b110 ,
b10100000000 e
1.
#133056000
0.
#133074000
b111 ,
b111 X
b10100000001 e
1.
#133092000
0.
#133110000
b1000 X
b1000 ,
b10100000010 e
1.
#133128000
0.
#133146000
b1001 ,
b1001 X
b10100000011 e
1.
#133164000
0.
#133182000
b1010 X
b1010 ,
b10100000100 e
1.
#133200000
0.
#133218000
b1011 ,
b1011 X
b10100000101 e
1.
#133236000
0.
#133254000
b1100 X
b1100 ,
b10100000110 e
1.
#133272000
0.
#133290000
b1101 ,
b1101 X
b10100000111 e
1.
#133308000
0.
#133326000
19
b1110 X
b1110 ,
b10100001000 e
1.
#133344000
0.
#133362000
09
1-
b0 ,
b0 X
b1110 J
b10100001001 e
1.
#133380000
0.
#133398000
b1 X
0-
b1 ,
b10100001010 e
1.
#133416000
0.
#133434000
b10 ,
b10 X
b10100001011 e
1.
#133452000
0.
#133470000
b11 X
b11 ,
b10100001100 e
1.
#133488000
0.
#133506000
b100 ,
b100 X
b10100001101 e
1.
#133524000
0.
#133542000
b101 X
b101 ,
b10100001110 e
1.
#133560000
0.
#133578000
b110 ,
b110 X
b10100001111 e
1.
#133596000
0.
#133614000
b111 X
b111 ,
b10100010000 e
1.
#133632000
0.
#133650000
b1000 ,
b1000 X
b10100010001 e
1.
#133668000
0.
#133686000
b1001 X
b1001 ,
b10100010010 e
1.
#133704000
0.
#133722000
b1010 ,
b1010 X
b10100010011 e
1.
#133740000
0.
#133758000
b1011 X
b1011 ,
b10100010100 e
1.
#133776000
0.
#133794000
b1100 ,
b1100 X
b10100010101 e
1.
#133812000
0.
#133830000
b1101 X
b1101 ,
b10100010110 e
1.
#133848000
0.
#133866000
19
b1110 ,
b1110 X
b10100010111 e
1.
#133884000
0.
#133902000
09
b1111 J
b0 X
1-
b0 ,
b10100011000 e
1.
#133920000
0.
#133938000
0-
b1 ,
b1 X
b10100011001 e
1.
#133956000
0.
#133974000
b10 X
b10 ,
b10100011010 e
1.
#133992000
0.
#134010000
b11 ,
b11 X
b10100011011 e
1.
#134028000
0.
#134046000
b100 X
b100 ,
b10100011100 e
1.
#134064000
0.
#134082000
b101 ,
b101 X
b10100011101 e
1.
#134100000
0.
#134118000
b110 X
b110 ,
b10100011110 e
1.
#134136000
0.
#134154000
b111 ,
b111 X
b10100011111 e
1.
#134172000
0.
#134190000
b1000 X
b1000 ,
b10100100000 e
1.
#134208000
0.
#134226000
b1001 ,
b1001 X
b10100100001 e
1.
#134244000
0.
#134262000
b1010 X
b1010 ,
b10100100010 e
1.
#134280000
0.
#134298000
b1011 ,
b1011 X
b10100100011 e
1.
#134316000
0.
#134334000
b1100 X
b1100 ,
b10100100100 e
1.
#134352000
0.
#134370000
b1101 ,
b1101 X
b10100100101 e
1.
#134388000
0.
#134406000
19
b1110 X
b1110 ,
b10100100110 e
1.
#134424000
0.
#134442000
09
1-
b0 ,
b0 X
b1010 %
b1010 8
b1010 E
b100 D
b0 J
b10100100111 e
1.
#134460000
0.
#134478000
b1 X
0-
b1 ,
b10100101000 e
1.
#134496000
0.
#134514000
b10 ,
b10 X
b10100101001 e
1.
#134532000
0.
#134550000
b11 X
b11 ,
b10100101010 e
1.
#134568000
0.
#134586000
b100 ,
b100 X
b10100101011 e
1.
#134604000
0.
#134622000
b101 X
b101 ,
b10100101100 e
1.
#134640000
0.
#134658000
b110 ,
b110 X
b10100101101 e
1.
#134676000
0.
#134694000
b111 X
b111 ,
b10100101110 e
1.
#134712000
0.
#134730000
b1000 ,
b1000 X
b10100101111 e
1.
#134748000
0.
#134766000
b1001 X
b1001 ,
b10100110000 e
1.
#134784000
0.
#134802000
b1010 ,
b1010 X
b10100110001 e
1.
#134820000
0.
#134838000
b1011 X
b1011 ,
b10100110010 e
1.
#134856000
0.
#134874000
b1100 ,
b1100 X
b10100110011 e
1.
#134892000
0.
#134910000
b1101 X
b1101 ,
b10100110100 e
1.
#134928000
0.
#134946000
19
b1110 ,
b1110 X
b10100110101 e
1.
#134964000
0.
#134982000
09
b1 J
b0 X
1-
b0 ,
b10100110110 e
1.
#135000000
0.
#135018000
0-
b1 ,
b1 X
b10100110111 e
1.
#135036000
0.
#135054000
b10 X
b10 ,
b10100111000 e
1.
#135072000
0.
#135090000
b11 ,
b11 X
b10100111001 e
1.
#135108000
0.
#135126000
b100 X
b100 ,
b10100111010 e
1.
#135144000
0.
#135162000
b101 ,
b101 X
b10100111011 e
1.
#135180000
0.
#135198000
b110 X
b110 ,
b10100111100 e
1.
#135216000
0.
#135234000
b111 ,
b111 X
b10100111101 e
1.
#135252000
0.
#135270000
b1000 X
b1000 ,
b10100111110 e
1.
#135288000
0.
#135306000
b1001 ,
b1001 X
b10100111111 e
1.
#135324000
0.
#135342000
b1010 X
b1010 ,
b10101000000 e
1.
#135360000
0.
#135378000
b1011 ,
b1011 X
b10101000001 e
1.
#135396000
0.
#135414000
b1100 X
b1100 ,
b10101000010 e
1.
#135432000
0.
#135450000
b1101 ,
b1101 X
b10101000011 e
1.
#135468000
0.
#135486000
19
b1110 X
b1110 ,
b10101000100 e
1.
#135504000
0.
#135522000
09
1-
b0 ,
b0 X
b10 J
b10101000101 e
1.
#135540000
0.
#135558000
b1 X
0-
b1 ,
b10101000110 e
1.
#135576000
0.
#135594000
b10 ,
b10 X
b10101000111 e
1.
#135612000
0.
#135630000
b11 X
b11 ,
b10101001000 e
1.
#135648000
0.
#135666000
b100 ,
b100 X
b10101001001 e
1.
#135684000
0.
#135702000
b101 X
b101 ,
b10101001010 e
1.
#135720000
0.
#135738000
b110 ,
b110 X
b10101001011 e
1.
#135756000
0.
#135774000
b111 X
b111 ,
b10101001100 e
1.
#135792000
0.
#135810000
b1000 ,
b1000 X
b10101001101 e
1.
#135828000
0.
#135846000
b1001 X
b1001 ,
b10101001110 e
1.
#135864000
0.
#135882000
b1010 ,
b1010 X
b10101001111 e
1.
#135900000
0.
#135918000
b1011 X
b1011 ,
b10101010000 e
1.
#135936000
0.
#135954000
b1100 ,
b1100 X
b10101010001 e
1.
#135972000
0.
#135990000
b1101 X
b1101 ,
b10101010010 e
1.
#136008000
0.
#136026000
19
b1110 ,
b1110 X
b10101010011 e
1.
#136044000
0.
#136062000
09
b11 J
b0 X
1-
b0 ,
b10101010100 e
1.
#136080000
0.
#136098000
0-
b1 ,
b1 X
b10101010101 e
1.
#136116000
0.
#136134000
b10 X
b10 ,
b10101010110 e
1.
#136152000
0.
#136170000
b11 ,
b11 X
b10101010111 e
1.
#136188000
0.
#136206000
b100 X
b100 ,
b10101011000 e
1.
#136224000
0.
#136242000
b101 ,
b101 X
b10101011001 e
1.
#136260000
0.
#136278000
b110 X
b110 ,
b10101011010 e
1.
#136296000
0.
#136314000
b111 ,
b111 X
b10101011011 e
1.
#136332000
0.
#136350000
b1000 X
b1000 ,
b10101011100 e
1.
#136368000
0.
#136386000
b1001 ,
b1001 X
b10101011101 e
1.
#136404000
0.
#136422000
b1010 X
b1010 ,
b10101011110 e
1.
#136440000
0.
#136458000
b1011 ,
b1011 X
b10101011111 e
1.
#136476000
0.
#136494000
b1100 X
b1100 ,
b10101100000 e
1.
#136512000
0.
#136530000
b1101 ,
b1101 X
b10101100001 e
1.
#136548000
0.
#136566000
19
b1110 X
b1110 ,
b10101100010 e
1.
#136584000
0.
#136602000
09
1-
b0 ,
b0 X
b100 J
b10101100011 e
1.
#136620000
0.
#136638000
b1 X
0-
b1 ,
b10101100100 e
1.
#136656000
0.
#136674000
b10 ,
b10 X
b10101100101 e
1.
#136692000
0.
#136710000
b11 X
b11 ,
b10101100110 e
1.
#136728000
0.
#136746000
b100 ,
b100 X
b10101100111 e
1.
#136764000
0.
#136782000
b101 X
b101 ,
b10101101000 e
1.
#136800000
0.
#136818000
b110 ,
b110 X
b10101101001 e
1.
#136836000
0.
#136854000
b111 X
b111 ,
b10101101010 e
1.
#136872000
0.
#136890000
b1000 ,
b1000 X
b10101101011 e
1.
#136908000
0.
#136926000
b1001 X
b1001 ,
b10101101100 e
1.
#136944000
0.
#136962000
b1010 ,
b1010 X
b10101101101 e
1.
#136980000
0.
#136998000
b1011 X
b1011 ,
b10101101110 e
1.
#137016000
0.
#137034000
b1100 ,
b1100 X
b10101101111 e
1.
#137052000
0.
#137070000
b1101 X
b1101 ,
b10101110000 e
1.
#137088000
0.
#137106000
19
b1110 ,
b1110 X
b10101110001 e
1.
#137124000
0.
#137142000
09
b101 J
b0 X
1-
b0 ,
b10101110010 e
1.
#137160000
0.
#137178000
0-
b1 ,
b1 X
b10101110011 e
1.
#137196000
0.
#137214000
b10 X
b10 ,
b10101110100 e
1.
#137232000
0.
#137250000
b11 ,
b11 X
b10101110101 e
1.
#137268000
0.
#137286000
b100 X
b100 ,
b10101110110 e
1.
#137304000
0.
#137322000
b101 ,
b101 X
b10101110111 e
1.
#137340000
0.
#137358000
b110 X
b110 ,
b10101111000 e
1.
#137376000
0.
#137394000
b111 ,
b111 X
b10101111001 e
1.
#137412000
0.
#137430000
b1000 X
b1000 ,
b10101111010 e
1.
#137448000
0.
#137466000
b1001 ,
b1001 X
b10101111011 e
1.
#137484000
0.
#137502000
b1010 X
b1010 ,
b10101111100 e
1.
#137520000
0.
#137538000
b1011 ,
b1011 X
b10101111101 e
1.
#137556000
0.
#137574000
b1100 X
b1100 ,
b10101111110 e
1.
#137592000
0.
#137610000
b1101 ,
b1101 X
b10101111111 e
1.
#137628000
0.
#137646000
19
b1110 X
b1110 ,
b10110000000 e
1.
#137664000
0.
#137682000
09
1-
b0 ,
b0 X
b110 J
b10110000001 e
1.
#137700000
0.
#137718000
b1 X
0-
b1 ,
b10110000010 e
1.
#137736000
0.
#137754000
b10 ,
b10 X
b10110000011 e
1.
#137772000
0.
#137790000
b11 X
b11 ,
b10110000100 e
1.
#137808000
0.
#137826000
b100 ,
b100 X
b10110000101 e
1.
#137844000
0.
#137862000
b101 X
b101 ,
b10110000110 e
1.
#137880000
0.
#137898000
b110 ,
b110 X
b10110000111 e
1.
#137916000
0.
#137934000
b111 X
b111 ,
b10110001000 e
1.
#137952000
0.
#137970000
b1000 ,
b1000 X
b10110001001 e
1.
#137988000
0.
#138006000
b1001 X
b1001 ,
b10110001010 e
1.
#138024000
0.
#138042000
b1010 ,
b1010 X
b10110001011 e
1.
#138060000
0.
#138078000
b1011 X
b1011 ,
b10110001100 e
1.
#138096000
0.
#138114000
b1100 ,
b1100 X
b10110001101 e
1.
#138132000
0.
#138150000
b1101 X
b1101 ,
b10110001110 e
1.
#138168000
0.
#138186000
19
b1110 ,
b1110 X
b10110001111 e
1.
#138204000
0.
#138222000
09
b111 J
b0 X
1-
b0 ,
b10110010000 e
1.
#138240000
0.
#138258000
0-
b1 ,
b1 X
b10110010001 e
1.
#138276000
0.
#138294000
b10 X
b10 ,
b10110010010 e
1.
#138312000
0.
#138330000
b11 ,
b11 X
b10110010011 e
1.
#138348000
0.
#138366000
b100 X
b100 ,
b10110010100 e
1.
#138384000
0.
#138402000
b101 ,
b101 X
b10110010101 e
1.
#138420000
0.
#138438000
b110 X
b110 ,
b10110010110 e
1.
#138456000
0.
#138474000
b111 ,
b111 X
b10110010111 e
1.
#138492000
0.
#138510000
b1000 X
b1000 ,
b10110011000 e
1.
#138528000
0.
#138546000
b1001 ,
b1001 X
b10110011001 e
1.
#138564000
0.
#138582000
b1010 X
b1010 ,
b10110011010 e
1.
#138600000
0.
#138618000
b1011 ,
b1011 X
b10110011011 e
1.
#138636000
0.
#138654000
b1100 X
b1100 ,
b10110011100 e
1.
#138672000
0.
#138690000
b1101 ,
b1101 X
b10110011101 e
1.
#138708000
0.
#138726000
19
b1110 X
b1110 ,
b10110011110 e
1.
#138744000
0.
#138762000
09
1-
b0 ,
b0 X
b1000 J
b10110011111 e
1.
#138780000
0.
#138798000
b1 X
0-
b1 ,
b100 b
b10110100000 e
1.
#138816000
0.
#138834000
b10 ,
b10 X
b10110100001 e
1.
#138852000
0.
#138870000
b11 X
b11 ,
b10110100010 e
1.
#138888000
0.
#138906000
b100 ,
b100 X
b10110100011 e
1.
#138924000
0.
#138942000
b101 X
b101 ,
b10110100100 e
1.
#138960000
0.
#138978000
b110 ,
b110 X
b10110100101 e
1.
#138996000
0.
#139014000
b111 X
b111 ,
b10110100110 e
1.
#139032000
0.
#139050000
b1000 ,
b1000 X
b10110100111 e
1.
#139068000
0.
#139086000
b1001 X
b1001 ,
b10110101000 e
1.
#139104000
0.
#139122000
b1010 ,
b1010 X
b10110101001 e
1.
#139140000
0.
#139158000
b1011 X
b1011 ,
b10110101010 e
1.
#139176000
0.
#139194000
b1100 ,
b1100 X
b10110101011 e
1.
#139212000
0.
#139230000
b1101 X
b1101 ,
b10110101100 e
1.
#139248000
0.
#139266000
19
b1110 ,
b1110 X
b10110101101 e
1.
#139284000
0.
#139302000
09
b1001 J
b0 X
1-
b0 ,
b10110101110 e
1.
#139320000
0.
#139338000
0-
b1 ,
b1 X
b10110101111 e
1.
#139356000
0.
#139374000
b10 X
b10 ,
b10110110000 e
1.
#139392000
0.
#139410000
b11 ,
b11 X
b10110110001 e
1.
#139428000
0.
#139446000
b100 X
b100 ,
b10110110010 e
1.
#139464000
0.
#139482000
b101 ,
b101 X
b10110110011 e
1.
#139500000
0.
#139518000
b110 X
b110 ,
b10110110100 e
1.
#139536000
0.
#139554000
b111 ,
b111 X
b10110110101 e
1.
#139572000
0.
#139590000
b1000 X
b1000 ,
b10110110110 e
1.
#139608000
0.
#139626000
b1001 ,
b1001 X
b10110110111 e
1.
#139644000
0.
#139662000
b1010 X
b1010 ,
b10110111000 e
1.
#139680000
0.
#139698000
b1011 ,
b1011 X
b10110111001 e
1.
#139716000
0.
#139734000
b1100 X
b1100 ,
b10110111010 e
1.
#139752000
0.
#139770000
b1101 ,
b1101 X
b10110111011 e
1.
#139788000
0.
#139806000
19
b1110 X
b1110 ,
b10110111100 e
1.
#139824000
0.
#139842000
09
1-
b0 ,
b0 X
b1010 J
b10110111101 e
1.
#139860000
0.
#139878000
b1 X
0-
b1 ,
b10110111110 e
1.
#139896000
0.
#139914000
b10 ,
b10 X
b10110111111 e
1.
#139932000
0.
#139950000
b11 X
b11 ,
b10111000000 e
1.
#139968000
0.
#139986000
b100 ,
b100 X
b10111000001 e
1.
#140004000
0.
#140022000
b101 X
b101 ,
b10111000010 e
1.
#140040000
0.
#140058000
b110 ,
b110 X
b10111000011 e
1.
#140076000
0.
#140094000
b111 X
b111 ,
b10111000100 e
1.
#140112000
0.
#140130000
b1000 ,
b1000 X
b10111000101 e
1.
#140148000
0.
#140166000
b1001 X
b1001 ,
b10111000110 e
1.
#140184000
0.
#140202000
b1010 ,
b1010 X
b10111000111 e
1.
#140220000
0.
#140238000
b1011 X
b1011 ,
b10111001000 e
1.
#140256000
0.
#140274000
b1100 ,
b1100 X
b10111001001 e
1.
#140292000
0.
#140310000
b1101 X
b1101 ,
b10111001010 e
1.
#140328000
0.
#140346000
19
b1110 ,
b1110 X
b10111001011 e
1.
#140364000
0.
#140382000
09
b1011 J
b0 X
1-
b0 ,
b10111001100 e
1.
#140400000
0.
#140418000
0-
b1 ,
b1 X
b10111001101 e
1.
#140436000
0.
#140454000
b10 X
b10 ,
b10111001110 e
1.
#140472000
0.
#140490000
b11 ,
b11 X
b10111001111 e
1.
#140508000
0.
#140526000
b100 X
b100 ,
b10111010000 e
1.
#140544000
0.
#140562000
b101 ,
b101 X
b10111010001 e
1.
#140580000
0.
#140598000
b110 X
b110 ,
b10111010010 e
1.
#140616000
0.
#140634000
b111 ,
b111 X
b10111010011 e
1.
#140652000
0.
#140670000
b1000 X
b1000 ,
b10111010100 e
1.
#140688000
0.
#140706000
b1001 ,
b1001 X
b10111010101 e
1.
#140724000
0.
#140742000
b1010 X
b1010 ,
b10111010110 e
1.
#140760000
0.
#140778000
b1011 ,
b1011 X
b10111010111 e
1.
#140796000
0.
#140814000
b1100 X
b1100 ,
b10111011000 e
1.
#140832000
0.
#140850000
b1101 ,
b1101 X
b10111011001 e
1.
#140868000
0.
#140886000
19
b1110 X
b1110 ,
b10111011010 e
1.
#140904000
0.
#140922000
09
1-
b0 ,
b0 X
b1100 J
b10111011011 e
1.
#140940000
0.
#140958000
b1 X
0-
b1 ,
b10111011100 e
1.
#140976000
0.
#140994000
b10 ,
b10 X
b10111011101 e
1.
#141012000
0.
#141030000
b11 X
b11 ,
b10111011110 e
1.
#141048000
0.
#141066000
b100 ,
b100 X
b10111011111 e
1.
#141084000
0.
#141102000
b101 X
b101 ,
b10111100000 e
1.
#141120000
0.
#141138000
b110 ,
b110 X
b10111100001 e
1.
#141156000
0.
#141174000
b111 X
b111 ,
b10111100010 e
1.
#141192000
0.
#141210000
b1000 ,
b1000 X
b10111100011 e
1.
#141228000
0.
#141246000
b1001 X
b1001 ,
b10111100100 e
1.
#141264000
0.
#141282000
b1010 ,
b1010 X
b10111100101 e
1.
#141300000
0.
#141318000
b1011 X
b1011 ,
b10111100110 e
1.
#141336000
0.
#141354000
b1100 ,
b1100 X
b10111100111 e
1.
#141372000
0.
#141390000
b1101 X
b1101 ,
b10111101000 e
1.
#141408000
0.
#141426000
19
b1110 ,
b1110 X
b10111101001 e
1.
#141444000
0.
#141462000
09
b1101 J
b0 X
1-
b0 ,
b10111101010 e
1.
#141480000
0.
#141498000
0-
b1 ,
b1 X
b10111101011 e
1.
#141516000
0.
#141534000
b10 X
b10 ,
b10111101100 e
1.
#141552000
0.
#141570000
b11 ,
b11 X
b10111101101 e
1.
#141588000
0.
#141606000
b100 X
b100 ,
b10111101110 e
1.
#141624000
0.
#141642000
b101 ,
b101 X
b10111101111 e
1.
#141660000
0.
#141678000
b110 X
b110 ,
b10111110000 e
1.
#141696000
0.
#141714000
b111 ,
b111 X
b10111110001 e
1.
#141732000
0.
#141750000
b1000 X
b1000 ,
b10111110010 e
1.
#141768000
0.
#141786000
b1001 ,
b1001 X
b10111110011 e
1.
#141804000
0.
#141822000
b1010 X
b1010 ,
b10111110100 e
1.
#141840000
0.
#141858000
b1011 ,
b1011 X
b10111110101 e
1.
#141876000
0.
#141894000
b1100 X
b1100 ,
b10111110110 e
1.
#141912000
0.
#141930000
b1101 ,
b1101 X
b10111110111 e
1.
#141948000
0.
#141966000
19
b1110 X
b1110 ,
b10111111000 e
1.
#141984000
0.
#142002000
09
1-
b0 ,
b0 X
b1110 J
b10111111001 e
1.
#142020000
0.
#142038000
b1 X
0-
b1 ,
b10111111010 e
1.
#142056000
0.
#142074000
b10 ,
b10 X
b10111111011 e
1.
#142092000
0.
#142110000
b11 X
b11 ,
b10111111100 e
1.
#142128000
0.
#142146000
b100 ,
b100 X
b10111111101 e
1.
#142164000
0.
#142182000
b101 X
b101 ,
b10111111110 e
1.
#142200000
0.
#142218000
b110 ,
b110 X
b10111111111 e
1.
#142236000
0.
#142254000
b111 X
b111 ,
b11000000000 e
1.
#142272000
0.
#142290000
b1000 ,
b1000 X
b11000000001 e
1.
#142308000
0.
#142326000
b1001 X
b1001 ,
b11000000010 e
1.
#142344000
0.
#142362000
b1010 ,
b1010 X
b11000000011 e
1.
#142380000
0.
#142398000
b1011 X
b1011 ,
b11000000100 e
1.
#142416000
0.
#142434000
b1100 ,
b1100 X
b11000000101 e
1.
#142452000
0.
#142470000
b1101 X
b1101 ,
b11000000110 e
1.
#142488000
0.
#142506000
19
b1110 ,
b1110 X
b11000000111 e
1.
#142524000
0.
#142542000
09
b1111 J
b0 X
1-
b0 ,
b11000001000 e
1.
#142560000
0.
#142578000
0-
b1 ,
b1 X
b11000001001 e
1.
#142596000
0.
#142614000
b10 X
b10 ,
b11000001010 e
1.
#142632000
0.
#142650000
b11 ,
b11 X
b11000001011 e
1.
#142668000
0.
#142686000
b100 X
b100 ,
b11000001100 e
1.
#142704000
0.
#142722000
b101 ,
b101 X
b11000001101 e
1.
#142740000
0.
#142758000
b110 X
b110 ,
b11000001110 e
1.
#142776000
0.
#142794000
b111 ,
b111 X
b11000001111 e
1.
#142812000
0.
#142830000
b1000 X
b1000 ,
b11000010000 e
1.
#142848000
0.
#142866000
b1001 ,
b1001 X
b11000010001 e
1.
#142884000
0.
#142902000
b1010 X
b1010 ,
b11000010010 e
1.
#142920000
0.
#142938000
b1011 ,
b1011 X
b11000010011 e
1.
#142956000
0.
#142974000
b1100 X
b1100 ,
b11000010100 e
1.
#142992000
0.
#143010000
b1101 ,
b1101 X
b11000010101 e
1.
#143028000
0.
#143046000
19
b1110 X
b1110 ,
b11000010110 e
1.
#143064000
0.
#143082000
09
1-
b0 ,
b0 X
b11010 %
b11010 8
b11010 E
b101 D
b0 J
b11000010111 e
1.
#143100000
0.
#143118000
b1 X
0-
b1 ,
b11000011000 e
1.
#143136000
0.
#143154000
b10 ,
b10 X
b11000011001 e
1.
#143172000
0.
#143190000
b11 X
b11 ,
b11000011010 e
1.
#143208000
0.
#143226000
b100 ,
b100 X
b11000011011 e
1.
#143244000
0.
#143262000
b101 X
b101 ,
b11000011100 e
1.
#143280000
0.
#143298000
b110 ,
b110 X
b11000011101 e
1.
#143316000
0.
#143334000
b111 X
b111 ,
b11000011110 e
1.
#143352000
0.
#143370000
b1000 ,
b1000 X
b11000011111 e
1.
#143388000
0.
#143406000
b1001 X
b1001 ,
b11000100000 e
1.
#143424000
0.
#143442000
b1010 ,
b1010 X
b11000100001 e
1.
#143460000
0.
#143478000
b1011 X
b1011 ,
b11000100010 e
1.
#143496000
0.
#143514000
b1100 ,
b1100 X
b11000100011 e
1.
#143532000
0.
#143550000
b1101 X
b1101 ,
b11000100100 e
1.
#143568000
0.
#143586000
19
b1110 ,
b1110 X
b11000100101 e
1.
#143604000
0.
#143622000
09
b1 J
b0 X
1-
b0 ,
b11000100110 e
1.
#143640000
0.
#143658000
0-
b1 ,
b1 X
b11000100111 e
1.
#143676000
0.
#143694000
b10 X
b10 ,
b11000101000 e
1.
#143712000
0.
#143730000
b11 ,
b11 X
b11000101001 e
1.
#143748000
0.
#143766000
b100 X
b100 ,
b11000101010 e
1.
#143784000
0.
#143802000
b101 ,
b101 X
b11000101011 e
1.
#143820000
0.
#143838000
b110 X
b110 ,
b11000101100 e
1.
#143856000
0.
#143874000
b111 ,
b111 X
b11000101101 e
1.
#143892000
0.
#143910000
b1000 X
b1000 ,
b11000101110 e
1.
#143928000
0.
#143946000
b1001 ,
b1001 X
b11000101111 e
1.
#143964000
0.
#143982000
b1010 X
b1010 ,
b11000110000 e
1.
#144000000
0.
#144018000
b1011 ,
b1011 X
b11000110001 e
1.
#144036000
0.
#144054000
b1100 X
b1100 ,
b11000110010 e
1.
#144072000
0.
#144090000
b1101 ,
b1101 X
b11000110011 e
1.
#144108000
0.
#144126000
19
b1110 X
b1110 ,
b11000110100 e
1.
#144144000
0.
#144162000
09
1-
b0 ,
b0 X
b10 J
b11000110101 e
1.
#144180000
0.
#144198000
b1 X
0-
b1 ,
b11000110110 e
1.
#144216000
0.
#144234000
b10 ,
b10 X
b11000110111 e
1.
#144252000
0.
#144270000
b11 X
b11 ,
b11000111000 e
1.
#144288000
0.
#144306000
b100 ,
b100 X
b11000111001 e
1.
#144324000
0.
#144342000
b101 X
b101 ,
b11000111010 e
1.
#144360000
0.
#144378000
b110 ,
b110 X
b11000111011 e
1.
#144396000
0.
#144414000
b111 X
b111 ,
b11000111100 e
1.
#144432000
0.
#144450000
b1000 ,
b1000 X
b11000111101 e
1.
#144468000
0.
#144486000
b1001 X
b1001 ,
b11000111110 e
1.
#144504000
0.
#144522000
b1010 ,
b1010 X
b11000111111 e
1.
#144540000
0.
#144558000
b1011 X
b1011 ,
b11001000000 e
1.
#144576000
0.
#144594000
b1100 ,
b1100 X
b11001000001 e
1.
#144612000
0.
#144630000
b1101 X
b1101 ,
b11001000010 e
1.
#144648000
0.
#144666000
19
b1110 ,
b1110 X
b11001000011 e
1.
#144684000
0.
#144702000
09
b11 J
b0 X
1-
b0 ,
b11001000100 e
1.
#144720000
0.
#144738000
0-
b1 ,
b1 X
b11001000101 e
1.
#144756000
0.
#144774000
b10 X
b10 ,
b11001000110 e
1.
#144792000
0.
#144810000
b11 ,
b11 X
b11001000111 e
1.
#144828000
0.
#144846000
b100 X
b100 ,
b11001001000 e
1.
#144864000
0.
#144882000
b101 ,
b101 X
b11001001001 e
1.
#144900000
0.
#144918000
b110 X
b110 ,
b11001001010 e
1.
#144936000
0.
#144954000
b111 ,
b111 X
b11001001011 e
1.
#144972000
0.
#144990000
b1000 X
b1000 ,
b11001001100 e
1.
#145008000
0.
#145026000
b1001 ,
b1001 X
b11001001101 e
1.
#145044000
0.
#145062000
b1010 X
b1010 ,
b11001001110 e
1.
#145080000
0.
#145098000
b1011 ,
b1011 X
b11001001111 e
1.
#145116000
0.
#145134000
b1100 X
b1100 ,
b11001010000 e
1.
#145152000
0.
#145170000
b1101 ,
b1101 X
b11001010001 e
1.
#145188000
0.
#145206000
19
b1110 X
b1110 ,
b11001010010 e
1.
#145224000
0.
#145242000
09
1-
b0 ,
b0 X
b100 J
b11001010011 e
1.
#145260000
0.
#145278000
b1 X
0-
b1 ,
b11001010100 e
1.
#145296000
0.
#145314000
b10 ,
b10 X
b11001010101 e
1.
#145332000
0.
#145350000
b11 X
b11 ,
b11001010110 e
1.
#145368000
0.
#145386000
b100 ,
b100 X
b11001010111 e
1.
#145404000
0.
#145422000
b101 X
b101 ,
b11001011000 e
1.
#145440000
0.
#145458000
b110 ,
b110 X
b11001011001 e
1.
#145476000
0.
#145494000
b111 X
b111 ,
b11001011010 e
1.
#145512000
0.
#145530000
b1000 ,
b1000 X
b11001011011 e
1.
#145548000
0.
#145566000
b1001 X
b1001 ,
b11001011100 e
1.
#145584000
0.
#145602000
b1010 ,
b1010 X
b11001011101 e
1.
#145620000
0.
#145638000
b1011 X
b1011 ,
b11001011110 e
1.
#145656000
0.
#145674000
b1100 ,
b1100 X
b11001011111 e
1.
#145692000
0.
#145710000
b1101 X
b1101 ,
b11001100000 e
1.
#145728000
0.
#145746000
19
b1110 ,
b1110 X
b11001100001 e
1.
#145764000
0.
#145782000
09
b101 J
b0 X
1-
b0 ,
b11001100010 e
1.
#145800000
0.
#145818000
0-
b1 ,
b1 X
b11001100011 e
1.
#145836000
0.
#145854000
b10 X
b10 ,
b11001100100 e
1.
#145872000
0.
#145890000
b11 ,
b11 X
b11001100101 e
1.
#145908000
0.
#145926000
b100 X
b100 ,
b11001100110 e
1.
#145944000
0.
#145962000
b101 ,
b101 X
b11001100111 e
1.
#145980000
0.
#145998000
b110 X
b110 ,
b11001101000 e
1.
#146016000
0.
#146034000
b111 ,
b111 X
b11001101001 e
1.
#146052000
0.
#146070000
b1000 X
b1000 ,
b11001101010 e
1.
#146088000
0.
#146106000
b1001 ,
b1001 X
b11001101011 e
1.
#146124000
0.
#146142000
b1010 X
b1010 ,
b11001101100 e
1.
#146160000
0.
#146178000
b1011 ,
b1011 X
b11001101101 e
1.
#146196000
0.
#146214000
b1100 X
b1100 ,
b11001101110 e
1.
#146232000
0.
#146250000
b1101 ,
b1101 X
b11001101111 e
1.
#146268000
0.
#146286000
19
b1110 X
b1110 ,
b11001110000 e
1.
#146304000
0.
#146322000
09
1-
b0 ,
b0 X
b110 J
b11001110001 e
1.
#146340000
0.
#146358000
b1 X
0-
b1 ,
b11001110010 e
1.
#146376000
0.
#146394000
b10 ,
b10 X
b11001110011 e
1.
#146412000
0.
#146430000
b11 X
b11 ,
b11001110100 e
1.
#146448000
0.
#146466000
b100 ,
b100 X
b11001110101 e
1.
#146484000
0.
#146502000
b101 X
b101 ,
b11001110110 e
1.
#146520000
0.
#146538000
b110 ,
b110 X
b11001110111 e
1.
#146556000
0.
#146574000
b111 X
b111 ,
b11001111000 e
1.
#146592000
0.
#146610000
b1000 ,
b1000 X
b11001111001 e
1.
#146628000
0.
#146646000
b1001 X
b1001 ,
b11001111010 e
1.
#146664000
0.
#146682000
b1010 ,
b1010 X
b11001111011 e
1.
#146700000
0.
#146718000
b1011 X
b1011 ,
b11001111100 e
1.
#146736000
0.
#146754000
b1100 ,
b1100 X
b11001111101 e
1.
#146772000
0.
#146790000
b1101 X
b1101 ,
b11001111110 e
1.
#146808000
0.
#146826000
19
b1110 ,
b1110 X
b11001111111 e
1.
#146844000
0.
#146862000
09
b111 J
b0 X
1-
b0 ,
b11010000000 e
1.
#146880000
0.
#146898000
0-
b1 ,
b1 X
b11010000001 e
1.
#146916000
0.
#146934000
b10 X
b10 ,
b11010000010 e
1.
#146952000
0.
#146970000
b11 ,
b11 X
b11010000011 e
1.
#146988000
0.
#147006000
b100 X
b100 ,
b11010000100 e
1.
#147024000
0.
#147042000
b101 ,
b101 X
b11010000101 e
1.
#147060000
0.
#147078000
b110 X
b110 ,
b11010000110 e
1.
#147096000
0.
#147114000
b111 ,
b111 X
b11010000111 e
1.
#147132000
0.
#147150000
b1000 X
b1000 ,
b11010001000 e
1.
#147168000
0.
#147186000
b1001 ,
b1001 X
b11010001001 e
1.
#147204000
0.
#147222000
b1010 X
b1010 ,
b11010001010 e
1.
#147240000
0.
#147258000
b1011 ,
b1011 X
b11010001011 e
1.
#147276000
0.
#147294000
b1100 X
b1100 ,
b11010001100 e
1.
#147312000
0.
#147330000
b1101 ,
b1101 X
b11010001101 e
1.
#147348000
0.
#147366000
19
b1110 X
b1110 ,
b11010001110 e
1.
#147384000
0.
#147402000
09
1-
b0 ,
b0 X
b1000 J
b11010001111 e
1.
#147420000
0.
#147438000
b1 X
0-
b1 ,
0"
03
b101 b
b11010010000 e
1.
#147456000
0.
#147474000
b10 ,
b10 X
0G
b11010010001 e
1.
#147492000
0.
#147510000
0H
b11 X
b11 ,
b11010010010 e
1.
#147528000
0.
#147546000
b100 ,
b100 X
0I
b11010010011 e
1.
#147564000
0.
#147582000
b101 X
b101 ,
b11010010100 e
1.
#147600000
0.
#147618000
b110 ,
b110 X
b11010010101 e
1.
#147636000
0.
#147654000
b111 X
b111 ,
b11010010110 e
1.
#147672000
0.
#147690000
b1000 ,
b1000 X
b11010010111 e
1.
#147708000
0.
#147726000
b1001 X
b1001 ,
b11010011000 e
1.
#147744000
0.
#147762000
b1010 ,
b1010 X
b11010011001 e
1.
#147780000
0.
#147798000
b1011 X
b1011 ,
b11010011010 e
1.
#147816000
0.
#147834000
b1100 ,
b1100 X
b11010011011 e
1.
#147852000
0.
#147870000
b1101 X
b1101 ,
b11010011100 e
1.
#147888000
0.
#147906000
19
b1110 ,
b1110 X
b11010011101 e
1.
#147924000
0.
#147942000
09
b1001 J
b0 X
1-
b0 ,
b11010011110 e
1.
#147960000
0.
#147978000
0-
b1 ,
b1 X
b11010011111 e
1.
#147996000
0.
#148014000
b10 X
b10 ,
b11010100000 e
1.
#148032000
0.
#148050000
b11 ,
b11 X
b11010100001 e
1.
#148068000
0.
#148086000
b100 X
b100 ,
b11010100010 e
1.
#148104000
0.
#148122000
b101 ,
b101 X
b11010100011 e
1.
#148140000
0.
#148158000
b110 X
b110 ,
b11010100100 e
1.
#148176000
0.
#148194000
b111 ,
b111 X
b11010100101 e
1.
#148212000
0.
#148230000
b1000 X
b1000 ,
b11010100110 e
1.
#148248000
0.
#148266000
b1001 ,
b1001 X
b11010100111 e
1.
#148284000
0.
#148302000
b1010 X
b1010 ,
b11010101000 e
1.
#148320000
0.
#148338000
b1011 ,
b1011 X
b11010101001 e
1.
#148356000
0.
#148374000
b1100 X
b1100 ,
b11010101010 e
1.
#148392000
0.
#148410000
b1101 ,
b1101 X
b11010101011 e
1.
#148428000
0.
#148446000
19
b1110 X
b1110 ,
b11010101100 e
1.
#148464000
0.
#148482000
09
1-
b0 ,
b0 X
b1010 J
b11010101101 e
1.
#148500000
0.
#148518000
b1 X
0-
b1 ,
b11010101110 e
1.
#148536000
0.
#148554000
b10 ,
b10 X
b11010101111 e
1.
#148572000
0.
#148590000
b11 X
b11 ,
b11010110000 e
1.
#148608000
0.
#148626000
b100 ,
b100 X
b11010110001 e
1.
#148644000
0.
#148662000
b101 X
b101 ,
b11010110010 e
1.
#148680000
0.
#148698000
b110 ,
b110 X
b11010110011 e
1.
#148716000
0.
#148734000
b111 X
b111 ,
b11010110100 e
1.
#148752000
0.
#148770000
b1000 ,
b1000 X
b11010110101 e
1.
#148788000
0.
#148806000
b1001 X
b1001 ,
b11010110110 e
1.
#148824000
0.
#148842000
b1010 ,
b1010 X
b11010110111 e
1.
#148860000
0.
#148878000
b1011 X
b1011 ,
b11010111000 e
1.
#148896000
0.
#148914000
b1100 ,
b1100 X
b11010111001 e
1.
#148932000
0.
#148950000
b1101 X
b1101 ,
b11010111010 e
1.
#148968000
0.
#148986000
19
b1110 ,
b1110 X
b11010111011 e
1.
#149004000
0.
#149022000
09
b1011 J
b0 X
1-
b0 ,
b11010111100 e
1.
#149040000
0.
#149058000
0-
b1 ,
b1 X
b11010111101 e
1.
#149076000
0.
#149094000
b10 X
b10 ,
b11010111110 e
1.
#149112000
0.
#149130000
b11 ,
b11 X
b11010111111 e
1.
#149148000
0.
#149166000
b100 X
b100 ,
b11011000000 e
1.
#149184000
0.
#149202000
b101 ,
b101 X
b11011000001 e
1.
#149220000
0.
#149238000
b110 X
b110 ,
b11011000010 e
1.
#149256000
0.
#149274000
b111 ,
b111 X
b11011000011 e
1.
#149292000
0.
#149310000
b1000 X
b1000 ,
b11011000100 e
1.
#149328000
0.
#149346000
b1001 ,
b1001 X
b11011000101 e
1.
#149364000
0.
#149382000
b1010 X
b1010 ,
b11011000110 e
1.
#149400000
0.
#149418000
b1011 ,
b1011 X
b11011000111 e
1.
#149436000
0.
#149454000
b1100 X
b1100 ,
b11011001000 e
1.
#149472000
0.
#149490000
b1101 ,
b1101 X
b11011001001 e
1.
#149508000
0.
#149526000
19
b1110 X
b1110 ,
b11011001010 e
1.
#149544000
0.
#149562000
09
1-
b0 ,
b0 X
b1100 J
b11011001011 e
1.
#149580000
0.
#149598000
b1 X
0-
b1 ,
b11011001100 e
1.
#149616000
0.
#149634000
b10 ,
b10 X
b11011001101 e
1.
#149652000
0.
#149670000
b11 X
b11 ,
b11011001110 e
1.
#149688000
0.
#149706000
b100 ,
b100 X
b11011001111 e
1.
#149724000
0.
#149742000
b101 X
b101 ,
b11011010000 e
1.
#149760000
0.
#149778000
b110 ,
b110 X
b11011010001 e
1.
#149796000
0.
#149814000
b111 X
b111 ,
b11011010010 e
1.
#149832000
0.
#149850000
b1000 ,
b1000 X
b11011010011 e
1.
#149868000
0.
#149886000
b1001 X
b1001 ,
b11011010100 e
1.
#149904000
0.
#149922000
b1010 ,
b1010 X
b11011010101 e
1.
#149940000
0.
#149958000
b1011 X
b1011 ,
b11011010110 e
1.
#149976000
0.
#149994000
b1100 ,
b1100 X
b11011010111 e
1.
#150012000
0.
#150030000
b1101 X
b1101 ,
b11011011000 e
1.
#150048000
0.
#150066000
19
b1110 ,
b1110 X
b11011011001 e
1.
#150084000
0.
#150102000
09
b1101 J
b0 X
1-
b0 ,
b11011011010 e
1.
#150120000
0.
#150138000
0-
b1 ,
b1 X
b11011011011 e
1.
#150156000
0.
#150174000
b10 X
b10 ,
b11011011100 e
1.
#150192000
0.
#150210000
b11 ,
b11 X
b11011011101 e
1.
#150228000
0.
#150246000
b100 X
b100 ,
b11011011110 e
1.
#150264000
0.
#150282000
b101 ,
b101 X
b11011011111 e
1.
#150300000
0.
#150318000
b110 X
b110 ,
b11011100000 e
1.
#150336000
0.
#150354000
b111 ,
b111 X
b11011100001 e
1.
#150372000
0.
#150390000
b1000 X
b1000 ,
b11011100010 e
1.
#150408000
0.
#150426000
b1001 ,
b1001 X
b11011100011 e
1.
#150444000
0.
#150462000
b1010 X
b1010 ,
b11011100100 e
1.
#150480000
0.
#150498000
b1011 ,
b1011 X
b11011100101 e
1.
#150516000
0.
#150534000
b1100 X
b1100 ,
b11011100110 e
1.
#150552000
0.
#150570000
b1101 ,
b1101 X
b11011100111 e
1.
#150588000
0.
#150606000
19
b1110 X
b1110 ,
b11011101000 e
1.
#150624000
0.
#150642000
09
1-
b0 ,
b0 X
b1110 J
b11011101001 e
1.
#150660000
0.
#150678000
b1 X
0-
b1 ,
b11011101010 e
1.
#150696000
0.
#150714000
b10 ,
b10 X
b11011101011 e
1.
#150732000
0.
#150750000
b11 X
b11 ,
b11011101100 e
1.
#150768000
0.
#150786000
b100 ,
b100 X
b11011101101 e
1.
#150804000
0.
#150822000
b101 X
b101 ,
b11011101110 e
1.
#150840000
0.
#150858000
b110 ,
b110 X
b11011101111 e
1.
#150876000
0.
#150894000
b111 X
b111 ,
b11011110000 e
1.
#150912000
0.
#150930000
b1000 ,
b1000 X
b11011110001 e
1.
#150948000
0.
#150966000
b1001 X
b1001 ,
b11011110010 e
1.
#150984000
0.
#151002000
b1010 ,
b1010 X
b11011110011 e
1.
#151020000
0.
#151038000
b1011 X
b1011 ,
b11011110100 e
1.
#151056000
0.
#151074000
b1100 ,
b1100 X
b11011110101 e
1.
#151092000
0.
#151110000
b1101 X
b1101 ,
b11011110110 e
1.
#151128000
0.
#151146000
19
b1110 ,
b1110 X
b11011110111 e
1.
#151164000
0.
#151182000
09
b1111 J
b0 X
1-
b0 ,
b11011111000 e
1.
#151200000
0.
#151218000
0-
b1 ,
b1 X
b11011111001 e
1.
#151236000
0.
#151254000
b10 X
b10 ,
b11011111010 e
1.
#151272000
0.
#151290000
b11 ,
b11 X
b11011111011 e
1.
#151308000
0.
#151326000
b100 X
b100 ,
b11011111100 e
1.
#151344000
0.
#151362000
b101 ,
b101 X
b11011111101 e
1.
#151380000
0.
#151398000
b110 X
b110 ,
b11011111110 e
1.
#151416000
0.
#151434000
b111 ,
b111 X
b11011111111 e
1.
#151452000
0.
#151470000
b1000 X
b1000 ,
b11100000000 e
1.
#151488000
0.
#151506000
b1001 ,
b1001 X
b11100000001 e
1.
#151524000
0.
#151542000
b1010 X
b1010 ,
b11100000010 e
1.
#151560000
0.
#151578000
b1011 ,
b1011 X
b11100000011 e
1.
#151596000
0.
#151614000
b1100 X
b1100 ,
b11100000100 e
1.
#151632000
0.
#151650000
b1101 ,
b1101 X
b11100000101 e
1.
#151668000
0.
#151686000
19
b1110 X
b1110 ,
b11100000110 e
1.
#151704000
0.
#151722000
09
1-
b0 ,
b0 X
b110 D
b0 J
b11100000111 e
1.
#151740000
0.
#151758000
b1 X
0-
b1 ,
b11100001000 e
1.
#151776000
0.
#151794000
b10 ,
b10 X
b11100001001 e
1.
#151812000
0.
#151830000
b11 X
b11 ,
b11100001010 e
1.
#151848000
0.
#151866000
b100 ,
b100 X
b11100001011 e
1.
#151884000
0.
#151902000
b101 X
b101 ,
b11100001100 e
1.
#151920000
0.
#151938000
b110 ,
b110 X
b11100001101 e
1.
#151956000
0.
#151974000
b111 X
b111 ,
b11100001110 e
1.
#151992000
0.
#152010000
b1000 ,
b1000 X
b11100001111 e
1.
#152028000
0.
#152046000
b1001 X
b1001 ,
b11100010000 e
1.
#152064000
0.
#152082000
b1010 ,
b1010 X
b11100010001 e
1.
#152100000
0.
#152118000
b1011 X
b1011 ,
b11100010010 e
1.
#152136000
0.
#152154000
b1100 ,
b1100 X
b11100010011 e
1.
#152172000
0.
#152190000
b1101 X
b1101 ,
b11100010100 e
1.
#152208000
0.
#152226000
19
b1110 ,
b1110 X
b11100010101 e
1.
#152244000
0.
#152262000
09
b1 J
b0 X
1-
b0 ,
b11100010110 e
1.
#152280000
0.
#152298000
0-
b1 ,
b1 X
b11100010111 e
1.
#152316000
0.
#152334000
b10 X
b10 ,
b11100011000 e
1.
#152352000
0.
#152370000
b11 ,
b11 X
b11100011001 e
1.
#152388000
0.
#152406000
b100 X
b100 ,
b11100011010 e
1.
#152424000
0.
#152442000
b101 ,
b101 X
b11100011011 e
1.
#152460000
0.
#152478000
b110 X
b110 ,
b11100011100 e
1.
#152496000
0.
#152514000
b111 ,
b111 X
b11100011101 e
1.
#152532000
0.
#152550000
b1000 X
b1000 ,
b11100011110 e
1.
#152568000
0.
#152586000
b1001 ,
b1001 X
b11100011111 e
1.
#152604000
0.
#152622000
b1010 X
b1010 ,
b11100100000 e
1.
#152640000
0.
#152658000
b1011 ,
b1011 X
b11100100001 e
1.
#152676000
0.
#152694000
b1100 X
b1100 ,
b11100100010 e
1.
#152712000
0.
#152730000
b1101 ,
b1101 X
b11100100011 e
1.
#152748000
0.
#152766000
19
b1110 X
b1110 ,
b11100100100 e
1.
#152784000
0.
#152802000
09
1-
b0 ,
b0 X
b10 J
b11100100101 e
1.
#152820000
0.
#152838000
b1 X
0-
b1 ,
b11100100110 e
1.
#152856000
0.
#152874000
b10 ,
b10 X
b11100100111 e
1.
#152892000
0.
#152910000
b11 X
b11 ,
b11100101000 e
1.
#152928000
0.
#152946000
b100 ,
b100 X
b11100101001 e
1.
#152964000
0.
#152982000
b101 X
b101 ,
b11100101010 e
1.
#153000000
0.
#153018000
b110 ,
b110 X
b11100101011 e
1.
#153036000
0.
#153054000
b111 X
b111 ,
b11100101100 e
1.
#153072000
0.
#153090000
b1000 ,
b1000 X
b11100101101 e
1.
#153108000
0.
#153126000
b1001 X
b1001 ,
b11100101110 e
1.
#153144000
0.
#153162000
b1010 ,
b1010 X
b11100101111 e
1.
#153180000
0.
#153198000
b1011 X
b1011 ,
b11100110000 e
1.
#153216000
0.
#153234000
b1100 ,
b1100 X
b11100110001 e
1.
#153252000
0.
#153270000
b1101 X
b1101 ,
b11100110010 e
1.
#153288000
0.
#153306000
19
b1110 ,
b1110 X
b11100110011 e
1.
#153324000
0.
#153342000
09
b11 J
b0 X
1-
b0 ,
b11100110100 e
1.
#153360000
0.
#153378000
0-
b1 ,
b1 X
b11100110101 e
1.
#153396000
0.
#153414000
b10 X
b10 ,
b11100110110 e
1.
#153432000
0.
#153450000
b11 ,
b11 X
b11100110111 e
1.
#153468000
0.
#153486000
b100 X
b100 ,
b11100111000 e
1.
#153504000
0.
#153522000
b101 ,
b101 X
b11100111001 e
1.
#153540000
0.
#153558000
b110 X
b110 ,
b11100111010 e
1.
#153576000
0.
#153594000
b111 ,
b111 X
b11100111011 e
1.
#153612000
0.
#153630000
b1000 X
b1000 ,
b11100111100 e
1.
#153648000
0.
#153666000
b1001 ,
b1001 X
b11100111101 e
1.
#153684000
0.
#153702000
b1010 X
b1010 ,
b11100111110 e
1.
#153720000
0.
#153738000
b1011 ,
b1011 X
b11100111111 e
1.
#153756000
0.
#153774000
b1100 X
b1100 ,
b11101000000 e
1.
#153792000
0.
#153810000
b1101 ,
b1101 X
b11101000001 e
1.
#153828000
0.
#153846000
19
b1110 X
b1110 ,
b11101000010 e
1.
#153864000
0.
#153882000
09
1-
b0 ,
b0 X
b100 J
b11101000011 e
1.
#153900000
0.
#153918000
b1 X
0-
b1 ,
b11101000100 e
1.
#153936000
0.
#153954000
b10 ,
b10 X
b11101000101 e
1.
#153972000
0.
#153990000
b11 X
b11 ,
b11101000110 e
1.
#154008000
0.
#154026000
b100 ,
b100 X
b11101000111 e
1.
#154044000
0.
#154062000
b101 X
b101 ,
b11101001000 e
1.
#154080000
0.
#154098000
b110 ,
b110 X
b11101001001 e
1.
#154116000
0.
#154134000
b111 X
b111 ,
b11101001010 e
1.
#154152000
0.
#154170000
b1000 ,
b1000 X
b11101001011 e
1.
#154188000
0.
#154206000
b1001 X
b1001 ,
b11101001100 e
1.
#154224000
0.
#154242000
b1010 ,
b1010 X
b11101001101 e
1.
#154260000
0.
#154278000
b1011 X
b1011 ,
b11101001110 e
1.
#154296000
0.
#154314000
b1100 ,
b1100 X
b11101001111 e
1.
#154332000
0.
#154350000
b1101 X
b1101 ,
b11101010000 e
1.
#154368000
0.
#154386000
19
b1110 ,
b1110 X
b11101010001 e
1.
#154404000
0.
#154422000
09
b101 J
b0 X
1-
b0 ,
b11101010010 e
1.
#154440000
0.
#154458000
0-
b1 ,
b1 X
b11101010011 e
1.
#154476000
0.
#154494000
b10 X
b10 ,
b11101010100 e
1.
#154512000
0.
#154530000
b11 ,
b11 X
b11101010101 e
1.
#154548000
0.
#154566000
b100 X
b100 ,
b11101010110 e
1.
#154584000
0.
#154602000
b101 ,
b101 X
b11101010111 e
1.
#154620000
0.
#154638000
b110 X
b110 ,
b11101011000 e
1.
#154656000
0.
#154674000
b111 ,
b111 X
b11101011001 e
1.
#154692000
0.
#154710000
b1000 X
b1000 ,
b11101011010 e
1.
#154728000
0.
#154746000
b1001 ,
b1001 X
b11101011011 e
1.
#154764000
0.
#154782000
b1010 X
b1010 ,
b11101011100 e
1.
#154800000
0.
#154818000
b1011 ,
b1011 X
b11101011101 e
1.
#154836000
0.
#154854000
b1100 X
b1100 ,
b11101011110 e
1.
#154872000
0.
#154890000
b1101 ,
b1101 X
b11101011111 e
1.
#154908000
0.
#154926000
19
b1110 X
b1110 ,
b11101100000 e
1.
#154944000
0.
#154962000
09
1-
b0 ,
b0 X
b110 J
b11101100001 e
1.
#154980000
0.
#154998000
b1 X
0-
b1 ,
b11101100010 e
1.
#155016000
0.
#155034000
b10 ,
b10 X
b11101100011 e
1.
#155052000
0.
#155070000
b11 X
b11 ,
b11101100100 e
1.
#155088000
0.
#155106000
b100 ,
b100 X
b11101100101 e
1.
#155124000
0.
#155142000
b101 X
b101 ,
b11101100110 e
1.
#155160000
0.
#155178000
b110 ,
b110 X
b11101100111 e
1.
#155196000
0.
#155214000
b111 X
b111 ,
b11101101000 e
1.
#155232000
0.
#155250000
b1000 ,
b1000 X
b11101101001 e
1.
#155268000
0.
#155286000
b1001 X
b1001 ,
b11101101010 e
1.
#155304000
0.
#155322000
b1010 ,
b1010 X
b11101101011 e
1.
#155340000
0.
#155358000
b1011 X
b1011 ,
b11101101100 e
1.
#155376000
0.
#155394000
b1100 ,
b1100 X
b11101101101 e
1.
#155412000
0.
#155430000
b1101 X
b1101 ,
b11101101110 e
1.
#155448000
0.
#155466000
19
b1110 ,
b1110 X
b11101101111 e
1.
#155484000
0.
#155502000
09
b111 J
b0 X
1-
b0 ,
b11101110000 e
1.
#155520000
0.
#155538000
0-
b1 ,
b1 X
b11101110001 e
1.
#155556000
0.
#155574000
b10 X
b10 ,
b11101110010 e
1.
#155592000
0.
#155610000
b11 ,
b11 X
b11101110011 e
1.
#155628000
0.
#155646000
b100 X
b100 ,
b11101110100 e
1.
#155664000
0.
#155682000
b101 ,
b101 X
b11101110101 e
1.
#155700000
0.
#155718000
b110 X
b110 ,
b11101110110 e
1.
#155736000
0.
#155754000
b111 ,
b111 X
b11101110111 e
1.
#155772000
0.
#155790000
b1000 X
b1000 ,
b11101111000 e
1.
#155808000
0.
#155826000
b1001 ,
b1001 X
b11101111001 e
1.
#155844000
0.
#155862000
b1010 X
b1010 ,
b11101111010 e
1.
#155880000
0.
#155898000
b1011 ,
b1011 X
b11101111011 e
1.
#155916000
0.
#155934000
b1100 X
b1100 ,
b11101111100 e
1.
#155952000
0.
#155970000
b1101 ,
b1101 X
b11101111101 e
1.
#155988000
0.
#156006000
19
b1110 X
b1110 ,
b11101111110 e
1.
#156024000
0.
#156042000
09
1-
b0 ,
b0 X
b1000 J
b11101111111 e
1.
#156060000
0.
#156078000
b1 X
0-
b1 ,
1"
13
b110 b
b11110000000 e
1.
#156096000
0.
#156114000
b10 ,
b10 X
1G
b11110000001 e
1.
#156132000
0.
#156150000
1H
b11 X
b11 ,
b11110000010 e
1.
#156168000
0.
#156186000
b100 ,
b100 X
1I
b11110000011 e
1.
#156204000
0.
#156222000
b101 X
b101 ,
b11110000100 e
1.
#156240000
0.
#156258000
b110 ,
b110 X
b11110000101 e
1.
#156276000
0.
#156294000
b111 X
b111 ,
b11110000110 e
1.
#156312000
0.
#156330000
b1000 ,
b1000 X
b11110000111 e
1.
#156348000
0.
#156366000
b1001 X
b1001 ,
b11110001000 e
1.
#156384000
0.
#156402000
b1010 ,
b1010 X
b11110001001 e
1.
#156420000
0.
#156438000
b1011 X
b1011 ,
b11110001010 e
1.
#156456000
0.
#156474000
b1100 ,
b1100 X
b11110001011 e
1.
#156492000
0.
#156510000
b1101 X
b1101 ,
b11110001100 e
1.
#156528000
0.
#156546000
19
b1110 ,
b1110 X
b11110001101 e
1.
#156564000
0.
#156582000
09
b1001 J
b0 X
1-
b0 ,
b11110001110 e
1.
#156600000
0.
#156618000
0-
b1 ,
b1 X
b11110001111 e
1.
#156636000
0.
#156654000
b10 X
b10 ,
b11110010000 e
1.
#156672000
0.
#156690000
b11 ,
b11 X
b11110010001 e
1.
#156708000
0.
#156726000
b100 X
b100 ,
b11110010010 e
1.
#156744000
0.
#156762000
b101 ,
b101 X
b11110010011 e
1.
#156780000
0.
#156798000
b110 X
b110 ,
b11110010100 e
1.
#156816000
0.
#156834000
b111 ,
b111 X
b11110010101 e
1.
#156852000
0.
#156870000
b1000 X
b1000 ,
b11110010110 e
1.
#156888000
0.
#156906000
b1001 ,
b1001 X
b11110010111 e
1.
#156924000
0.
#156942000
b1010 X
b1010 ,
b11110011000 e
1.
#156960000
0.
#156978000
b1011 ,
b1011 X
b11110011001 e
1.
#156996000
0.
#157014000
b1100 X
b1100 ,
b11110011010 e
1.
#157032000
0.
#157050000
b1101 ,
b1101 X
b11110011011 e
1.
#157068000
0.
#157086000
19
b1110 X
b1110 ,
b11110011100 e
1.
#157104000
0.
#157122000
09
1-
b0 ,
b0 X
b1010 J
b11110011101 e
1.
#157140000
0.
#157158000
b1 X
0-
b1 ,
b11110011110 e
1.
#157176000
0.
#157194000
b10 ,
b10 X
b11110011111 e
1.
#157212000
0.
#157230000
b11 X
b11 ,
b11110100000 e
1.
#157248000
0.
#157266000
b100 ,
b100 X
b11110100001 e
1.
#157284000
0.
#157302000
b101 X
b101 ,
b11110100010 e
1.
#157320000
0.
#157338000
b110 ,
b110 X
b11110100011 e
1.
#157356000
0.
#157374000
b111 X
b111 ,
b11110100100 e
1.
#157392000
0.
#157410000
b1000 ,
b1000 X
b11110100101 e
1.
#157428000
0.
#157446000
b1001 X
b1001 ,
b11110100110 e
1.
#157464000
0.
#157482000
b1010 ,
b1010 X
b11110100111 e
1.
#157500000
0.
#157518000
b1011 X
b1011 ,
b11110101000 e
1.
#157536000
0.
#157554000
b1100 ,
b1100 X
b11110101001 e
1.
#157572000
0.
#157590000
b1101 X
b1101 ,
b11110101010 e
1.
#157608000
0.
#157626000
19
b1110 ,
b1110 X
b11110101011 e
1.
#157644000
0.
#157662000
09
b1011 J
b0 X
1-
b0 ,
b11110101100 e
1.
#157680000
0.
#157698000
0-
b1 ,
b1 X
b11110101101 e
1.
#157716000
0.
#157734000
b10 X
b10 ,
b11110101110 e
1.
#157752000
0.
#157770000
b11 ,
b11 X
b11110101111 e
1.
#157788000
0.
#157806000
b100 X
b100 ,
b11110110000 e
1.
#157824000
0.
#157842000
b101 ,
b101 X
b11110110001 e
1.
#157860000
0.
#157878000
b110 X
b110 ,
b11110110010 e
1.
#157896000
0.
#157914000
b111 ,
b111 X
b11110110011 e
1.
#157932000
0.
#157950000
b1000 X
b1000 ,
b11110110100 e
1.
#157968000
0.
#157986000
b1001 ,
b1001 X
b11110110101 e
1.
#158004000
0.
#158022000
b1010 X
b1010 ,
b11110110110 e
1.
#158040000
0.
#158058000
b1011 ,
b1011 X
b11110110111 e
1.
#158076000
0.
#158094000
b1100 X
b1100 ,
b11110111000 e
1.
#158112000
0.
#158130000
b1101 ,
b1101 X
b11110111001 e
1.
#158148000
0.
#158166000
19
b1110 X
b1110 ,
b11110111010 e
1.
#158184000
0.
#158202000
09
1-
b0 ,
b0 X
b1100 J
b11110111011 e
1.
#158220000
0.
#158238000
b1 X
0-
b1 ,
b11110111100 e
1.
#158256000
0.
#158274000
b10 ,
b10 X
b11110111101 e
1.
#158292000
0.
#158310000
b11 X
b11 ,
b11110111110 e
1.
#158328000
0.
#158346000
b100 ,
b100 X
b11110111111 e
1.
#158364000
0.
#158382000
b101 X
b101 ,
b11111000000 e
1.
#158400000
0.
#158418000
b110 ,
b110 X
b11111000001 e
1.
#158436000
0.
#158454000
b111 X
b111 ,
b11111000010 e
1.
#158472000
0.
#158490000
b1000 ,
b1000 X
b11111000011 e
1.
#158508000
0.
#158526000
b1001 X
b1001 ,
b11111000100 e
1.
#158544000
0.
#158562000
b1010 ,
b1010 X
b11111000101 e
1.
#158580000
0.
#158598000
b1011 X
b1011 ,
b11111000110 e
1.
#158616000
0.
#158634000
b1100 ,
b1100 X
b11111000111 e
1.
#158652000
0.
#158670000
b1101 X
b1101 ,
b11111001000 e
1.
#158688000
0.
#158706000
19
b1110 ,
b1110 X
b11111001001 e
1.
#158724000
0.
#158742000
09
b1101 J
b0 X
1-
b0 ,
b11111001010 e
1.
#158760000
0.
#158778000
0-
b1 ,
b1 X
b11111001011 e
1.
#158796000
0.
#158814000
b10 X
b10 ,
b11111001100 e
1.
#158832000
0.
#158850000
b11 ,
b11 X
b11111001101 e
1.
#158868000
0.
#158886000
b100 X
b100 ,
b11111001110 e
1.
#158904000
0.
#158922000
b101 ,
b101 X
b11111001111 e
1.
#158940000
0.
#158958000
b110 X
b110 ,
b11111010000 e
1.
#158976000
0.
#158994000
b111 ,
b111 X
b11111010001 e
1.
#159012000
0.
#159030000
b1000 X
b1000 ,
b11111010010 e
1.
#159048000
0.
#159066000
b1001 ,
b1001 X
b11111010011 e
1.
#159084000
0.
#159102000
b1010 X
b1010 ,
b11111010100 e
1.
#159120000
0.
#159138000
b1011 ,
b1011 X
b11111010101 e
1.
#159156000
0.
#159174000
b1100 X
b1100 ,
b11111010110 e
1.
#159192000
0.
#159210000
b1101 ,
b1101 X
b11111010111 e
1.
#159228000
0.
#159246000
19
b1110 X
b1110 ,
b11111011000 e
1.
#159264000
0.
#159282000
09
1-
b0 ,
b0 X
b1110 J
b11111011001 e
1.
#159300000
0.
#159318000
b1 X
0-
b1 ,
b11111011010 e
1.
#159336000
0.
#159354000
b10 ,
b10 X
b11111011011 e
1.
#159372000
0.
#159390000
b11 X
b11 ,
b11111011100 e
1.
#159408000
0.
#159426000
b100 ,
b100 X
b11111011101 e
1.
#159444000
0.
#159462000
b101 X
b101 ,
b11111011110 e
1.
#159480000
0.
#159498000
b110 ,
b110 X
b11111011111 e
1.
#159516000
0.
#159534000
b111 X
b111 ,
b11111100000 e
1.
#159552000
0.
#159570000
b1000 ,
b1000 X
b11111100001 e
1.
#159588000
0.
#159606000
b1001 X
b1001 ,
b11111100010 e
1.
#159624000
0.
#159642000
b1010 ,
b1010 X
b11111100011 e
1.
#159660000
0.
#159678000
b1011 X
b1011 ,
b11111100100 e
1.
#159696000
0.
#159714000
b1100 ,
b1100 X
b11111100101 e
1.
#159732000
0.
#159750000
b1101 X
b1101 ,
b11111100110 e
1.
#159768000
0.
#159786000
19
b1110 ,
b1110 X
b11111100111 e
1.
#159804000
0.
#159822000
09
b1111 J
b0 X
1-
b0 ,
b11111101000 e
1.
#159840000
0.
#159858000
0-
b1 ,
b1 X
b11111101001 e
1.
#159876000
0.
#159894000
b10 X
b10 ,
b11111101010 e
1.
#159912000
0.
#159930000
b11 ,
b11 X
b11111101011 e
1.
#159948000
0.
#159966000
b100 X
b100 ,
b11111101100 e
1.
#159984000
0.
#160002000
b101 ,
b101 X
b11111101101 e
1.
#160020000
0.
#160038000
b110 X
b110 ,
b11111101110 e
1.
#160056000
0.
#160074000
b111 ,
b111 X
b11111101111 e
1.
#160092000
0.
#160110000
b1000 X
b1000 ,
b11111110000 e
1.
#160128000
0.
#160146000
b1001 ,
b1001 X
b11111110001 e
1.
#160164000
0.
#160182000
b1010 X
b1010 ,
b11111110010 e
1.
#160200000
0.
#160218000
b1011 ,
b1011 X
b11111110011 e
1.
#160236000
0.
#160254000
b1100 X
b1100 ,
b11111110100 e
1.
#160272000
0.
#160290000
b1101 ,
b1101 X
b11111110101 e
1.
#160308000
0.
#160326000
19
b1110 X
b1110 ,
b11111110110 e
1.
#160344000
0.
#160362000
09
1-
b0 ,
b0 X
b1011010 %
b1011010 8
b1011010 E
b111 D
b0 J
b11111110111 e
1.
#160380000
0.
#160398000
b1 X
0-
b1 ,
b11111111000 e
1.
#160416000
0.
#160434000
b10 ,
b10 X
b11111111001 e
1.
#160452000
0.
#160470000
b11 X
b11 ,
b11111111010 e
1.
#160488000
0.
#160506000
b100 ,
b100 X
b11111111011 e
1.
#160524000
0.
#160542000
b101 X
b101 ,
b11111111100 e
1.
#160560000
0.
#160578000
b110 ,
b110 X
b11111111101 e
1.
#160596000
0.
#160614000
b111 X
b111 ,
b11111111110 e
1.
#160632000
0.
#160650000
b1000 ,
b1000 X
b11111111111 e
1.
#160668000
0.
#160686000
b1001 X
b1001 ,
b100000000000 e
1.
#160704000
0.
#160722000
b1010 ,
b1010 X
b100000000001 e
1.
#160740000
0.
#160758000
b1011 X
b1011 ,
b100000000010 e
1.
#160776000
0.
#160794000
b1100 ,
b1100 X
b100000000011 e
1.
#160812000
0.
#160830000
b1101 X
b1101 ,
b100000000100 e
1.
#160848000
0.
#160866000
19
b1110 ,
b1110 X
b100000000101 e
1.
#160884000
0.
#160902000
09
b1 J
b0 X
1-
b0 ,
b100000000110 e
1.
#160920000
0.
#160938000
0-
b1 ,
b1 X
b100000000111 e
1.
#160956000
0.
#160974000
b10 X
b10 ,
b100000001000 e
1.
#160992000
0.
#161010000
b11 ,
b11 X
b100000001001 e
1.
#161028000
0.
#161046000
b100 X
b100 ,
b100000001010 e
1.
#161064000
0.
#161082000
b101 ,
b101 X
b100000001011 e
1.
#161100000
0.
#161118000
b110 X
b110 ,
b100000001100 e
1.
#161136000
0.
#161154000
b111 ,
b111 X
b100000001101 e
1.
#161172000
0.
#161190000
b1000 X
b1000 ,
b100000001110 e
1.
#161208000
0.
#161226000
b1001 ,
b1001 X
b100000001111 e
1.
#161244000
0.
#161262000
b1010 X
b1010 ,
b100000010000 e
1.
#161280000
0.
#161298000
b1011 ,
b1011 X
b100000010001 e
1.
#161316000
0.
#161334000
b1100 X
b1100 ,
b100000010010 e
1.
#161352000
0.
#161370000
b1101 ,
b1101 X
b100000010011 e
1.
#161388000
0.
#161406000
19
b1110 X
b1110 ,
b100000010100 e
1.
#161424000
0.
#161442000
09
1-
b0 ,
b0 X
b10 J
b100000010101 e
1.
#161460000
0.
#161478000
b1 X
0-
b1 ,
b100000010110 e
1.
#161496000
0.
#161514000
b10 ,
b10 X
b100000010111 e
1.
#161532000
0.
#161550000
b11 X
b11 ,
b100000011000 e
1.
#161568000
0.
#161586000
b100 ,
b100 X
b100000011001 e
1.
#161604000
0.
#161622000
b101 X
b101 ,
b100000011010 e
1.
#161640000
0.
#161658000
b110 ,
b110 X
b100000011011 e
1.
#161676000
0.
#161694000
b111 X
b111 ,
b100000011100 e
1.
#161712000
0.
#161730000
b1000 ,
b1000 X
b100000011101 e
1.
#161748000
0.
#161766000
b1001 X
b1001 ,
b100000011110 e
1.
#161784000
0.
#161802000
b1010 ,
b1010 X
b100000011111 e
1.
#161820000
0.
#161838000
b1011 X
b1011 ,
b100000100000 e
1.
#161856000
0.
#161874000
b1100 ,
b1100 X
b100000100001 e
1.
#161892000
0.
#161910000
b1101 X
b1101 ,
b100000100010 e
1.
#161928000
0.
#161946000
19
b1110 ,
b1110 X
b100000100011 e
1.
#161964000
0.
#161982000
09
b11 J
b0 X
1-
b0 ,
b100000100100 e
1.
#162000000
0.
#162018000
0-
b1 ,
b1 X
b100000100101 e
1.
#162036000
0.
#162054000
b10 X
b10 ,
b100000100110 e
1.
#162072000
0.
#162090000
b11 ,
b11 X
b100000100111 e
1.
#162108000
0.
#162126000
b100 X
b100 ,
b100000101000 e
1.
#162144000
0.
#162162000
b101 ,
b101 X
b100000101001 e
1.
#162180000
0.
#162198000
b110 X
b110 ,
b100000101010 e
1.
#162216000
0.
#162234000
b111 ,
b111 X
b100000101011 e
1.
#162252000
0.
#162270000
b1000 X
b1000 ,
b100000101100 e
1.
#162288000
0.
#162306000
b1001 ,
b1001 X
b100000101101 e
1.
#162324000
0.
#162342000
b1010 X
b1010 ,
b100000101110 e
1.
#162360000
0.
#162378000
b1011 ,
b1011 X
b100000101111 e
1.
#162396000
0.
#162414000
b1100 X
b1100 ,
b100000110000 e
1.
#162432000
0.
#162450000
b1101 ,
b1101 X
b100000110001 e
1.
#162468000
0.
#162486000
19
b1110 X
b1110 ,
b100000110010 e
1.
#162504000
0.
#162522000
09
1-
b0 ,
b0 X
b100 J
b100000110011 e
1.
#162540000
0.
#162558000
b1 X
0-
b1 ,
b100000110100 e
1.
#162576000
0.
#162594000
b10 ,
b10 X
b100000110101 e
1.
#162612000
0.
#162630000
b11 X
b11 ,
b100000110110 e
1.
#162648000
0.
#162666000
b100 ,
b100 X
b100000110111 e
1.
#162684000
0.
#162702000
b101 X
b101 ,
b100000111000 e
1.
#162720000
0.
#162738000
b110 ,
b110 X
b100000111001 e
1.
#162756000
0.
#162774000
b111 X
b111 ,
b100000111010 e
1.
#162792000
0.
#162810000
b1000 ,
b1000 X
b100000111011 e
1.
#162828000
0.
#162846000
b1001 X
b1001 ,
b100000111100 e
1.
#162864000
0.
#162882000
b1010 ,
b1010 X
b100000111101 e
1.
#162900000
0.
#162918000
b1011 X
b1011 ,
b100000111110 e
1.
#162936000
0.
#162954000
b1100 ,
b1100 X
b100000111111 e
1.
#162972000
0.
#162990000
b1101 X
b1101 ,
b100001000000 e
1.
#163008000
0.
#163026000
19
b1110 ,
b1110 X
b100001000001 e
1.
#163044000
0.
#163062000
09
b101 J
b0 X
1-
b0 ,
b100001000010 e
1.
#163080000
0.
#163098000
0-
b1 ,
b1 X
b100001000011 e
1.
#163116000
0.
#163134000
b10 X
b10 ,
b100001000100 e
1.
#163152000
0.
#163170000
b11 ,
b11 X
b100001000101 e
1.
#163188000
0.
#163206000
b100 X
b100 ,
b100001000110 e
1.
#163224000
0.
#163242000
b101 ,
b101 X
b100001000111 e
1.
#163260000
0.
#163278000
b110 X
b110 ,
b100001001000 e
1.
#163296000
0.
#163314000
b111 ,
b111 X
b100001001001 e
1.
#163332000
0.
#163350000
b1000 X
b1000 ,
b100001001010 e
1.
#163368000
0.
#163386000
b1001 ,
b1001 X
b100001001011 e
1.
#163404000
0.
#163422000
b1010 X
b1010 ,
b100001001100 e
1.
#163440000
0.
#163458000
b1011 ,
b1011 X
b100001001101 e
1.
#163476000
0.
#163494000
b1100 X
b1100 ,
b100001001110 e
1.
#163512000
0.
#163530000
b1101 ,
b1101 X
b100001001111 e
1.
#163548000
0.
#163566000
19
b1110 X
b1110 ,
b100001010000 e
1.
#163584000
0.
#163602000
09
1-
b0 ,
b0 X
b110 J
b100001010001 e
1.
#163620000
0.
#163638000
b1 X
0-
b1 ,
b100001010010 e
1.
#163656000
0.
#163674000
b10 ,
b10 X
b100001010011 e
1.
#163692000
0.
#163710000
b11 X
b11 ,
b100001010100 e
1.
#163728000
0.
#163746000
b100 ,
b100 X
b100001010101 e
1.
#163764000
0.
#163782000
b101 X
b101 ,
b100001010110 e
1.
#163800000
0.
#163818000
b110 ,
b110 X
b100001010111 e
1.
#163836000
0.
#163854000
b111 X
b111 ,
b100001011000 e
1.
#163872000
0.
#163890000
b1000 ,
b1000 X
b100001011001 e
1.
#163908000
0.
#163926000
b1001 X
b1001 ,
b100001011010 e
1.
#163944000
0.
#163962000
b1010 ,
b1010 X
b100001011011 e
1.
#163980000
0.
#163998000
b1011 X
b1011 ,
b100001011100 e
1.
#164016000
0.
#164034000
b1100 ,
b1100 X
b100001011101 e
1.
#164052000
0.
#164070000
b1101 X
b1101 ,
b100001011110 e
1.
#164088000
0.
#164106000
19
b1110 ,
b1110 X
b100001011111 e
1.
#164124000
0.
#164142000
09
b111 J
b0 X
1-
b0 ,
b100001100000 e
1.
#164160000
0.
#164178000
0-
b1 ,
b1 X
b100001100001 e
1.
#164196000
0.
#164214000
b10 X
b10 ,
b100001100010 e
1.
#164232000
0.
#164250000
b11 ,
b11 X
b100001100011 e
1.
#164268000
0.
#164286000
b100 X
b100 ,
b100001100100 e
1.
#164304000
0.
#164322000
b101 ,
b101 X
b100001100101 e
1.
#164340000
0.
#164358000
b110 X
b110 ,
b100001100110 e
1.
#164376000
0.
#164394000
b111 ,
b111 X
b100001100111 e
1.
#164412000
0.
#164430000
b1000 X
b1000 ,
b100001101000 e
1.
#164448000
0.
#164466000
b1001 ,
b1001 X
b100001101001 e
1.
#164484000
0.
#164502000
b1010 X
b1010 ,
b100001101010 e
1.
#164520000
0.
#164538000
b1011 ,
b1011 X
b100001101011 e
1.
#164556000
0.
#164574000
b1100 X
b1100 ,
b100001101100 e
1.
#164592000
0.
#164610000
b1101 ,
b1101 X
b100001101101 e
1.
#164628000
0.
#164646000
19
b1110 X
b1110 ,
b100001101110 e
1.
#164664000
0.
#164682000
09
1-
b0 ,
b0 X
b1000 J
b100001101111 e
1.
#164700000
0.
#164718000
b1 X
0-
b1 ,
0"
03
b111 b
b100001110000 e
1.
#164736000
0.
#164754000
b10 ,
b10 X
0G
b100001110001 e
1.
#164772000
0.
#164790000
0H
b11 X
b11 ,
b100001110010 e
1.
#164808000
0.
#164826000
b100 ,
b100 X
0I
b100001110011 e
1.
#164844000
0.
#164862000
b101 X
b101 ,
b100001110100 e
1.
#164880000
0.
#164898000
b110 ,
b110 X
b100001110101 e
1.
#164916000
0.
#164934000
b111 X
b111 ,
b100001110110 e
1.
#164952000
0.
#164970000
b1000 ,
b1000 X
b100001110111 e
1.
#164988000
0.
#165006000
b1001 X
b1001 ,
b100001111000 e
1.
#165024000
0.
#165042000
b1010 ,
b1010 X
b100001111001 e
1.
#165060000
0.
#165078000
b1011 X
b1011 ,
b100001111010 e
1.
#165096000
0.
#165114000
b1100 ,
b1100 X
b100001111011 e
1.
#165132000
0.
#165150000
b1101 X
b1101 ,
b100001111100 e
1.
#165168000
0.
#165186000
19
b1110 ,
b1110 X
b100001111101 e
1.
#165204000
0.
#165222000
09
b1001 J
b0 X
1-
b0 ,
b100001111110 e
1.
#165240000
0.
#165258000
0-
b1 ,
b1 X
b100001111111 e
1.
#165276000
0.
#165294000
b10 X
b10 ,
b100010000000 e
1.
#165312000
0.
#165330000
b11 ,
b11 X
b100010000001 e
1.
#165348000
0.
#165366000
b100 X
b100 ,
b100010000010 e
1.
#165384000
0.
#165402000
b101 ,
b101 X
b100010000011 e
1.
#165420000
0.
#165438000
b110 X
b110 ,
b100010000100 e
1.
#165456000
0.
#165474000
b111 ,
b111 X
b100010000101 e
1.
#165492000
0.
#165510000
b1000 X
b1000 ,
b100010000110 e
1.
#165528000
0.
#165546000
b1001 ,
b1001 X
b100010000111 e
1.
#165564000
0.
#165582000
b1010 X
b1010 ,
b100010001000 e
1.
#165600000
0.
#165618000
b1011 ,
b1011 X
b100010001001 e
1.
#165636000
0.
#165654000
b1100 X
b1100 ,
b100010001010 e
1.
#165672000
0.
#165690000
b1101 ,
b1101 X
b100010001011 e
1.
#165708000
0.
#165726000
19
b1110 X
b1110 ,
b100010001100 e
1.
#165744000
0.
#165762000
09
1-
b0 ,
b0 X
b1010 J
b100010001101 e
1.
#165780000
0.
#165798000
b1 X
0-
b1 ,
b100010001110 e
1.
#165816000
0.
#165834000
b10 ,
b10 X
b100010001111 e
1.
#165852000
0.
#165870000
b11 X
b11 ,
b100010010000 e
1.
#165888000
0.
#165906000
b100 ,
b100 X
b100010010001 e
1.
#165924000
0.
#165942000
b101 X
b101 ,
b100010010010 e
1.
#165960000
0.
#165978000
b110 ,
b110 X
b100010010011 e
1.
#165996000
0.
#166014000
b111 X
b111 ,
b100010010100 e
1.
#166032000
0.
#166050000
b1000 ,
b1000 X
b100010010101 e
1.
#166068000
0.
#166086000
b1001 X
b1001 ,
b100010010110 e
1.
#166104000
0.
#166122000
b1010 ,
b1010 X
b100010010111 e
1.
#166140000
0.
#166158000
b1011 X
b1011 ,
b100010011000 e
1.
#166176000
0.
#166194000
b1100 ,
b1100 X
b100010011001 e
1.
#166212000
0.
#166230000
b1101 X
b1101 ,
b100010011010 e
1.
#166248000
0.
#166266000
19
b1110 ,
b1110 X
b100010011011 e
1.
#166284000
0.
#166302000
09
b1011 J
b0 X
1-
b0 ,
b100010011100 e
1.
#166320000
0.
#166338000
0-
b1 ,
b1 X
b100010011101 e
1.
#166356000
0.
#166374000
b10 X
b10 ,
b100010011110 e
1.
#166392000
0.
#166410000
b11 ,
b11 X
b100010011111 e
1.
#166428000
0.
#166446000
b100 X
b100 ,
b100010100000 e
1.
#166464000
0.
#166482000
b101 ,
b101 X
b100010100001 e
1.
#166500000
0.
#166518000
b110 X
b110 ,
b100010100010 e
1.
#166536000
0.
#166554000
b111 ,
b111 X
b100010100011 e
1.
#166572000
0.
#166590000
b1000 X
b1000 ,
b100010100100 e
1.
#166608000
0.
#166626000
b1001 ,
b1001 X
b100010100101 e
1.
#166644000
0.
#166662000
b1010 X
b1010 ,
b100010100110 e
1.
#166680000
0.
#166698000
b1011 ,
b1011 X
b100010100111 e
1.
#166716000
0.
#166734000
b1100 X
b1100 ,
b100010101000 e
1.
#166752000
0.
#166770000
b1101 ,
b1101 X
b100010101001 e
1.
#166788000
0.
#166806000
19
b1110 X
b1110 ,
b100010101010 e
1.
#166824000
0.
#166842000
09
1-
b0 ,
b0 X
b1100 J
b100010101011 e
1.
#166860000
0.
#166878000
b1 X
0-
b1 ,
b100010101100 e
1.
#166896000
0.
#166914000
b10 ,
b10 X
b100010101101 e
1.
#166932000
0.
#166950000
b11 X
b11 ,
b100010101110 e
1.
#166968000
0.
#166986000
b100 ,
b100 X
b100010101111 e
1.
#167004000
0.
#167022000
b101 X
b101 ,
b100010110000 e
1.
#167040000
0.
#167058000
b110 ,
b110 X
b100010110001 e
1.
#167076000
0.
#167094000
b111 X
b111 ,
b100010110010 e
1.
#167112000
0.
#167130000
b1000 ,
b1000 X
b100010110011 e
1.
#167148000
0.
#167166000
b1001 X
b1001 ,
b100010110100 e
1.
#167184000
0.
#167202000
b1010 ,
b1010 X
b100010110101 e
1.
#167220000
0.
#167238000
b1011 X
b1011 ,
b100010110110 e
1.
#167256000
0.
#167274000
b1100 ,
b1100 X
b100010110111 e
1.
#167292000
0.
#167310000
b1101 X
b1101 ,
b100010111000 e
1.
#167328000
0.
#167346000
19
b1110 ,
b1110 X
b100010111001 e
1.
#167364000
0.
#167382000
09
b1101 J
b0 X
1-
b0 ,
b100010111010 e
1.
#167400000
0.
#167418000
0-
b1 ,
b1 X
b100010111011 e
1.
#167436000
0.
#167454000
b10 X
b10 ,
b100010111100 e
1.
#167472000
0.
#167490000
b11 ,
b11 X
b100010111101 e
1.
#167508000
0.
#167526000
b100 X
b100 ,
b100010111110 e
1.
#167544000
0.
#167562000
b101 ,
b101 X
b100010111111 e
1.
#167580000
0.
#167598000
b110 X
b110 ,
b100011000000 e
1.
#167616000
0.
#167634000
b111 ,
b111 X
b100011000001 e
1.
#167652000
0.
#167670000
b1000 X
b1000 ,
b100011000010 e
1.
#167688000
0.
#167706000
b1001 ,
b1001 X
b100011000011 e
1.
#167724000
0.
#167742000
b1010 X
b1010 ,
b100011000100 e
1.
#167760000
0.
#167778000
b1011 ,
b1011 X
b100011000101 e
1.
#167796000
0.
#167814000
b1100 X
b1100 ,
b100011000110 e
1.
#167832000
0.
#167850000
b1101 ,
b1101 X
b100011000111 e
1.
#167868000
0.
#167886000
19
b1110 X
b1110 ,
b100011001000 e
1.
#167904000
0.
#167922000
09
1-
b0 ,
b0 X
b1110 J
b100011001001 e
1.
#167940000
0.
#167958000
b1 X
0-
b1 ,
b100011001010 e
1.
#167976000
0.
#167994000
b10 ,
b10 X
b100011001011 e
1.
#168012000
0.
#168030000
b11 X
b11 ,
b100011001100 e
1.
#168048000
0.
#168066000
b100 ,
b100 X
b100011001101 e
1.
#168084000
0.
#168102000
b101 X
b101 ,
b100011001110 e
1.
#168120000
0.
#168138000
b110 ,
b110 X
b100011001111 e
1.
#168156000
0.
#168174000
b111 X
b111 ,
b100011010000 e
1.
#168192000
0.
#168210000
b1000 ,
b1000 X
b100011010001 e
1.
#168228000
0.
#168246000
b1001 X
b1001 ,
b100011010010 e
1.
#168264000
0.
#168282000
b1010 ,
b1010 X
b100011010011 e
1.
#168300000
0.
#168318000
b1011 X
b1011 ,
b100011010100 e
1.
#168336000
0.
#168354000
b1100 ,
b1100 X
b100011010101 e
1.
#168372000
0.
#168390000
b1101 X
b1101 ,
b100011010110 e
1.
#168408000
0.
#168426000
19
b1110 ,
b1110 X
b100011010111 e
1.
#168444000
0.
#168462000
b11 F
09
b1111 J
b0 X
1-
b0 ,
b100011011000 e
1.
#168480000
0.
#168498000
0-
b1 ,
b1 X
b100011011001 e
1.
#168516000
0.
#168534000
b10 X
b10 ,
b100011011010 e
1.
#168552000
0.
#168570000
b11 ,
b11 X
b100011011011 e
1.
#168588000
0.
#168606000
b100 X
b100 ,
b100011011100 e
1.
#168624000
0.
#168642000
b101 ,
b101 X
b100011011101 e
1.
#168660000
0.
#168678000
b110 X
b110 ,
b100011011110 e
1.
#168696000
0.
#168714000
b111 ,
b111 X
b100011011111 e
1.
#168732000
0.
#168750000
b1000 X
b1000 ,
b100011100000 e
1.
#168768000
0.
#168786000
b1001 ,
b1001 X
b100011100001 e
1.
#168804000
0.
#168822000
b1010 X
b1010 ,
b100011100010 e
1.
#168840000
0.
#168858000
b1011 ,
b1011 X
b100011100011 e
1.
#168876000
0.
#168894000
b1100 X
b1100 ,
b100011100100 e
1.
#168912000
0.
#168930000
b1101 ,
b1101 X
b100011100101 e
1.
#168948000
0.
#168966000
19
b1110 X
b1110 ,
b100011100110 e
1.
#168984000
0.
#169002000
09
1-
b0 ,
b0 X
b1000 D
b0 J
b11 C
b100011100111 e
1.
#169020000
0.
#169038000
b1 X
0-
b1 ,
b100011101000 e
1.
#169056000
0.
#169074000
b10 ,
b10 X
b100011101001 e
1.
#169092000
0.
#169110000
b11 X
b11 ,
b100011101010 e
1.
#169128000
0.
#169146000
b100 ,
b100 X
b100011101011 e
1.
#169164000
0.
#169182000
b101 X
b101 ,
b100011101100 e
1.
#169200000
0.
#169218000
b110 ,
b110 X
b100011101101 e
1.
#169236000
0.
#169254000
b111 X
b111 ,
b100011101110 e
1.
#169272000
0.
#169290000
b1000 ,
b1000 X
b100011101111 e
1.
#169308000
0.
#169326000
b1001 X
b1001 ,
b100011110000 e
1.
#169344000
0.
#169362000
b1010 ,
b1010 X
b100011110001 e
1.
#169380000
0.
#169398000
b1011 X
b1011 ,
b100011110010 e
1.
#169416000
0.
#169434000
b1100 ,
b1100 X
b100011110011 e
1.
#169452000
0.
#169470000
b1101 X
b1101 ,
b100011110100 e
1.
#169488000
0.
#169506000
19
b1110 ,
b1110 X
b100011110101 e
1.
#169524000
0.
#169542000
09
b1 J
b0 X
1-
b0 ,
b100011110110 e
1.
#169560000
0.
#169578000
0-
b1 ,
b1 X
b100011110111 e
1.
#169596000
0.
#169614000
b10 X
b10 ,
b100011111000 e
1.
#169632000
0.
#169650000
b11 ,
b11 X
b100011111001 e
1.
#169668000
0.
#169686000
b100 X
b100 ,
b100011111010 e
1.
#169704000
0.
#169722000
b101 ,
b101 X
b100011111011 e
1.
#169740000
0.
#169758000
b110 X
b110 ,
b100011111100 e
1.
#169776000
0.
#169794000
b111 ,
b111 X
b100011111101 e
1.
#169812000
0.
#169830000
b1000 X
b1000 ,
b100011111110 e
1.
#169848000
0.
#169866000
b1001 ,
b1001 X
b100011111111 e
1.
#169884000
0.
#169902000
b1010 X
b1010 ,
b100100000000 e
1.
#169920000
0.
#169938000
b1011 ,
b1011 X
b100100000001 e
1.
#169956000
0.
#169974000
b1100 X
b1100 ,
b100100000010 e
1.
#169992000
0.
#170010000
b1101 ,
b1101 X
b100100000011 e
1.
#170028000
0.
#170046000
19
b1110 X
b1110 ,
b100100000100 e
1.
#170064000
0.
#170082000
09
1-
b0 ,
b0 X
b10 J
b100100000101 e
1.
#170100000
0.
#170118000
b1 X
0-
b1 ,
b100100000110 e
1.
#170136000
0.
#170154000
b10 ,
b10 X
b100100000111 e
1.
#170172000
0.
#170190000
b11 X
b11 ,
b100100001000 e
1.
#170208000
0.
#170226000
b100 ,
b100 X
b100100001001 e
1.
#170244000
0.
#170262000
b101 X
b101 ,
b100100001010 e
1.
#170280000
0.
#170298000
b110 ,
b110 X
b100100001011 e
1.
#170316000
0.
#170334000
b111 X
b111 ,
b100100001100 e
1.
#170352000
0.
#170370000
b1000 ,
b1000 X
b100100001101 e
1.
#170388000
0.
#170406000
b1001 X
b1001 ,
b100100001110 e
1.
#170424000
0.
#170442000
b1010 ,
b1010 X
b100100001111 e
1.
#170460000
0.
#170478000
b1011 X
b1011 ,
b100100010000 e
1.
#170496000
0.
#170514000
b1100 ,
b1100 X
b100100010001 e
1.
#170532000
0.
#170550000
b1101 X
b1101 ,
b100100010010 e
1.
#170568000
0.
#170586000
19
b1110 ,
b1110 X
b100100010011 e
1.
#170604000
0.
#170622000
09
b11 J
b0 X
1-
b0 ,
b100100010100 e
1.
#170640000
0.
#170658000
0-
b1 ,
b1 X
b100100010101 e
1.
#170676000
0.
#170694000
b10 X
b10 ,
b100100010110 e
1.
#170712000
0.
#170730000
b11 ,
b11 X
b100100010111 e
1.
#170748000
0.
#170766000
b100 X
b100 ,
b100100011000 e
1.
#170784000
0.
#170802000
b101 ,
b101 X
b100100011001 e
1.
#170820000
0.
#170838000
b110 X
b110 ,
b100100011010 e
1.
#170856000
0.
#170874000
b111 ,
b111 X
b100100011011 e
1.
#170892000
0.
#170910000
b1000 X
b1000 ,
b100100011100 e
1.
#170928000
0.
#170946000
b1001 ,
b1001 X
b100100011101 e
1.
#170964000
0.
#170982000
b1010 X
b1010 ,
b100100011110 e
1.
#171000000
0.
#171018000
b1011 ,
b1011 X
b100100011111 e
1.
#171036000
0.
#171054000
b1100 X
b1100 ,
b100100100000 e
1.
#171072000
0.
#171090000
b1101 ,
b1101 X
b100100100001 e
1.
#171108000
0.
#171126000
19
b1110 X
b1110 ,
b100100100010 e
1.
#171144000
0.
#171162000
09
1-
b0 ,
b0 X
b100 J
b100100100011 e
1.
#171180000
0.
#171198000
b1 X
0-
b1 ,
b100100100100 e
1.
#171216000
0.
#171234000
b10 ,
b10 X
b100100100101 e
1.
#171252000
0.
#171270000
b11 X
b11 ,
b100100100110 e
1.
#171288000
0.
#171306000
b100 ,
b100 X
b100100100111 e
1.
#171324000
0.
#171342000
b101 X
b101 ,
b100100101000 e
1.
#171360000
0.
#171378000
b110 ,
b110 X
b100100101001 e
1.
#171396000
0.
#171414000
b111 X
b111 ,
b100100101010 e
1.
#171432000
0.
#171450000
b1000 ,
b1000 X
b100100101011 e
1.
#171468000
0.
#171486000
b1001 X
b1001 ,
b100100101100 e
1.
#171504000
0.
#171522000
b1010 ,
b1010 X
b100100101101 e
1.
#171540000
0.
#171558000
b1011 X
b1011 ,
b100100101110 e
1.
#171576000
0.
#171594000
b1100 ,
b1100 X
b100100101111 e
1.
#171612000
0.
#171630000
b1101 X
b1101 ,
b100100110000 e
1.
#171648000
0.
#171666000
19
b1110 ,
b1110 X
b100100110001 e
1.
#171684000
0.
#171702000
09
b101 J
b0 X
1-
b0 ,
b100100110010 e
1.
#171720000
0.
#171738000
0-
b1 ,
b1 X
b100100110011 e
1.
#171756000
0.
#171774000
b10 X
b10 ,
b100100110100 e
1.
#171792000
0.
#171810000
b11 ,
b11 X
b100100110101 e
1.
#171828000
0.
#171846000
b100 X
b100 ,
b100100110110 e
1.
#171864000
0.
#171882000
b101 ,
b101 X
b100100110111 e
1.
#171900000
0.
#171918000
b110 X
b110 ,
b100100111000 e
1.
#171936000
0.
#171954000
b111 ,
b111 X
b100100111001 e
1.
#171972000
0.
#171990000
b1000 X
b1000 ,
b100100111010 e
1.
#172008000
0.
#172026000
b1001 ,
b1001 X
b100100111011 e
1.
#172044000
0.
#172062000
b1010 X
b1010 ,
b100100111100 e
1.
#172080000
0.
#172098000
b1011 ,
b1011 X
b100100111101 e
1.
#172116000
0.
#172134000
b1100 X
b1100 ,
b100100111110 e
1.
#172152000
0.
#172170000
b1101 ,
b1101 X
b100100111111 e
1.
#172188000
0.
#172206000
19
b1110 X
b1110 ,
b100101000000 e
1.
#172224000
0.
#172242000
09
1-
b0 ,
b0 X
b110 J
b100101000001 e
1.
#172260000
0.
#172278000
b1 X
0-
b1 ,
b100101000010 e
1.
#172296000
0.
#172314000
b10 ,
b10 X
b100101000011 e
1.
#172332000
0.
#172350000
b11 X
b11 ,
b100101000100 e
1.
#172368000
0.
#172386000
b100 ,
b100 X
b100101000101 e
1.
#172404000
0.
#172422000
b101 X
b101 ,
b100101000110 e
1.
#172440000
0.
#172458000
b110 ,
b110 X
b100101000111 e
1.
#172476000
0.
#172494000
b111 X
b111 ,
b100101001000 e
1.
#172512000
0.
#172530000
b1000 ,
b1000 X
b100101001001 e
1.
#172548000
0.
#172566000
b1001 X
b1001 ,
b100101001010 e
1.
#172584000
0.
#172602000
b1010 ,
b1010 X
b100101001011 e
1.
#172620000
0.
#172638000
b1011 X
b1011 ,
b100101001100 e
1.
#172656000
0.
#172674000
b1100 ,
b1100 X
b100101001101 e
1.
#172692000
0.
#172710000
b1101 X
b1101 ,
b100101001110 e
1.
#172728000
0.
#172746000
19
b1110 ,
b1110 X
b100101001111 e
1.
#172764000
0.
#172782000
09
b111 J
b0 X
1-
b0 ,
b100101010000 e
1.
#172800000
0.
#172818000
0-
b1 ,
b1 X
b100101010001 e
1.
#172836000
0.
#172854000
b10 X
b10 ,
b100101010010 e
1.
#172872000
0.
#172890000
b11 ,
b11 X
b100101010011 e
1.
#172908000
0.
#172926000
b100 X
b100 ,
b100101010100 e
1.
#172944000
0.
#172962000
b101 ,
b101 X
b100101010101 e
1.
#172980000
0.
#172998000
b110 X
b110 ,
b100101010110 e
1.
#173016000
0.
#173034000
b111 ,
b111 X
b100101010111 e
1.
#173052000
0.
#173070000
b1000 X
b1000 ,
b100101011000 e
1.
#173088000
0.
#173106000
b1001 ,
b1001 X
b100101011001 e
1.
#173124000
0.
#173142000
b1010 X
b1010 ,
b100101011010 e
1.
#173160000
0.
#173178000
b1011 ,
b1011 X
b100101011011 e
1.
#173196000
0.
#173214000
b1100 X
b1100 ,
b100101011100 e
1.
#173232000
0.
#173250000
b1101 ,
b1101 X
b100101011101 e
1.
#173268000
0.
#173286000
19
b1110 X
b1110 ,
b100101011110 e
1.
#173304000
0.
#173322000
09
1-
b0 ,
b0 X
b1000 J
b100101011111 e
1.
#173340000
0.
#173358000
b1 X
0-
b1 ,
1"
13
b1000 b
b100101100000 e
1.
#173376000
0.
#173394000
b10 ,
b10 X
1G
b100101100001 e
1.
#173412000
0.
#173430000
1H
b11 X
b11 ,
b100101100010 e
1.
#173448000
0.
#173466000
b100 ,
b100 X
1I
b100101100011 e
1.
#173484000
0.
#173502000
b101 X
b101 ,
b100101100100 e
1.
#173520000
0.
#173538000
b110 ,
b110 X
b100101100101 e
1.
#173556000
0.
#173574000
b111 X
b111 ,
b100101100110 e
1.
#173592000
0.
#173610000
b1000 ,
b1000 X
b100101100111 e
1.
#173628000
0.
#173646000
b1001 X
b1001 ,
b100101101000 e
1.
#173664000
0.
#173682000
b1010 ,
b1010 X
b100101101001 e
1.
#173700000
0.
#173718000
b1011 X
b1011 ,
b100101101010 e
1.
#173736000
0.
#173754000
b1100 ,
b1100 X
b100101101011 e
1.
#173772000
0.
#173790000
b1101 X
b1101 ,
b100101101100 e
1.
#173808000
0.
#173826000
19
b1110 ,
b1110 X
b100101101101 e
1.
#173844000
0.
#173862000
09
b1001 J
b0 X
1-
b0 ,
b100101101110 e
1.
#173880000
0.
#173898000
0-
b1 ,
b1 X
b100101101111 e
1.
#173916000
0.
#173934000
b10 X
b10 ,
b100101110000 e
1.
#173952000
0.
#173970000
b11 ,
b11 X
b100101110001 e
1.
#173988000
0.
#174006000
b100 X
b100 ,
b100101110010 e
1.
#174024000
0.
#174042000
b101 ,
b101 X
b100101110011 e
1.
#174060000
0.
#174078000
b110 X
b110 ,
b100101110100 e
1.
#174096000
0.
#174114000
b111 ,
b111 X
b100101110101 e
1.
#174132000
0.
#174150000
b1000 X
b1000 ,
b100101110110 e
1.
#174168000
0.
#174186000
b1001 ,
b1001 X
b100101110111 e
1.
#174204000
0.
#174222000
b1010 X
b1010 ,
b100101111000 e
1.
#174240000
0.
#174258000
b1011 ,
b1011 X
b100101111001 e
1.
#174276000
0.
#174294000
b1100 X
b1100 ,
b100101111010 e
1.
#174312000
0.
#174330000
b1101 ,
b1101 X
b100101111011 e
1.
#174348000
0.
#174366000
19
b1110 X
b1110 ,
b100101111100 e
1.
#174384000
0.
#174402000
09
1-
b0 ,
b0 X
b1010 J
b100101111101 e
1.
#174420000
0.
#174438000
b1 X
0-
b1 ,
b100101111110 e
1.
#174456000
0.
#174474000
b10 ,
b10 X
b100101111111 e
1.
#174492000
0.
#174510000
b11 X
b11 ,
b100110000000 e
1.
#174528000
0.
#174546000
b100 ,
b100 X
b100110000001 e
1.
#174564000
0.
#174582000
b101 X
b101 ,
b100110000010 e
1.
#174600000
0.
#174618000
b110 ,
b110 X
b100110000011 e
1.
#174636000
0.
#174654000
b111 X
b111 ,
b100110000100 e
1.
#174672000
0.
#174690000
b1000 ,
b1000 X
b100110000101 e
1.
#174708000
0.
#174726000
b1001 X
b1001 ,
b100110000110 e
1.
#174744000
0.
#174762000
b1010 ,
b1010 X
b100110000111 e
1.
#174780000
0.
#174798000
b1011 X
b1011 ,
b100110001000 e
1.
#174816000
0.
#174834000
b1100 ,
b1100 X
b100110001001 e
1.
#174852000
0.
#174870000
b1101 X
b1101 ,
b100110001010 e
1.
#174888000
0.
#174906000
19
b1110 ,
b1110 X
b100110001011 e
1.
#174924000
0.
#174942000
09
b1011 J
b0 X
1-
b0 ,
b100110001100 e
1.
#174960000
0.
#174978000
0-
b1 ,
b1 X
b100110001101 e
1.
#174996000
0.
#175014000
b10 X
b10 ,
b100110001110 e
1.
#175032000
0.
#175050000
b11 ,
b11 X
b100110001111 e
1.
#175068000
0.
#175086000
b100 X
b100 ,
b100110010000 e
1.
#175104000
0.
#175122000
b101 ,
b101 X
b100110010001 e
1.
#175140000
0.
#175158000
b110 X
b110 ,
b100110010010 e
1.
#175176000
0.
#175194000
b111 ,
b111 X
b100110010011 e
1.
#175212000
0.
#175230000
b1000 X
b1000 ,
b100110010100 e
1.
#175248000
0.
#175266000
b1001 ,
b1001 X
b100110010101 e
1.
#175284000
0.
#175302000
b1010 X
b1010 ,
b100110010110 e
1.
#175320000
0.
#175338000
b1011 ,
b1011 X
b100110010111 e
1.
#175356000
0.
#175374000
b1100 X
b1100 ,
b100110011000 e
1.
#175392000
0.
#175410000
b1101 ,
b1101 X
b100110011001 e
1.
#175428000
0.
#175446000
19
b1110 X
b1110 ,
b100110011010 e
1.
#175464000
0.
#175482000
09
1-
b0 ,
b0 X
b1100 J
b100110011011 e
1.
#175500000
0.
#175518000
b1 X
0-
b1 ,
b100110011100 e
1.
#175536000
0.
#175554000
b10 ,
b10 X
b100110011101 e
1.
#175572000
0.
#175590000
b11 X
b11 ,
b100110011110 e
1.
#175608000
0.
#175626000
b100 ,
b100 X
b100110011111 e
1.
#175644000
0.
#175662000
b101 X
b101 ,
b100110100000 e
1.
#175680000
0.
#175698000
b110 ,
b110 X
b100110100001 e
1.
#175716000
0.
#175734000
b111 X
b111 ,
b100110100010 e
1.
#175752000
0.
#175770000
b1000 ,
b1000 X
b100110100011 e
1.
#175788000
0.
#175806000
b1001 X
b1001 ,
b100110100100 e
1.
#175824000
0.
#175842000
b1010 ,
b1010 X
b100110100101 e
1.
#175860000
0.
#175878000
b1011 X
b1011 ,
b100110100110 e
1.
#175896000
0.
#175914000
b1100 ,
b1100 X
b100110100111 e
1.
#175932000
0.
#175950000
b1101 X
b1101 ,
b100110101000 e
1.
#175968000
0.
#175986000
19
b1110 ,
b1110 X
b100110101001 e
1.
#176004000
0.
#176022000
09
b1101 J
b0 X
1-
b0 ,
b100110101010 e
1.
#176040000
0.
#176058000
0-
b1 ,
b1 X
b100110101011 e
1.
#176076000
0.
#176094000
b10 X
b10 ,
b100110101100 e
1.
#176112000
0.
#176130000
b11 ,
b11 X
b100110101101 e
1.
#176148000
0.
#176166000
b100 X
b100 ,
b100110101110 e
1.
#176184000
0.
#176202000
b101 ,
b101 X
b100110101111 e
1.
#176220000
0.
#176238000
b110 X
b110 ,
b100110110000 e
1.
#176256000
0.
#176274000
b111 ,
b111 X
b100110110001 e
1.
#176292000
0.
#176310000
b1000 X
b1000 ,
b100110110010 e
1.
#176328000
0.
#176346000
b1001 ,
b1001 X
b100110110011 e
1.
#176364000
0.
#176382000
b1010 X
b1010 ,
b100110110100 e
1.
#176400000
0.
#176418000
b1011 ,
b1011 X
b100110110101 e
1.
#176436000
0.
#176454000
b1100 X
b1100 ,
b100110110110 e
1.
#176472000
0.
#176490000
b1101 ,
b1101 X
b100110110111 e
1.
#176508000
0.
#176526000
19
b1110 X
b1110 ,
b100110111000 e
1.
#176544000
0.
#176562000
09
1-
b0 ,
b0 X
b1110 J
b100110111001 e
1.
#176580000
0.
#176598000
b1 X
0-
b1 ,
b100110111010 e
1.
#176616000
0.
#176634000
b10 ,
b10 X
b100110111011 e
1.
#176652000
0.
#176670000
b11 X
b11 ,
b100110111100 e
1.
#176688000
0.
#176706000
b100 ,
b100 X
b100110111101 e
1.
#176724000
0.
#176742000
b101 X
b101 ,
b100110111110 e
1.
#176760000
0.
#176778000
b110 ,
b110 X
b100110111111 e
1.
#176796000
0.
#176814000
b111 X
b111 ,
b100111000000 e
1.
#176832000
0.
#176850000
b1000 ,
b1000 X
b100111000001 e
1.
#176868000
0.
#176886000
b1001 X
b1001 ,
b100111000010 e
1.
#176904000
0.
#176922000
b1010 ,
b1010 X
b100111000011 e
1.
#176940000
0.
#176958000
b1011 X
b1011 ,
b100111000100 e
1.
#176976000
0.
#176994000
b1100 ,
b1100 X
b100111000101 e
1.
#177012000
0.
#177030000
b1101 X
b1101 ,
b100111000110 e
1.
#177048000
0.
#177066000
19
b1110 ,
b1110 X
b100111000111 e
1.
#177084000
0.
#177102000
b0 F
1$
09
b1111 J
b0 X
1-
b0 ,
b100111001000 e
1.
#177120000
0.
#177138000
0-
b1 ,
b1 X
b1011010 _
b1011010 `
1\
1d
b100111001001 e
1.
#177156000
0.
#177174000
b10 X
b10 ,
1.
#177192000
0.
#177210000
b11 ,
b11 X
1.
#177228000
0.
#177246000
b100 X
b100 ,
1.
#177264000
0.
#177282000
b101 ,
b101 X
1.
#177300000
0.
#177318000
b110 X
b110 ,
1.
#177336000
0.
#177354000
b111 ,
b111 X
1.
#177372000
0.
#177390000
b1000 X
b1000 ,
1.
#177408000
0.
#177426000
b1001 ,
b1001 X
1.
#177444000
0.
#177462000
b1010 X
b1010 ,
1.
#177480000
0.
#177498000
b1011 ,
b1011 X
1.
#177516000
0.
#177534000
b1100 X
b1100 ,
1.
#177552000
0.
#177570000
b1101 ,
b1101 X
1.
#177588000
0.
#177606000
19
b1110 X
b1110 ,
1.
#177624000
0.
#177642000
09
0$
1-
b0 ,
b0 X
b0 J
b0 C
1.
#177660000
0.
#177678000
b1 X
0-
b1 ,
1.
#177696000
0.
#177714000
b10 ,
b10 X
1.
#177732000
0.
#177750000
b11 X
b11 ,
1.
#177768000
0.
#177786000
b100 ,
b100 X
1.
#177804000
0.
#177822000
b101 X
b101 ,
1.
#177840000
0.
#177858000
b110 ,
b110 X
1.
#177876000
0.
#177894000
b111 X
b111 ,
1.
#177912000
0.
#177930000
b1000 ,
b1000 X
1.
#177948000
0.
#177966000
b1001 X
b1001 ,
1.
#177984000
0.
#178002000
b1010 ,
b1010 X
1.
#178020000
0.
#178038000
b1011 X
b1011 ,
1.
#178056000
0.
#178074000
b1100 ,
b1100 X
1.
#178092000
0.
#178110000
b1101 X
b1101 ,
1.
#178128000
0.
#178146000
19
b1110 ,
b1110 X
1.
#178164000
0.
#178182000
09
b0 D
b0 X
1-
b0 ,
1.
#178200000
0.
#178218000
0-
b1 ,
b1 X
1.
#178236000
0.
#178254000
b10 X
b10 ,
1.
#178272000
0.
#178290000
b11 ,
b11 X
1.
#178308000
0.
#178326000
b100 X
b100 ,
1.
#178344000
0.
#178362000
b101 ,
b101 X
1.
#178380000
0.
#178398000
b110 X
b110 ,
1.
#178416000
0.
#178434000
b111 ,
b111 X
1.
#178452000
0.
#178470000
b1000 X
b1000 ,
1.
#178488000
0.
#178506000
b1001 ,
b1001 X
1.
#178524000
0.
#178542000
b1010 X
b1010 ,
1.
#178560000
0.
#178578000
b1011 ,
b1011 X
1.
#178596000
0.
#178614000
b1100 X
b1100 ,
1.
#178632000
0.
#178650000
b1101 ,
b1101 X
1.
#178668000
0.
#178686000
19
b1110 X
b1110 ,
1.
#178704000
0.
#178722000
09
1-
b0 ,
b0 X
1.
#178740000
0.
#178758000
b1 X
0-
b1 ,
1.
#178776000
0.
#178794000
b10 ,
b10 X
1.
#178812000
0.
#178830000
b11 X
b11 ,
1.
#178848000
0.
#178866000
b100 ,
b100 X
1.
#178884000
0.
#178902000
b101 X
b101 ,
1.
#178920000
0.
#178938000
b110 ,
b110 X
1.
#178956000
0.
#178974000
b111 X
b111 ,
1.
#178992000
0.
#179010000
b1000 ,
b1000 X
1.
#179028000
0.
#179046000
b1001 X
b1001 ,
1.
#179064000
0.
#179082000
b1010 ,
b1010 X
1.
#179100000
0.
#179118000
b1011 X
b1011 ,
1.
#179136000
0.
#179154000
b1100 ,
b1100 X
1.
#179172000
0.
#179190000
b1101 X
b1101 ,
1.
#179208000
0.
#179226000
19
b1110 ,
b1110 X
1.
#179244000
0.
#179262000
09
b0 X
1-
b0 ,
1.
#179280000
0.
#179298000
0-
b1 ,
b1 X
1.
#179316000
0.
#179334000
b10 X
b10 ,
1.
#179352000
0.
#179370000
b11 ,
b11 X
1.
#179388000
0.
#179406000
b100 X
b100 ,
1.
#179424000
0.
#179442000
b101 ,
b101 X
1.
#179460000
0.
#179478000
b110 X
b110 ,
1.
#179496000
0.
#179514000
b111 ,
b111 X
1.
#179532000
0.
#179550000
b1000 X
b1000 ,
1.
#179568000
0.
#179586000
b1001 ,
b1001 X
1.
#179604000
0.
#179622000
b1010 X
b1010 ,
1.
#179640000
0.
#179658000
b1011 ,
b1011 X
1.
#179676000
0.
#179694000
b1100 X
b1100 ,
1.
#179712000
0.
#179730000
b1101 ,
b1101 X
1.
#179748000
0.
#179766000
19
b1110 X
b1110 ,
1.
#179784000
0.
#179802000
09
1-
b0 ,
b0 X
1.
#179820000
0.
#179838000
b1 X
0-
b1 ,
1.
#179856000
0.
#179874000
b10 ,
b10 X
1.
#179892000
0.
#179910000
b11 X
b11 ,
1.
#179928000
0.
#179946000
b100 ,
b100 X
1.
#179964000
0.
#179982000
b101 X
b101 ,
1.
#180000000
0.
#180018000
b110 ,
b110 X
1.
#180036000
0.
#180054000
b111 X
b111 ,
1.
#180072000
0.
#180090000
b1000 ,
b1000 X
1.
#180108000
0.
#180126000
b1001 X
b1001 ,
1.
#180144000
0.
#180162000
b1010 ,
b1010 X
1.
#180180000
0.
#180198000
b1011 X
b1011 ,
1.
#180216000
0.
#180234000
b1100 ,
b1100 X
1.
#180252000
0.
#180270000
b1101 X
b1101 ,
1.
#180288000
0.
#180306000
19
b1110 ,
b1110 X
1.
#180324000
0.
#180342000
09
b0 X
1-
b0 ,
1.
#180360000
0.
#180378000
0-
b1 ,
b1 X
1.
#180396000
0.
#180414000
b10 X
b10 ,
1.
#180432000
0.
#180450000
b11 ,
b11 X
1.
#180468000
0.
#180486000
b100 X
b100 ,
1.
#180504000
0.
#180522000
b101 ,
b101 X
1.
#180540000
0.
#180558000
b110 X
b110 ,
1.
#180576000
0.
#180594000
b111 ,
b111 X
1.
#180612000
0.
#180630000
b1000 X
b1000 ,
1.
#180648000
0.
#180666000
b1001 ,
b1001 X
1.
#180684000
0.
#180702000
b1010 X
b1010 ,
1.
#180720000
0.
#180738000
b1011 ,
b1011 X
1.
#180756000
0.
#180774000
b1100 X
b1100 ,
1.
#180792000
0.
#180810000
b1101 ,
b1101 X
1.
#180828000
0.
#180846000
19
b1110 X
b1110 ,
1.
#180864000
0.
#180882000
09
1-
b0 ,
b0 X
1.
#180900000
0.
#180918000
b1 X
0-
b1 ,
1.
#180936000
0.
#180954000
b10 ,
b10 X
1.
#180972000
0.
#180990000
b11 X
b11 ,
1.
#181008000
0.
#181026000
b100 ,
b100 X
1.
#181044000
0.
#181062000
b101 X
b101 ,
1.
#181080000
0.
#181098000
b110 ,
b110 X
1.
#181116000
0.
#181134000
b111 X
b111 ,
1.
#181152000
0.
#181170000
b1000 ,
b1000 X
1.
#181188000
0.
#181206000
b1001 X
b1001 ,
1.
#181224000
0.
#181242000
b1010 ,
b1010 X
1.
#181260000
0.
#181278000
b1011 X
b1011 ,
1.
#181296000
0.
#181314000
b1100 ,
b1100 X
1.
#181332000
0.
#181350000
b1101 X
b1101 ,
1.
#181368000
0.
#181386000
19
b1110 ,
b1110 X
1.
#181404000
0.
#181422000
09
b0 X
1-
b0 ,
1.
#181440000
0.
#181458000
0-
b1 ,
b1 X
1.
#181476000
0.
#181494000
b10 X
b10 ,
1.
#181512000
0.
#181530000
b11 ,
b11 X
1.
#181548000
0.
#181566000
b100 X
b100 ,
1.
#181584000
0.
#181602000
b101 ,
b101 X
1.
#181620000
0.
#181638000
b110 X
b110 ,
1.
#181656000
0.
#181674000
b111 ,
b111 X
1.
#181692000
0.
#181710000
b1000 X
b1000 ,
1.
#181728000
0.
#181746000
b1001 ,
b1001 X
1.
#181764000
0.
#181782000
b1010 X
b1010 ,
1.
#181800000
0.
#181818000
b1011 ,
b1011 X
1.
#181836000
0.
#181854000
b1100 X
b1100 ,
1.
#181872000
0.
#181890000
b1101 ,
b1101 X
1.
#181908000
0.
#181926000
19
b1110 X
b1110 ,
1.
#181944000
0.
#181962000
09
1-
b0 ,
b0 X
1.
#181980000
0.
#181998000
b0 %
b0 8
b0 E
0-
00
b100 6
1.
#182016000
0.
#182034000
1.
#182052000
0.
#182070000
1.
#182088000
0.
#182106000
b1 ,
b1 X
b10101010 c
1/
10
1.
#182124000
0.
#182142000
b10101010 T
b10 X
b10 ,
b1 R
12
b10101010 1
b10101010 7
b10101010 K
1.
#182160000
0.
#182178000
b11 ,
b11 X
0#
b1 P
b1 R
b0 e
0d
02
1.
#182196000
0.
#182214000
0"
0!
b100 X
b100 ,
b1 e
1.
#182232000
0.
#182250000
b101 ,
b101 X
0G
b10 e
1.
#182268000
0.
#182286000
0H
b110 X
b110 ,
b11 e
1.
#182304000
0.
#182322000
b1 F
b111 ,
b111 X
0I
b100 e
1.
#182340000
0.
#182358000
b1 C
b1000 X
b1000 ,
b101 e
1.
#182376000
0.
#182394000
b1001 ,
b1001 X
b110 e
1.
#182412000
0.
#182430000
b1010 X
b1010 ,
b111 e
1.
#182448000
0.
#182466000
b1011 ,
b1011 X
b1000 e
1.
#182484000
0.
#182502000
b1100 X
b1100 ,
b1001 e
1.
#182520000
0.
#182538000
b1101 ,
b1101 X
b1010 e
1.
#182556000
0.
#182574000
19
b1110 X
b1110 ,
b1011 e
1.
#182592000
0.
#182610000
09
1-
b0 ,
b0 X
b1 J
b1 S
b1100 e
1.
#182628000
0.
#182646000
b1 X
0-
b1 ,
b1101 e
1.
#182664000
0.
#182682000
b10 ,
b10 X
b1110 e
1.
#182700000
0.
#182718000
b11 X
b11 ,
b1111 e
1.
#182736000
0.
#182754000
b100 ,
b100 X
b10000 e
1.
#182772000
0.
#182790000
b101 X
b101 ,
b10001 e
1.
#182808000
0.
#182826000
b110 ,
b110 X
b10010 e
1.
#182844000
0.
#182862000
b111 X
b111 ,
b10011 e
1.
#182880000
0.
#182898000
b1000 ,
b1000 X
b10100 e
1.
#182916000
0.
#182934000
b1001 X
b1001 ,
b10101 e
1.
#182952000
0.
#182970000
b1010 ,
b1010 X
b10110 e
1.
#182988000
0.
#183006000
b1011 X
b1011 ,
b10111 e
1.
#183024000
0.
#183042000
b1100 ,
b1100 X
b11000 e
1.
#183060000
0.
#183078000
b1101 X
b1101 ,
b11001 e
1.
#183096000
0.
#183114000
19
b1110 ,
b1110 X
b11010 e
1.
#183132000
0.
#183150000
09
b10 S
b10 J
b0 X
1-
b0 ,
b11011 e
1.
#183168000
0.
#183186000
0-
b1 ,
b1 X
b11100 e
1.
#183204000
0.
#183222000
b10 X
b10 ,
b11101 e
1.
#183240000
0.
#183258000
b11 ,
b11 X
b11110 e
1.
#183276000
0.
#183294000
b100 X
b100 ,
b11111 e
1.
#183312000
0.
#183330000
b101 ,
b101 X
b100000 e
1.
#183348000
0.
#183366000
b110 X
b110 ,
b100001 e
1.
#183384000
0.
#183402000
b111 ,
b111 X
b100010 e
1.
#183420000
0.
#183438000
b1000 X
b1000 ,
b100011 e
1.
#183456000
0.
#183474000
b1001 ,
b1001 X
b100100 e
1.
#183492000
0.
#183510000
b1010 X
b1010 ,
b100101 e
1.
#183528000
0.
#183546000
b1011 ,
b1011 X
b100110 e
1.
#183564000
0.
#183582000
b1100 X
b1100 ,
b100111 e
1.
#183600000
0.
#183618000
b1101 ,
b1101 X
b101000 e
1.
#183636000
0.
#183654000
19
b1110 X
b1110 ,
b101001 e
1.
#183672000
0.
#183690000
09
1-
b0 ,
b0 X
b11 J
b11 S
b101010 e
1.
#183708000
0.
#183726000
b1 X
0-
b1 ,
b101011 e
1.
#183744000
0.
#183762000
b10 ,
b10 X
b101100 e
1.
#183780000
0.
#183798000
b11 X
b11 ,
b101101 e
1.
#183816000
0.
#183834000
b100 ,
b100 X
b101110 e
1.
#183852000
0.
#183870000
b101 X
b101 ,
b101111 e
1.
#183888000
0.
#183906000
b110 ,
b110 X
b110000 e
1.
#183924000
0.
#183942000
b111 X
b111 ,
b110001 e
1.
#183960000
0.
#183978000
b1000 ,
b1000 X
b110010 e
1.
#183996000
0.
#184014000
b1001 X
b1001 ,
b110011 e
1.
#184032000
0.
#184050000
b1010 ,
b1010 X
b110100 e
1.
#184068000
0.
#184086000
b1011 X
b1011 ,
b110101 e
1.
#184104000
0.
#184122000
b1100 ,
b1100 X
b110110 e
1.
#184140000
0.
#184158000
b1101 X
b1101 ,
b110111 e
1.
#184176000
0.
#184194000
19
b1110 ,
b1110 X
b111000 e
1.
#184212000
0.
#184230000
09
b100 S
b100 J
b0 X
1-
b0 ,
b111001 e
1.
#184248000
0.
#184266000
0-
b1 ,
b1 X
b111010 e
1.
#184284000
0.
#184302000
b10 X
b10 ,
b111011 e
1.
#184320000
0.
#184338000
b11 ,
b11 X
b111100 e
1.
#184356000
0.
#184374000
b100 X
b100 ,
b111101 e
1.
#184392000
0.
#184410000
b101 ,
b101 X
b111110 e
1.
#184428000
0.
#184446000
b110 X
b110 ,
b111111 e
1.
#184464000
0.
#184482000
b111 ,
b111 X
b1000000 e
1.
#184500000
0.
#184518000
b1000 X
b1000 ,
b1000001 e
1.
#184536000
0.
#184554000
b1001 ,
b1001 X
b1000010 e
1.
#184572000
0.
#184590000
b1010 X
b1010 ,
b1000011 e
1.
#184608000
0.
#184626000
b1011 ,
b1011 X
b1000100 e
1.
#184644000
0.
#184662000
b1100 X
b1100 ,
b1000101 e
1.
#184680000
0.
#184698000
b1101 ,
b1101 X
b1000110 e
1.
#184716000
0.
#184734000
19
b1110 X
b1110 ,
b1000111 e
1.
#184752000
0.
#184770000
09
1-
b0 ,
b0 X
b101 J
b101 S
b1001000 e
1.
#184788000
0.
#184806000
b1 X
0-
b1 ,
b1001001 e
1.
#184824000
0.
#184842000
b10 ,
b10 X
b1001010 e
1.
#184860000
0.
#184878000
b11 X
b11 ,
b1001011 e
1.
#184896000
0.
#184914000
b100 ,
b100 X
b1001100 e
1.
#184932000
0.
#184950000
b101 X
b101 ,
b1001101 e
1.
#184968000
0.
#184986000
b110 ,
b110 X
b1001110 e
1.
#185004000
0.
#185022000
b111 X
b111 ,
b1001111 e
1.
#185040000
0.
#185058000
b1000 ,
b1000 X
b1010000 e
1.
#185076000
0.
#185094000
b1001 X
b1001 ,
b1010001 e
1.
#185112000
0.
#185130000
b1010 ,
b1010 X
b1010010 e
1.
#185148000
0.
#185166000
b1011 X
b1011 ,
b1010011 e
1.
#185184000
0.
#185202000
b1100 ,
b1100 X
b1010100 e
1.
#185220000
0.
#185238000
b1101 X
b1101 ,
b1010101 e
1.
#185256000
0.
#185274000
19
b1110 ,
b1110 X
b1010110 e
1.
#185292000
0.
#185310000
09
b110 S
b110 J
b0 X
1-
b0 ,
b1010111 e
1.
#185328000
0.
#185346000
0-
b1 ,
b1 X
b1011000 e
1.
#185364000
0.
#185382000
b10 X
b10 ,
b1011001 e
1.
#185400000
0.
#185418000
b11 ,
b11 X
b1011010 e
1.
#185436000
0.
#185454000
b100 X
b100 ,
b1011011 e
1.
#185472000
0.
#185490000
b101 ,
b101 X
b1011100 e
1.
#185508000
0.
#185526000
b110 X
b110 ,
b1011101 e
1.
#185544000
0.
#185562000
b111 ,
b111 X
b1011110 e
1.
#185580000
0.
#185598000
b1000 X
b1000 ,
b1011111 e
1.
#185616000
0.
#185634000
b1001 ,
b1001 X
b1100000 e
1.
#185652000
0.
#185670000
b1010 X
b1010 ,
b1100001 e
1.
#185688000
0.
#185706000
b1011 ,
b1011 X
b1100010 e
1.
#185724000
0.
#185742000
b1100 X
b1100 ,
b1100011 e
1.
#185760000
0.
#185778000
b1101 ,
b1101 X
b1100100 e
1.
#185796000
0.
#185814000
19
b1110 X
b1110 ,
b1100101 e
1.
#185832000
0.
#185850000
09
b10 F
1-
b0 ,
b0 X
b111 J
b111 S
b1100110 e
1.
#185868000
0.
#185886000
b1 X
0-
b1 ,
b1100111 e
1.
#185904000
0.
#185922000
b10 ,
b10 X
b1101000 e
1.
#185940000
0.
#185958000
b11 X
b11 ,
b1101001 e
1.
#185976000
0.
#185994000
b100 ,
b100 X
b1101010 e
1.
#186012000
0.
#186030000
b101 X
b101 ,
b1101011 e
1.
#186048000
0.
#186066000
b110 ,
b110 X
b1101100 e
1.
#186084000
0.
#186102000
b111 X
b111 ,
b1101101 e
1.
#186120000
0.
#186138000
b1000 ,
b1000 X
b1101110 e
1.
#186156000
0.
#186174000
b1001 X
b1001 ,
b1101111 e
1.
#186192000
0.
#186210000
b1010 ,
b1010 X
b1110000 e
1.
#186228000
0.
#186246000
b1011 X
b1011 ,
b1110001 e
1.
#186264000
0.
#186282000
b1100 ,
b1100 X
b1110010 e
1.
#186300000
0.
#186318000
b1101 X
b1101 ,
b1110011 e
1.
#186336000
0.
#186354000
19
b1110 ,
b1110 X
b1110100 e
1.
#186372000
0.
#186390000
09
b1000 S
b10 C
b0 J
b0 X
1-
b0 ,
b1110101 e
1.
#186408000
0.
#186426000
0-
b1 ,
b1 X
b1110110 e
1.
#186444000
0.
#186462000
b10 X
b10 ,
b1110111 e
1.
#186480000
0.
#186498000
b11 ,
b11 X
b1111000 e
1.
#186516000
0.
#186534000
b100 X
b100 ,
b1111001 e
1.
#186552000
0.
#186570000
b101 ,
b101 X
b1111010 e
1.
#186588000
0.
#186606000
b110 X
b110 ,
b1111011 e
1.
#186624000
0.
#186642000
b111 ,
b111 X
b1111100 e
1.
#186660000
0.
#186678000
b1000 X
b1000 ,
b1111101 e
1.
#186696000
0.
#186714000
b1001 ,
b1001 X
b1111110 e
1.
#186732000
0.
#186750000
b1010 X
b1010 ,
b1111111 e
1.
#186768000
0.
#186786000
b1011 ,
b1011 X
b10000000 e
1.
#186804000
0.
#186822000
b1100 X
b1100 ,
b10000001 e
1.
#186840000
0.
#186858000
b1101 ,
b1101 X
b10000010 e
1.
#186876000
0.
#186894000
19
b1110 X
b1110 ,
b10000011 e
1.
#186912000
0.
#186930000
09
1-
b0 ,
b0 X
b1 J
b1001 S
b10000100 e
1.
#186948000
0.
#186966000
b1 X
0-
b1 ,
b10000101 e
1.
#186984000
0.
#187002000
b10 ,
b10 X
b10000110 e
1.
#187020000
0.
#187038000
b11 X
b11 ,
b10000111 e
1.
#187056000
0.
#187074000
b100 ,
b100 X
b10001000 e
1.
#187092000
0.
#187110000
b101 X
b101 ,
b10001001 e
1.
#187128000
0.
#187146000
b110 ,
b110 X
b10001010 e
1.
#187164000
0.
#187182000
b111 X
b111 ,
b10001011 e
1.
#187200000
0.
#187218000
b1000 ,
b1000 X
b10001100 e
1.
#187236000
0.
#187254000
b1001 X
b1001 ,
b10001101 e
1.
#187272000
0.
#187290000
b1010 ,
b1010 X
b10001110 e
1.
#187308000
0.
#187326000
b1011 X
b1011 ,
b10001111 e
1.
#187344000
0.
#187362000
b1100 ,
b1100 X
b10010000 e
1.
#187380000
0.
#187398000
b1101 X
b1101 ,
b10010001 e
1.
#187416000
0.
#187434000
19
b1110 ,
b1110 X
b10010010 e
1.
#187452000
0.
#187470000
09
b1010 S
b10 J
b0 X
1-
b0 ,
b10010011 e
1.
#187488000
0.
#187506000
0-
b1 ,
b1 X
b10010100 e
1.
#187524000
0.
#187542000
b10 X
b10 ,
b10010101 e
1.
#187560000
0.
#187578000
b11 ,
b11 X
b10010110 e
1.
#187596000
0.
#187614000
b100 X
b100 ,
b10010111 e
1.
#187632000
0.
#187650000
b101 ,
b101 X
b10011000 e
1.
#187668000
0.
#187686000
b110 X
b110 ,
b10011001 e
1.
#187704000
0.
#187722000
b111 ,
b111 X
b10011010 e
1.
#187740000
0.
#187758000
b1000 X
b1000 ,
b10011011 e
1.
#187776000
0.
#187794000
b1001 ,
b1001 X
b10011100 e
1.
#187812000
0.
#187830000
b1010 X
b1010 ,
b10011101 e
1.
#187848000
0.
#187866000
b1011 ,
b1011 X
b10011110 e
1.
#187884000
0.
#187902000
b1100 X
b1100 ,
b10011111 e
1.
#187920000
0.
#187938000
b1101 ,
b1101 X
b10100000 e
1.
#187956000
0.
#187974000
19
b1110 X
b1110 ,
b10100001 e
1.
#187992000
0.
#188010000
09
1-
b0 ,
b0 X
b11 J
b1011 S
b10100010 e
1.
#188028000
0.
#188046000
b1 X
0-
b1 ,
b10100011 e
1.
#188064000
0.
#188082000
b10 ,
b10 X
b10100100 e
1.
#188100000
0.
#188118000
b11 X
b11 ,
b10100101 e
1.
#188136000
0.
#188154000
b100 ,
b100 X
b10100110 e
1.
#188172000
0.
#188190000
b101 X
b101 ,
b10100111 e
1.
#188208000
0.
#188226000
b110 ,
b110 X
b10101000 e
1.
#188244000
0.
#188262000
b111 X
b111 ,
b10101001 e
1.
#188280000
0.
#188298000
b1000 ,
b1000 X
b10101010 e
1.
#188316000
0.
#188334000
b1001 X
b1001 ,
b10101011 e
1.
#188352000
0.
#188370000
b1010 ,
b1010 X
b10101100 e
1.
#188388000
0.
#188406000
b1011 X
b1011 ,
b10101101 e
1.
#188424000
0.
#188442000
b1100 ,
b1100 X
b10101110 e
1.
#188460000
0.
#188478000
b1101 X
b1101 ,
b10101111 e
1.
#188496000
0.
#188514000
19
b1110 ,
b1110 X
b10110000 e
1.
#188532000
0.
#188550000
09
b1100 S
b100 J
b0 X
1-
b0 ,
b10110001 e
1.
#188568000
0.
#188586000
0-
b1 ,
b1 X
b10110010 e
1.
#188604000
0.
#188622000
b10 X
b10 ,
b10110011 e
1.
#188640000
0.
#188658000
b11 ,
b11 X
b10110100 e
1.
#188676000
0.
#188694000
b100 X
b100 ,
b10110101 e
1.
#188712000
0.
#188730000
b101 ,
b101 X
b10110110 e
1.
#188748000
0.
#188766000
b110 X
b110 ,
b10110111 e
1.
#188784000
0.
#188802000
b111 ,
b111 X
b10111000 e
1.
#188820000
0.
#188838000
b1000 X
b1000 ,
b10111001 e
1.
#188856000
0.
#188874000
b1001 ,
b1001 X
b10111010 e
1.
#188892000
0.
#188910000
b1010 X
b1010 ,
b10111011 e
1.
#188928000
0.
#188946000
b1011 ,
b1011 X
b10111100 e
1.
#188964000
0.
#188982000
b1100 X
b1100 ,
b10111101 e
1.
#189000000
0.
#189018000
b1101 ,
b1101 X
b10111110 e
1.
#189036000
0.
#189054000
19
b1110 X
b1110 ,
b10111111 e
1.
#189072000
0.
#189090000
09
1-
b0 ,
b0 X
b101 J
b1101 S
b11000000 e
1.
#189108000
0.
#189126000
b1 X
0-
b1 ,
b11000001 e
1.
#189144000
0.
#189162000
b10 ,
b10 X
b11000010 e
1.
#189180000
0.
#189198000
b11 X
b11 ,
b11000011 e
1.
#189216000
0.
#189234000
b100 ,
b100 X
b11000100 e
1.
#189252000
0.
#189270000
b101 X
b101 ,
b11000101 e
1.
#189288000
0.
#189306000
b110 ,
b110 X
b11000110 e
1.
#189324000
0.
#189342000
b111 X
b111 ,
b11000111 e
1.
#189360000
0.
#189378000
b1000 ,
b1000 X
b11001000 e
1.
#189396000
0.
#189414000
b1001 X
b1001 ,
b11001001 e
1.
#189432000
0.
#189450000
b1010 ,
b1010 X
b11001010 e
1.
#189468000
0.
#189486000
b1011 X
b1011 ,
b11001011 e
1.
#189504000
0.
#189522000
b1100 ,
b1100 X
b11001100 e
1.
#189540000
0.
#189558000
b1101 X
b1101 ,
b11001101 e
1.
#189576000
0.
#189594000
19
b1110 ,
b1110 X
b11001110 e
1.
#189612000
0.
#189630000
09
b1110 S
b110 J
b0 X
1-
b0 ,
b11001111 e
1.
#189648000
0.
#189666000
0-
b1 ,
b1 X
b11010000 e
1.
#189684000
0.
#189702000
b10 X
b10 ,
b11010001 e
1.
#189720000
0.
#189738000
b11 ,
b11 X
b11010010 e
1.
#189756000
0.
#189774000
b100 X
b100 ,
b11010011 e
1.
#189792000
0.
#189810000
b101 ,
b101 X
b11010100 e
1.
#189828000
0.
#189846000
b110 X
b110 ,
b11010101 e
1.
#189864000
0.
#189882000
b111 ,
b111 X
b11010110 e
1.
#189900000
0.
#189918000
b1000 X
b1000 ,
b11010111 e
1.
#189936000
0.
#189954000
b1001 ,
b1001 X
b11011000 e
1.
#189972000
0.
#189990000
b1010 X
b1010 ,
b11011001 e
1.
#190008000
0.
#190026000
b1011 ,
b1011 X
b11011010 e
1.
#190044000
0.
#190062000
b1100 X
b1100 ,
b11011011 e
1.
#190080000
0.
#190098000
b1101 ,
b1101 X
b11011100 e
1.
#190116000
0.
#190134000
19
b1110 X
b1110 ,
b11011101 e
1.
#190152000
0.
#190170000
09
b10 R
1-
b0 ,
b0 X
b111 J
b1111 S
b11011110 e
1.
#190188000
0.
#190206000
b1 X
0-
b1 ,
b11011111 e
1.
#190224000
0.
#190242000
b10 ,
b10 X
b11100000 e
1.
#190260000
0.
#190278000
b11 X
b11 ,
b11100001 e
1.
#190296000
0.
#190314000
b100 ,
b100 X
b11100010 e
1.
#190332000
0.
#190350000
b101 X
b101 ,
b11100011 e
1.
#190368000
0.
#190386000
b110 ,
b110 X
b11100100 e
1.
#190404000
0.
#190422000
b111 X
b111 ,
b11100101 e
1.
#190440000
0.
#190458000
b1000 ,
b1000 X
b11100110 e
1.
#190476000
0.
#190494000
b1001 X
b1001 ,
b11100111 e
1.
#190512000
0.
#190530000
b1010 ,
b1010 X
b11101000 e
1.
#190548000
0.
#190566000
b1011 X
b1011 ,
b11101001 e
1.
#190584000
0.
#190602000
b1100 ,
b1100 X
b11101010 e
1.
#190620000
0.
#190638000
b1101 X
b1101 ,
b11101011 e
1.
#190656000
0.
#190674000
19
b1110 ,
b1110 X
b11101100 e
1.
#190692000
0.
#190710000
09
b10 P
b0 S
b1000 J
b0 X
1-
b0 ,
b11101101 e
1.
#190728000
0.
#190746000
0-
b1 ,
b1 X
b11101110 e
1.
#190764000
0.
#190782000
b10 X
b10 ,
b11101111 e
1.
#190800000
0.
#190818000
b11 ,
b11 X
b11110000 e
1.
#190836000
0.
#190854000
b100 X
b100 ,
b11110001 e
1.
#190872000
0.
#190890000
b101 ,
b101 X
b11110010 e
1.
#190908000
0.
#190926000
b110 X
b110 ,
b11110011 e
1.
#190944000
0.
#190962000
b111 ,
b111 X
b11110100 e
1.
#190980000
0.
#190998000
b1000 X
b1000 ,
b11110101 e
1.
#191016000
0.
#191034000
b1001 ,
b1001 X
b11110110 e
1.
#191052000
0.
#191070000
b1010 X
b1010 ,
b11110111 e
1.
#191088000
0.
#191106000
b1011 ,
b1011 X
b11111000 e
1.
#191124000
0.
#191142000
b1100 X
b1100 ,
b11111001 e
1.
#191160000
0.
#191178000
b1101 ,
b1101 X
b11111010 e
1.
#191196000
0.
#191214000
19
b1110 X
b1110 ,
b11111011 e
1.
#191232000
0.
#191250000
09
1-
b0 ,
b0 X
b1001 J
b1 S
b11111100 e
1.
#191268000
0.
#191286000
b1 X
0-
b1 ,
b11111101 e
1.
#191304000
0.
#191322000
b10 ,
b10 X
b11111110 e
1.
#191340000
0.
#191358000
b11 X
b11 ,
b11111111 e
1.
#191376000
0.
#191394000
b100 ,
b100 X
b100000000 e
1.
#191412000
0.
#191430000
b101 X
b101 ,
b100000001 e
1.
#191448000
0.
#191466000
b110 ,
b110 X
b100000010 e
1.
#191484000
0.
#191502000
b111 X
b111 ,
b100000011 e
1.
#191520000
0.
#191538000
b1000 ,
b1000 X
b100000100 e
1.
#191556000
0.
#191574000
b1001 X
b1001 ,
b100000101 e
1.
#191592000
0.
#191610000
b1010 ,
b1010 X
b100000110 e
1.
#191628000
0.
#191646000
b1011 X
b1011 ,
b100000111 e
1.
#191664000
0.
#191682000
b1100 ,
b1100 X
b100001000 e
1.
#191700000
0.
#191718000
b1101 X
b1101 ,
b100001001 e
1.
#191736000
0.
#191754000
19
b1110 ,
b1110 X
b100001010 e
1.
#191772000
0.
#191790000
09
b10 S
b1010 J
b0 X
1-
b0 ,
b100001011 e
1.
#191808000
0.
#191826000
0-
b1 ,
b1 X
b100001100 e
1.
#191844000
0.
#191862000
b10 X
b10 ,
b100001101 e
1.
#191880000
0.
#191898000
b11 ,
b11 X
b100001110 e
1.
#191916000
0.
#191934000
b100 X
b100 ,
b100001111 e
1.
#191952000
0.
#191970000
b101 ,
b101 X
b100010000 e
1.
#191988000
0.
#192006000
b110 X
b110 ,
b100010001 e
1.
#192024000
0.
#192042000
b111 ,
b111 X
b100010010 e
1.
#192060000
0.
#192078000
b1000 X
b1000 ,
b100010011 e
1.
#192096000
0.
#192114000
b1001 ,
b1001 X
b100010100 e
1.
#192132000
0.
#192150000
b1010 X
b1010 ,
b100010101 e
1.
#192168000
0.
#192186000
b1011 ,
b1011 X
b100010110 e
1.
#192204000
0.
#192222000
b1100 X
b1100 ,
b100010111 e
1.
#192240000
0.
#192258000
b1101 ,
b1101 X
b100011000 e
1.
#192276000
0.
#192294000
19
b1110 X
b1110 ,
b100011001 e
1.
#192312000
0.
#192330000
09
1-
b0 ,
b0 X
b1011 J
b11 S
b100011010 e
1.
#192348000
0.
#192366000
b1 X
0-
b1 ,
b100011011 e
1.
#192384000
0.
#192402000
b10 ,
b10 X
b100011100 e
1.
#192420000
0.
#192438000
b11 X
b11 ,
b100011101 e
1.
#192456000
0.
#192474000
b100 ,
b100 X
b100011110 e
1.
#192492000
0.
#192510000
b101 X
b101 ,
b100011111 e
1.
#192528000
0.
#192546000
b110 ,
b110 X
b100100000 e
1.
#192564000
0.
#192582000
b111 X
b111 ,
b100100001 e
1.
#192600000
0.
#192618000
b1000 ,
b1000 X
b100100010 e
1.
#192636000
0.
#192654000
b1001 X
b1001 ,
b100100011 e
1.
#192672000
0.
#192690000
b1010 ,
b1010 X
b100100100 e
1.
#192708000
0.
#192726000
b1011 X
b1011 ,
b100100101 e
1.
#192744000
0.
#192762000
b1100 ,
b1100 X
b100100110 e
1.
#192780000
0.
#192798000
b1101 X
b1101 ,
b100100111 e
1.
#192816000
0.
#192834000
19
b1110 ,
b1110 X
b100101000 e
1.
#192852000
0.
#192870000
09
b100 S
b1100 J
b0 X
1-
b0 ,
b100101001 e
1.
#192888000
0.
#192906000
0-
b1 ,
b1 X
b100101010 e
1.
#192924000
0.
#192942000
b10 X
b10 ,
b100101011 e
1.
#192960000
0.
#192978000
b11 ,
b11 X
b100101100 e
1.
#192996000
0.
#193014000
b100 X
b100 ,
b100101101 e
1.
#193032000
0.
#193050000
b101 ,
b101 X
b100101110 e
1.
#193068000
0.
#193086000
b110 X
b110 ,
b100101111 e
1.
#193104000
0.
#193122000
b111 ,
b111 X
b100110000 e
1.
#193140000
0.
#193158000
b1000 X
b1000 ,
b100110001 e
1.
#193176000
0.
#193194000
b1001 ,
b1001 X
b100110010 e
1.
#193212000
0.
#193230000
b1010 X
b1010 ,
b100110011 e
1.
#193248000
0.
#193266000
b1011 ,
b1011 X
b100110100 e
1.
#193284000
0.
#193302000
b1100 X
b1100 ,
b100110101 e
1.
#193320000
0.
#193338000
b1101 ,
b1101 X
b100110110 e
1.
#193356000
0.
#193374000
19
b1110 X
b1110 ,
b100110111 e
1.
#193392000
0.
#193410000
09
1-
b0 ,
b0 X
b1101 J
b101 S
b100111000 e
1.
#193428000
0.
#193446000
b1 X
0-
b1 ,
b100111001 e
1.
#193464000
0.
#193482000
b10 ,
b10 X
b100111010 e
1.
#193500000
0.
#193518000
b11 X
b11 ,
b100111011 e
1.
#193536000
0.
#193554000
b100 ,
b100 X
b100111100 e
1.
#193572000
0.
#193590000
b101 X
b101 ,
b100111101 e
1.
#193608000
0.
#193626000
b110 ,
b110 X
b100111110 e
1.
#193644000
0.
#193662000
b111 X
b111 ,
b100111111 e
1.
#193680000
0.
#193698000
b1000 ,
b1000 X
b101000000 e
1.
#193716000
0.
#193734000
b1001 X
b1001 ,
b101000001 e
1.
#193752000
0.
#193770000
b1010 ,
b1010 X
b101000010 e
1.
#193788000
0.
#193806000
b1011 X
b1011 ,
b101000011 e
1.
#193824000
0.
#193842000
b1100 ,
b1100 X
b101000100 e
1.
#193860000
0.
#193878000
b1101 X
b1101 ,
b101000101 e
1.
#193896000
0.
#193914000
19
b1110 ,
b1110 X
b101000110 e
1.
#193932000
0.
#193950000
09
b110 S
b1110 J
b0 X
1-
b0 ,
b101000111 e
1.
#193968000
0.
#193986000
0-
b1 ,
b1 X
b101001000 e
1.
#194004000
0.
#194022000
b10 X
b10 ,
b101001001 e
1.
#194040000
0.
#194058000
b11 ,
b11 X
b101001010 e
1.
#194076000
0.
#194094000
b100 X
b100 ,
b101001011 e
1.
#194112000
0.
#194130000
b101 ,
b101 X
b101001100 e
1.
#194148000
0.
#194166000
b110 X
b110 ,
b101001101 e
1.
#194184000
0.
#194202000
b111 ,
b111 X
b101001110 e
1.
#194220000
0.
#194238000
b1000 X
b1000 ,
b101001111 e
1.
#194256000
0.
#194274000
b1001 ,
b1001 X
b101010000 e
1.
#194292000
0.
#194310000
b1010 X
b1010 ,
b101010001 e
1.
#194328000
0.
#194346000
b1011 ,
b1011 X
b101010010 e
1.
#194364000
0.
#194382000
b1100 X
b1100 ,
b101010011 e
1.
#194400000
0.
#194418000
b1101 ,
b1101 X
b101010100 e
1.
#194436000
0.
#194454000
19
b1110 X
b1110 ,
b101010101 e
1.
#194472000
0.
#194490000
09
1-
b0 ,
b0 X
b1111 J
b111 S
b101010110 e
1.
#194508000
0.
#194526000
b1 X
0-
b1 ,
b101010111 e
1.
#194544000
0.
#194562000
b10 ,
b10 X
b101011000 e
1.
#194580000
0.
#194598000
b11 X
b11 ,
b101011001 e
1.
#194616000
0.
#194634000
b100 ,
b100 X
b101011010 e
1.
#194652000
0.
#194670000
b101 X
b101 ,
b101011011 e
1.
#194688000
0.
#194706000
b110 ,
b110 X
b101011100 e
1.
#194724000
0.
#194742000
b111 X
b111 ,
b101011101 e
1.
#194760000
0.
#194778000
b1000 ,
b1000 X
b101011110 e
1.
#194796000
0.
#194814000
b1001 X
b1001 ,
b101011111 e
1.
#194832000
0.
#194850000
b1010 ,
b1010 X
b101100000 e
1.
#194868000
0.
#194886000
b1011 X
b1011 ,
b101100001 e
1.
#194904000
0.
#194922000
b1100 ,
b1100 X
b101100010 e
1.
#194940000
0.
#194958000
b1101 X
b1101 ,
b101100011 e
1.
#194976000
0.
#194994000
19
b1110 ,
b1110 X
b101100100 e
1.
#195012000
0.
#195030000
09
b1000 S
b1 D
b0 J
b0 X
1-
b0 ,
b101100101 e
1.
#195048000
0.
#195066000
0-
b1 ,
b1 X
b101100110 e
1.
#195084000
0.
#195102000
b10 X
b10 ,
b101100111 e
1.
#195120000
0.
#195138000
b11 ,
b11 X
b101101000 e
1.
#195156000
0.
#195174000
b100 X
b100 ,
b101101001 e
1.
#195192000
0.
#195210000
b101 ,
b101 X
b101101010 e
1.
#195228000
0.
#195246000
b110 X
b110 ,
b101101011 e
1.
#195264000
0.
#195282000
b111 ,
b111 X
b101101100 e
1.
#195300000
0.
#195318000
b1000 X
b1000 ,
b101101101 e
1.
#195336000
0.
#195354000
b1001 ,
b1001 X
b101101110 e
1.
#195372000
0.
#195390000
b1010 X
b1010 ,
b101101111 e
1.
#195408000
0.
#195426000
b1011 ,
b1011 X
b101110000 e
1.
#195444000
0.
#195462000
b1100 X
b1100 ,
b101110001 e
1.
#195480000
0.
#195498000
b1101 ,
b1101 X
b101110010 e
1.
#195516000
0.
#195534000
19
b1110 X
b1110 ,
b101110011 e
1.
#195552000
0.
#195570000
09
1-
b0 ,
b0 X
b1 J
b1001 S
b101110100 e
1.
#195588000
0.
#195606000
b1 X
0-
b1 ,
b101110101 e
1.
#195624000
0.
#195642000
b10 ,
b10 X
b101110110 e
1.
#195660000
0.
#195678000
b11 X
b11 ,
b101110111 e
1.
#195696000
0.
#195714000
b100 ,
b100 X
b101111000 e
1.
#195732000
0.
#195750000
b101 X
b101 ,
b101111001 e
1.
#195768000
0.
#195786000
b110 ,
b110 X
b101111010 e
1.
#195804000
0.
#195822000
b111 X
b111 ,
b101111011 e
1.
#195840000
0.
#195858000
b1000 ,
b1000 X
b101111100 e
1.
#195876000
0.
#195894000
b1001 X
b1001 ,
b101111101 e
1.
#195912000
0.
#195930000
b1010 ,
b1010 X
b101111110 e
1.
#195948000
0.
#195966000
b1011 X
b1011 ,
b101111111 e
1.
#195984000
0.
#196002000
b1100 ,
b1100 X
b110000000 e
1.
#196020000
0.
#196038000
b1101 X
b1101 ,
b110000001 e
1.
#196056000
0.
#196074000
19
b1110 ,
b1110 X
b110000010 e
1.
#196092000
0.
#196110000
09
b1010 S
b10 J
b0 X
1-
b0 ,
b110000011 e
1.
#196128000
0.
#196146000
0-
b1 ,
b1 X
b110000100 e
1.
#196164000
0.
#196182000
b10 X
b10 ,
b110000101 e
1.
#196200000
0.
#196218000
b11 ,
b11 X
b110000110 e
1.
#196236000
0.
#196254000
b100 X
b100 ,
b110000111 e
1.
#196272000
0.
#196290000
b101 ,
b101 X
b110001000 e
1.
#196308000
0.
#196326000
b110 X
b110 ,
b110001001 e
1.
#196344000
0.
#196362000
b111 ,
b111 X
b110001010 e
1.
#196380000
0.
#196398000
b1000 X
b1000 ,
b110001011 e
1.
#196416000
0.
#196434000
b1001 ,
b1001 X
b110001100 e
1.
#196452000
0.
#196470000
b1010 X
b1010 ,
b110001101 e
1.
#196488000
0.
#196506000
b1011 ,
b1011 X
b110001110 e
1.
#196524000
0.
#196542000
b1100 X
b1100 ,
b110001111 e
1.
#196560000
0.
#196578000
b1101 ,
b1101 X
b110010000 e
1.
#196596000
0.
#196614000
19
b1110 X
b1110 ,
b110010001 e
1.
#196632000
0.
#196650000
09
1-
b0 ,
b0 X
b11 J
b1011 S
b110010010 e
1.
#196668000
0.
#196686000
b1 X
0-
b1 ,
b110010011 e
1.
#196704000
0.
#196722000
b10 ,
b10 X
b110010100 e
1.
#196740000
0.
#196758000
b11 X
b11 ,
b110010101 e
1.
#196776000
0.
#196794000
b100 ,
b100 X
b110010110 e
1.
#196812000
0.
#196830000
b101 X
b101 ,
b110010111 e
1.
#196848000
0.
#196866000
b110 ,
b110 X
b110011000 e
1.
#196884000
0.
#196902000
b111 X
b111 ,
b110011001 e
1.
#196920000
0.
#196938000
b1000 ,
b1000 X
b110011010 e
1.
#196956000
0.
#196974000
b1001 X
b1001 ,
b110011011 e
1.
#196992000
0.
#197010000
b1010 ,
b1010 X
b110011100 e
1.
#197028000
0.
#197046000
b1011 X
b1011 ,
b110011101 e
1.
#197064000
0.
#197082000
b1100 ,
b1100 X
b110011110 e
1.
#197100000
0.
#197118000
b1101 X
b1101 ,
b110011111 e
1.
#197136000
0.
#197154000
19
b1110 ,
b1110 X
b110100000 e
1.
#197172000
0.
#197190000
09
b1100 S
b100 J
b0 X
1-
b0 ,
b110100001 e
1.
#197208000
0.
#197226000
0-
b1 ,
b1 X
b110100010 e
1.
#197244000
0.
#197262000
b10 X
b10 ,
b110100011 e
1.
#197280000
0.
#197298000
b11 ,
b11 X
b110100100 e
1.
#197316000
0.
#197334000
b100 X
b100 ,
b110100101 e
1.
#197352000
0.
#197370000
b101 ,
b101 X
b110100110 e
1.
#197388000
0.
#197406000
b110 X
b110 ,
b110100111 e
1.
#197424000
0.
#197442000
b111 ,
b111 X
b110101000 e
1.
#197460000
0.
#197478000
b1000 X
b1000 ,
b110101001 e
1.
#197496000
0.
#197514000
b1001 ,
b1001 X
b110101010 e
1.
#197532000
0.
#197550000
b1010 X
b1010 ,
b110101011 e
1.
#197568000
0.
#197586000
b1011 ,
b1011 X
b110101100 e
1.
#197604000
0.
#197622000
b1100 X
b1100 ,
b110101101 e
1.
#197640000
0.
#197658000
b1101 ,
b1101 X
b110101110 e
1.
#197676000
0.
#197694000
19
b1110 X
b1110 ,
b110101111 e
1.
#197712000
0.
#197730000
09
1-
b0 ,
b0 X
b101 J
b1101 S
b110110000 e
1.
#197748000
0.
#197766000
b1 X
0-
b1 ,
b110110001 e
1.
#197784000
0.
#197802000
b10 ,
b10 X
b110110010 e
1.
#197820000
0.
#197838000
b11 X
b11 ,
b110110011 e
1.
#197856000
0.
#197874000
b100 ,
b100 X
b110110100 e
1.
#197892000
0.
#197910000
b101 X
b101 ,
b110110101 e
1.
#197928000
0.
#197946000
b110 ,
b110 X
b110110110 e
1.
#197964000
0.
#197982000
b111 X
b111 ,
b110110111 e
1.
#198000000
0.
#198018000
b1000 ,
b1000 X
b110111000 e
1.
#198036000
0.
#198054000
b1001 X
b1001 ,
b110111001 e
1.
#198072000
0.
#198090000
b1010 ,
b1010 X
b110111010 e
1.
#198108000
0.
#198126000
b1011 X
b1011 ,
b110111011 e
1.
#198144000
0.
#198162000
b1100 ,
b1100 X
b110111100 e
1.
#198180000
0.
#198198000
b1101 X
b1101 ,
b110111101 e
1.
#198216000
0.
#198234000
19
b1110 ,
b1110 X
b110111110 e
1.
#198252000
0.
#198270000
09
b1110 S
b110 J
b0 X
1-
b0 ,
b110111111 e
1.
#198288000
0.
#198306000
0-
b1 ,
b1 X
b111000000 e
1.
#198324000
0.
#198342000
b10 X
b10 ,
b111000001 e
1.
#198360000
0.
#198378000
b11 ,
b11 X
b111000010 e
1.
#198396000
0.
#198414000
b100 X
b100 ,
b111000011 e
1.
#198432000
0.
#198450000
b101 ,
b101 X
b111000100 e
1.
#198468000
0.
#198486000
b110 X
b110 ,
b111000101 e
1.
#198504000
0.
#198522000
b111 ,
b111 X
b111000110 e
1.
#198540000
0.
#198558000
b1000 X
b1000 ,
b111000111 e
1.
#198576000
0.
#198594000
b1001 ,
b1001 X
b111001000 e
1.
#198612000
0.
#198630000
b1010 X
b1010 ,
b111001001 e
1.
#198648000
0.
#198666000
b1011 ,
b1011 X
b111001010 e
1.
#198684000
0.
#198702000
b1100 X
b1100 ,
b111001011 e
1.
#198720000
0.
#198738000
b1101 ,
b1101 X
b111001100 e
1.
#198756000
0.
#198774000
19
b1110 X
b1110 ,
b111001101 e
1.
#198792000
0.
#198810000
09
1-
b0 ,
b0 X
b111 J
b1111 S
b111001110 e
1.
#198828000
0.
#198846000
b1 X
0-
b1 ,
b111001111 e
1.
#198864000
0.
#198882000
b10 ,
b10 X
b111010000 e
1.
#198900000
0.
#198918000
b11 X
b11 ,
b111010001 e
1.
#198936000
0.
#198954000
b100 ,
b100 X
b111010010 e
1.
#198972000
0.
#198990000
b101 X
b101 ,
b111010011 e
1.
#199008000
0.
#199026000
b110 ,
b110 X
b111010100 e
1.
#199044000
0.
#199062000
b111 X
b111 ,
b111010101 e
1.
#199080000
0.
#199098000
b1000 ,
b1000 X
b111010110 e
1.
#199116000
0.
#199134000
b1001 X
b1001 ,
b111010111 e
1.
#199152000
0.
#199170000
b1010 ,
b1010 X
b111011000 e
1.
#199188000
0.
#199206000
b1011 X
b1011 ,
b111011001 e
1.
#199224000
0.
#199242000
b1100 ,
b1100 X
b111011010 e
1.
#199260000
0.
#199278000
b1101 X
b1101 ,
b111011011 e
1.
#199296000
0.
#199314000
19
b1110 ,
b1110 X
b111011100 e
1.
#199332000
0.
#199350000
09
b1 Q
b0 S
b1000 J
b0 X
1-
b0 ,
b111011101 e
1.
#199368000
0.
#199386000
1"
0-
b1 ,
b1 X
1!
b111011110 e
1.
#199404000
0.
#199422000
1G
b10 X
b10 ,
b111011111 e
1.
#199440000
0.
#199458000
b11 ,
b11 X
1H
b111100000 e
1.
#199476000
0.
#199494000
1I
b100 X
b100 ,
b111100001 e
1.
#199512000
0.
#199530000
b101 ,
b101 X
b111100010 e
1.
#199548000
0.
#199566000
b110 X
b110 ,
b111100011 e
1.
#199584000
0.
#199602000
b111 ,
b111 X
b111100100 e
1.
#199620000
0.
#199638000
b1000 X
b1000 ,
b111100101 e
1.
#199656000
0.
#199674000
b1001 ,
b1001 X
b111100110 e
1.
#199692000
0.
#199710000
b1010 X
b1010 ,
b111100111 e
1.
#199728000
0.
#199746000
b1011 ,
b1011 X
b111101000 e
1.
#199764000
0.
#199782000
b1100 X
b1100 ,
b111101001 e
1.
#199800000
0.
#199818000
b1101 ,
b1101 X
b111101010 e
1.
#199836000
0.
#199854000
19
b1110 X
b1110 ,
b111101011 e
1.
#199872000
0.
#199890000
09
1-
b0 ,
b0 X
b1001 J
b1 S
b111101100 e
1.
#199908000
0.
#199926000
b1 X
0-
b1 ,
b111101101 e
1.
#199944000
0.
#199962000
b10 ,
b10 X
b111101110 e
1.
#199980000
0.
#199998000
b11 X
b11 ,
b111101111 e
1.
#200016000
0.
#200034000
b100 ,
b100 X
b111110000 e
1.
#200052000
0.
#200070000
b101 X
b101 ,
b111110001 e
1.
#200088000
0.
#200106000
b110 ,
b110 X
b111110010 e
1.
#200124000
0.
#200142000
b111 X
b111 ,
b111110011 e
1.
#200160000
0.
#200178000
b1000 ,
b1000 X
b111110100 e
1.
#200196000
0.
#200214000
b1001 X
b1001 ,
b111110101 e
1.
#200232000
0.
#200250000
b1010 ,
b1010 X
b111110110 e
1.
#200268000
0.
#200286000
b1011 X
b1011 ,
b111110111 e
1.
#200304000
0.
#200322000
b1100 ,
b1100 X
b111111000 e
1.
#200340000
0.
#200358000
b1101 X
b1101 ,
b111111001 e
1.
#200376000
0.
#200394000
19
b1110 ,
b1110 X
b111111010 e
1.
#200412000
0.
#200430000
09
b10 S
b1010 J
b0 X
1-
b0 ,
b111111011 e
1.
#200448000
0.
#200466000
0-
b1 ,
b1 X
b111111100 e
1.
#200484000
0.
#200502000
b10 X
b10 ,
b111111101 e
1.
#200520000
0.
#200538000
b11 ,
b11 X
b111111110 e
1.
#200556000
0.
#200574000
b100 X
b100 ,
b111111111 e
1.
#200592000
0.
#200610000
b101 ,
b101 X
b1000000000 e
1.
#200628000
0.
#200646000
b110 X
b110 ,
b1000000001 e
1.
#200664000
0.
#200682000
b111 ,
b111 X
b1000000010 e
1.
#200700000
0.
#200718000
b1000 X
b1000 ,
b1000000011 e
1.
#200736000
0.
#200754000
b1001 ,
b1001 X
b1000000100 e
1.
#200772000
0.
#200790000
b1010 X
b1010 ,
b1000000101 e
1.
#200808000
0.
#200826000
b1011 ,
b1011 X
b1000000110 e
1.
#200844000
0.
#200862000
b1100 X
b1100 ,
b1000000111 e
1.
#200880000
0.
#200898000
b1101 ,
b1101 X
b1000001000 e
1.
#200916000
0.
#200934000
19
b1110 X
b1110 ,
b1000001001 e
1.
#200952000
0.
#200970000
09
1-
b0 ,
b0 X
b1011 J
b11 S
b1000001010 e
1.
#200988000
0.
#201006000
b1 X
0-
b1 ,
b1000001011 e
1.
#201024000
0.
#201042000
b10 ,
b10 X
b1000001100 e
1.
#201060000
0.
#201078000
b11 X
b11 ,
b1000001101 e
1.
#201096000
0.
#201114000
b100 ,
b100 X
b1000001110 e
1.
#201132000
0.
#201150000
b101 X
b101 ,
b1000001111 e
1.
#201168000
0.
#201186000
b110 ,
b110 X
b1000010000 e
1.
#201204000
0.
#201222000
b111 X
b111 ,
b1000010001 e
1.
#201240000
0.
#201258000
b1000 ,
b1000 X
b1000010010 e
1.
#201276000
0.
#201294000
b1001 X
b1001 ,
b1000010011 e
1.
#201312000
0.
#201330000
b1010 ,
b1010 X
b1000010100 e
1.
#201348000
0.
#201366000
b1011 X
b1011 ,
b1000010101 e
1.
#201384000
0.
#201402000
b1100 ,
b1100 X
b1000010110 e
1.
#201420000
0.
#201438000
b1101 X
b1101 ,
b1000010111 e
1.
#201456000
0.
#201474000
19
b1110 ,
b1110 X
b1000011000 e
1.
#201492000
0.
#201510000
09
b100 S
b1100 J
b0 X
1-
b0 ,
b1000011001 e
1.
#201528000
0.
#201546000
0-
b1 ,
b1 X
b1000011010 e
1.
#201564000
0.
#201582000
b10 X
b10 ,
b1000011011 e
1.
#201600000
0.
#201618000
b11 ,
b11 X
b1000011100 e
1.
#201636000
0.
#201654000
b100 X
b100 ,
b1000011101 e
1.
#201672000
0.
#201690000
b101 ,
b101 X
b1000011110 e
1.
#201708000
0.
#201726000
b110 X
b110 ,
b1000011111 e
1.
#201744000
0.
#201762000
b111 ,
b111 X
b1000100000 e
1.
#201780000
0.
#201798000
b1000 X
b1000 ,
b1000100001 e
1.
#201816000
0.
#201834000
b1001 ,
b1001 X
b1000100010 e
1.
#201852000
0.
#201870000
b1010 X
b1010 ,
b1000100011 e
1.
#201888000
0.
#201906000
b1011 ,
b1011 X
b1000100100 e
1.
#201924000
0.
#201942000
b1100 X
b1100 ,
b1000100101 e
1.
#201960000
0.
#201978000
b1101 ,
b1101 X
b1000100110 e
1.
#201996000
0.
#202014000
19
b1110 X
b1110 ,
b1000100111 e
1.
#202032000
0.
#202050000
09
1-
b0 ,
b0 X
b1101 J
b101 S
b1000101000 e
1.
#202068000
0.
#202086000
b1 X
0-
b1 ,
b1000101001 e
1.
#202104000
0.
#202122000
b10 ,
b10 X
b1000101010 e
1.
#202140000
0.
#202158000
b11 X
b11 ,
b1000101011 e
1.
#202176000
0.
#202194000
b100 ,
b100 X
b1000101100 e
1.
#202212000
0.
#202230000
b101 X
b101 ,
b1000101101 e
1.
#202248000
0.
#202266000
b110 ,
b110 X
b1000101110 e
1.
#202284000
0.
#202302000
b111 X
b111 ,
b1000101111 e
1.
#202320000
0.
#202338000
b1000 ,
b1000 X
b1000110000 e
1.
#202356000
0.
#202374000
b1001 X
b1001 ,
b1000110001 e
1.
#202392000
0.
#202410000
b1010 ,
b1010 X
b1000110010 e
1.
#202428000
0.
#202446000
b1011 X
b1011 ,
b1000110011 e
1.
#202464000
0.
#202482000
b1100 ,
b1100 X
b1000110100 e
1.
#202500000
0.
#202518000
b1101 X
b1101 ,
b1000110101 e
1.
#202536000
0.
#202554000
19
b1110 ,
b1110 X
b1000110110 e
1.
#202572000
0.
#202590000
09
b110 S
b1110 J
b0 X
1-
b0 ,
b1000110111 e
1.
#202608000
0.
#202626000
0-
b1 ,
b1 X
b1000111000 e
1.
#202644000
0.
#202662000
b10 X
b10 ,
b1000111001 e
1.
#202680000
0.
#202698000
b11 ,
b11 X
b1000111010 e
1.
#202716000
0.
#202734000
b100 X
b100 ,
b1000111011 e
1.
#202752000
0.
#202770000
b101 ,
b101 X
b1000111100 e
1.
#202788000
0.
#202806000
b110 X
b110 ,
b1000111101 e
1.
#202824000
0.
#202842000
b111 ,
b111 X
b1000111110 e
1.
#202860000
0.
#202878000
b1000 X
b1000 ,
b1000111111 e
1.
#202896000
0.
#202914000
b1001 ,
b1001 X
b1001000000 e
1.
#202932000
0.
#202950000
b1010 X
b1010 ,
b1001000001 e
1.
#202968000
0.
#202986000
b1011 ,
b1011 X
b1001000010 e
1.
#203004000
0.
#203022000
b1100 X
b1100 ,
b1001000011 e
1.
#203040000
0.
#203058000
b1101 ,
b1101 X
b1001000100 e
1.
#203076000
0.
#203094000
19
b1110 X
b1110 ,
b1001000101 e
1.
#203112000
0.
#203130000
09
1-
b0 ,
b0 X
b1111 J
b111 S
b1001000110 e
1.
#203148000
0.
#203166000
b1 X
0-
b1 ,
b1001000111 e
1.
#203184000
0.
#203202000
b10 ,
b10 X
b1001001000 e
1.
#203220000
0.
#203238000
b11 X
b11 ,
b1001001001 e
1.
#203256000
0.
#203274000
b100 ,
b100 X
b1001001010 e
1.
#203292000
0.
#203310000
b101 X
b101 ,
b1001001011 e
1.
#203328000
0.
#203346000
b110 ,
b110 X
b1001001100 e
1.
#203364000
0.
#203382000
b111 X
b111 ,
b1001001101 e
1.
#203400000
0.
#203418000
b1000 ,
b1000 X
b1001001110 e
1.
#203436000
0.
#203454000
b1001 X
b1001 ,
b1001001111 e
1.
#203472000
0.
#203490000
b1010 ,
b1010 X
b1001010000 e
1.
#203508000
0.
#203526000
b1011 X
b1011 ,
b1001010001 e
1.
#203544000
0.
#203562000
b1100 ,
b1100 X
b1001010010 e
1.
#203580000
0.
#203598000
b1101 X
b1101 ,
b1001010011 e
1.
#203616000
0.
#203634000
19
b1110 ,
b1110 X
b1001010100 e
1.
#203652000
0.
#203670000
09
b1000 S
b10 D
b0 J
b10 %
b10 8
b10 E
b0 X
1-
b0 ,
b1001010101 e
1.
#203688000
0.
#203706000
0-
b1 ,
b1 X
b1001010110 e
1.
#203724000
0.
#203742000
b10 X
b10 ,
b1001010111 e
1.
#203760000
0.
#203778000
b11 ,
b11 X
b1001011000 e
1.
#203796000
0.
#203814000
b100 X
b100 ,
b1001011001 e
1.
#203832000
0.
#203850000
b101 ,
b101 X
b1001011010 e
1.
#203868000
0.
#203886000
b110 X
b110 ,
b1001011011 e
1.
#203904000
0.
#203922000
b111 ,
b111 X
b1001011100 e
1.
#203940000
0.
#203958000
b1000 X
b1000 ,
b1001011101 e
1.
#203976000
0.
#203994000
b1001 ,
b1001 X
b1001011110 e
1.
#204012000
0.
#204030000
b1010 X
b1010 ,
b1001011111 e
1.
#204048000
0.
#204066000
b1011 ,
b1011 X
b1001100000 e
1.
#204084000
0.
#204102000
b1100 X
b1100 ,
b1001100001 e
1.
#204120000
0.
#204138000
b1101 ,
b1101 X
b1001100010 e
1.
#204156000
0.
#204174000
19
b1110 X
b1110 ,
b1001100011 e
1.
#204192000
0.
#204210000
09
1-
b0 ,
b0 X
b1 J
b1001 S
b1001100100 e
1.
#204228000
0.
#204246000
b1 X
0-
b1 ,
b1001100101 e
1.
#204264000
0.
#204282000
b10 ,
b10 X
b1001100110 e
1.
#204300000
0.
#204318000
b11 X
b11 ,
b1001100111 e
1.
#204336000
0.
#204354000
b100 ,
b100 X
b1001101000 e
1.
#204372000
0.
#204390000
b101 X
b101 ,
b1001101001 e
1.
#204408000
0.
#204426000
b110 ,
b110 X
b1001101010 e
1.
#204444000
0.
#204462000
b111 X
b111 ,
b1001101011 e
1.
#204480000
0.
#204498000
b1000 ,
b1000 X
b1001101100 e
1.
#204516000
0.
#204534000
b1001 X
b1001 ,
b1001101101 e
1.
#204552000
0.
#204570000
b1010 ,
b1010 X
b1001101110 e
1.
#204588000
0.
#204606000
b1011 X
b1011 ,
b1001101111 e
1.
#204624000
0.
#204642000
b1100 ,
b1100 X
b1001110000 e
1.
#204660000
0.
#204678000
b1101 X
b1101 ,
b1001110001 e
1.
#204696000
0.
#204714000
19
b1110 ,
b1110 X
b1001110010 e
1.
#204732000
0.
#204750000
09
b1010 S
b10 J
b0 X
1-
b0 ,
b1001110011 e
1.
#204768000
0.
#204786000
0-
b1 ,
b1 X
b1001110100 e
1.
#204804000
0.
#204822000
b10 X
b10 ,
b1001110101 e
1.
#204840000
0.
#204858000
b11 ,
b11 X
b1001110110 e
1.
#204876000
0.
#204894000
b100 X
b100 ,
b1001110111 e
1.
#204912000
0.
#204930000
b101 ,
b101 X
b1001111000 e
1.
#204948000
0.
#204966000
b110 X
b110 ,
b1001111001 e
1.
#204984000
0.
#205002000
b111 ,
b111 X
b1001111010 e
1.
#205020000
0.
#205038000
b1000 X
b1000 ,
b1001111011 e
1.
#205056000
0.
#205074000
b1001 ,
b1001 X
b1001111100 e
1.
#205092000
0.
#205110000
b1010 X
b1010 ,
b1001111101 e
1.
#205128000
0.
#205146000
b1011 ,
b1011 X
b1001111110 e
1.
#205164000
0.
#205182000
b1100 X
b1100 ,
b1001111111 e
1.
#205200000
0.
#205218000
b1101 ,
b1101 X
b1010000000 e
1.
#205236000
0.
#205254000
19
b1110 X
b1110 ,
b1010000001 e
1.
#205272000
0.
#205290000
09
1-
b0 ,
b0 X
b11 J
b1011 S
b1010000010 e
1.
#205308000
0.
#205326000
b1 X
0-
b1 ,
b1010000011 e
1.
#205344000
0.
#205362000
b10 ,
b10 X
b1010000100 e
1.
#205380000
0.
#205398000
b11 X
b11 ,
b1010000101 e
1.
#205416000
0.
#205434000
b100 ,
b100 X
b1010000110 e
1.
#205452000
0.
#205470000
b101 X
b101 ,
b1010000111 e
1.
#205488000
0.
#205506000
b110 ,
b110 X
b1010001000 e
1.
#205524000
0.
#205542000
b111 X
b111 ,
b1010001001 e
1.
#205560000
0.
#205578000
b1000 ,
b1000 X
b1010001010 e
1.
#205596000
0.
#205614000
b1001 X
b1001 ,
b1010001011 e
1.
#205632000
0.
#205650000
b1010 ,
b1010 X
b1010001100 e
1.
#205668000
0.
#205686000
b1011 X
b1011 ,
b1010001101 e
1.
#205704000
0.
#205722000
b1100 ,
b1100 X
b1010001110 e
1.
#205740000
0.
#205758000
b1101 X
b1101 ,
b1010001111 e
1.
#205776000
0.
#205794000
19
b1110 ,
b1110 X
b1010010000 e
1.
#205812000
0.
#205830000
09
b1100 S
b100 J
b0 X
1-
b0 ,
b1010010001 e
1.
#205848000
0.
#205866000
0-
b1 ,
b1 X
b1010010010 e
1.
#205884000
0.
#205902000
b10 X
b10 ,
b1010010011 e
1.
#205920000
0.
#205938000
b11 ,
b11 X
b1010010100 e
1.
#205956000
0.
#205974000
b100 X
b100 ,
b1010010101 e
1.
#205992000
0.
#206010000
b101 ,
b101 X
b1010010110 e
1.
#206028000
0.
#206046000
b110 X
b110 ,
b1010010111 e
1.
#206064000
0.
#206082000
b111 ,
b111 X
b1010011000 e
1.
#206100000
0.
#206118000
b1000 X
b1000 ,
b1010011001 e
1.
#206136000
0.
#206154000
b1001 ,
b1001 X
b1010011010 e
1.
#206172000
0.
#206190000
b1010 X
b1010 ,
b1010011011 e
1.
#206208000
0.
#206226000
b1011 ,
b1011 X
b1010011100 e
1.
#206244000
0.
#206262000
b1100 X
b1100 ,
b1010011101 e
1.
#206280000
0.
#206298000
b1101 ,
b1101 X
b1010011110 e
1.
#206316000
0.
#206334000
19
b1110 X
b1110 ,
b1010011111 e
1.
#206352000
0.
#206370000
09
1-
b0 ,
b0 X
b101 J
b1101 S
b1010100000 e
1.
#206388000
0.
#206406000
b1 X
0-
b1 ,
b1010100001 e
1.
#206424000
0.
#206442000
b10 ,
b10 X
b1010100010 e
1.
#206460000
0.
#206478000
b11 X
b11 ,
b1010100011 e
1.
#206496000
0.
#206514000
b100 ,
b100 X
b1010100100 e
1.
#206532000
0.
#206550000
b101 X
b101 ,
b1010100101 e
1.
#206568000
0.
#206586000
b110 ,
b110 X
b1010100110 e
1.
#206604000
0.
#206622000
b111 X
b111 ,
b1010100111 e
1.
#206640000
0.
#206658000
b1000 ,
b1000 X
b1010101000 e
1.
#206676000
0.
#206694000
b1001 X
b1001 ,
b1010101001 e
1.
#206712000
0.
#206730000
b1010 ,
b1010 X
b1010101010 e
1.
#206748000
0.
#206766000
b1011 X
b1011 ,
b1010101011 e
1.
#206784000
0.
#206802000
b1100 ,
b1100 X
b1010101100 e
1.
#206820000
0.
#206838000
b1101 X
b1101 ,
b1010101101 e
1.
#206856000
0.
#206874000
19
b1110 ,
b1110 X
b1010101110 e
1.
#206892000
0.
#206910000
09
b1110 S
b110 J
b0 X
1-
b0 ,
b1010101111 e
1.
#206928000
0.
#206946000
0-
b1 ,
b1 X
b1010110000 e
1.
#206964000
0.
#206982000
b10 X
b10 ,
b1010110001 e
1.
#207000000
0.
#207018000
b11 ,
b11 X
b1010110010 e
1.
#207036000
0.
#207054000
b100 X
b100 ,
b1010110011 e
1.
#207072000
0.
#207090000
b101 ,
b101 X
b1010110100 e
1.
#207108000
0.
#207126000
b110 X
b110 ,
b1010110101 e
1.
#207144000
0.
#207162000
b111 ,
b111 X
b1010110110 e
1.
#207180000
0.
#207198000
b1000 X
b1000 ,
b1010110111 e
1.
#207216000
0.
#207234000
b1001 ,
b1001 X
b1010111000 e
1.
#207252000
0.
#207270000
b1010 X
b1010 ,
b1010111001 e
1.
#207288000
0.
#207306000
b1011 ,
b1011 X
b1010111010 e
1.
#207324000
0.
#207342000
b1100 X
b1100 ,
b1010111011 e
1.
#207360000
0.
#207378000
b1101 ,
b1101 X
b1010111100 e
1.
#207396000
0.
#207414000
19
b1110 X
b1110 ,
b1010111101 e
1.
#207432000
0.
#207450000
09
1-
b0 ,
b0 X
b111 J
b1111 S
b1010111110 e
1.
#207468000
0.
#207486000
b1 X
0-
b1 ,
b1010111111 e
1.
#207504000
0.
#207522000
b10 ,
b10 X
b1011000000 e
1.
#207540000
0.
#207558000
b11 X
b11 ,
b1011000001 e
1.
#207576000
0.
#207594000
b100 ,
b100 X
b1011000010 e
1.
#207612000
0.
#207630000
b101 X
b101 ,
b1011000011 e
1.
#207648000
0.
#207666000
b110 ,
b110 X
b1011000100 e
1.
#207684000
0.
#207702000
b111 X
b111 ,
b1011000101 e
1.
#207720000
0.
#207738000
b1000 ,
b1000 X
b1011000110 e
1.
#207756000
0.
#207774000
b1001 X
b1001 ,
b1011000111 e
1.
#207792000
0.
#207810000
b1010 ,
b1010 X
b1011001000 e
1.
#207828000
0.
#207846000
b1011 X
b1011 ,
b1011001001 e
1.
#207864000
0.
#207882000
b1100 ,
b1100 X
b1011001010 e
1.
#207900000
0.
#207918000
b1101 X
b1101 ,
b1011001011 e
1.
#207936000
0.
#207954000
19
b1110 ,
b1110 X
b1011001100 e
1.
#207972000
0.
#207990000
09
b10 Q
b0 S
b1000 J
b0 X
1-
b0 ,
b1011001101 e
1.
#208008000
0.
#208026000
0"
0-
b1 ,
b1 X
0!
b1011001110 e
1.
#208044000
0.
#208062000
0G
b10 X
b10 ,
b1011001111 e
1.
#208080000
0.
#208098000
b11 ,
b11 X
0H
b1011010000 e
1.
#208116000
0.
#208134000
0I
b100 X
b100 ,
b1011010001 e
1.
#208152000
0.
#208170000
b101 ,
b101 X
b1011010010 e
1.
#208188000
0.
#208206000
b110 X
b110 ,
b1011010011 e
1.
#208224000
0.
#208242000
b111 ,
b111 X
b1011010100 e
1.
#208260000
0.
#208278000
b1000 X
b1000 ,
b1011010101 e
1.
#208296000
0.
#208314000
b1001 ,
b1001 X
b1011010110 e
1.
#208332000
0.
#208350000
b1010 X
b1010 ,
b1011010111 e
1.
#208368000
0.
#208386000
b1011 ,
b1011 X
b1011011000 e
1.
#208404000
0.
#208422000
b1100 X
b1100 ,
b1011011001 e
1.
#208440000
0.
#208458000
b1101 ,
b1101 X
b1011011010 e
1.
#208476000
0.
#208494000
19
b1110 X
b1110 ,
b1011011011 e
1.
#208512000
0.
#208530000
09
1-
b0 ,
b0 X
b1001 J
b1 S
b1011011100 e
1.
#208548000
0.
#208566000
b1 X
0-
b1 ,
b1011011101 e
1.
#208584000
0.
#208602000
b10 ,
b10 X
b1011011110 e
1.
#208620000
0.
#208638000
b11 X
b11 ,
b1011011111 e
1.
#208656000
0.
#208674000
b100 ,
b100 X
b1011100000 e
1.
#208692000
0.
#208710000
b101 X
b101 ,
b1011100001 e
1.
#208728000
0.
#208746000
b110 ,
b110 X
b1011100010 e
1.
#208764000
0.
#208782000
b111 X
b111 ,
b1011100011 e
1.
#208800000
0.
#208818000
b1000 ,
b1000 X
b1011100100 e
1.
#208836000
0.
#208854000
b1001 X
b1001 ,
b1011100101 e
1.
#208872000
0.
#208890000
b1010 ,
b1010 X
b1011100110 e
1.
#208908000
0.
#208926000
b1011 X
b1011 ,
b1011100111 e
1.
#208944000
0.
#208962000
b1100 ,
b1100 X
b1011101000 e
1.
#208980000
0.
#208998000
b1101 X
b1101 ,
b1011101001 e
1.
#209016000
0.
#209034000
19
b1110 ,
b1110 X
b1011101010 e
1.
#209052000
0.
#209070000
09
b10 S
b1010 J
b0 X
1-
b0 ,
b1011101011 e
1.
#209088000
0.
#209106000
0-
b1 ,
b1 X
b1011101100 e
1.
#209124000
0.
#209142000
b10 X
b10 ,
b1011101101 e
1.
#209160000
0.
#209178000
b11 ,
b11 X
b1011101110 e
1.
#209196000
0.
#209214000
b100 X
b100 ,
b1011101111 e
1.
#209232000
0.
#209250000
b101 ,
b101 X
b1011110000 e
1.
#209268000
0.
#209286000
b110 X
b110 ,
b1011110001 e
1.
#209304000
0.
#209322000
b111 ,
b111 X
b1011110010 e
1.
#209340000
0.
#209358000
b1000 X
b1000 ,
b1011110011 e
1.
#209376000
0.
#209394000
b1001 ,
b1001 X
b1011110100 e
1.
#209412000
0.
#209430000
b1010 X
b1010 ,
b1011110101 e
1.
#209448000
0.
#209466000
b1011 ,
b1011 X
b1011110110 e
1.
#209484000
0.
#209502000
b1100 X
b1100 ,
b1011110111 e
1.
#209520000
0.
#209538000
b1101 ,
b1101 X
b1011111000 e
1.
#209556000
0.
#209574000
19
b1110 X
b1110 ,
b1011111001 e
1.
#209592000
0.
#209610000
09
1-
b0 ,
b0 X
b1011 J
b11 S
b1011111010 e
1.
#209628000
0.
#209646000
b1 X
0-
b1 ,
b1011111011 e
1.
#209664000
0.
#209682000
b10 ,
b10 X
b1011111100 e
1.
#209700000
0.
#209718000
b11 X
b11 ,
b1011111101 e
1.
#209736000
0.
#209754000
b100 ,
b100 X
b1011111110 e
1.
#209772000
0.
#209790000
b101 X
b101 ,
b1011111111 e
1.
#209808000
0.
#209826000
b110 ,
b110 X
b1100000000 e
1.
#209844000
0.
#209862000
b111 X
b111 ,
b1100000001 e
1.
#209880000
0.
#209898000
b1000 ,
b1000 X
b1100000010 e
1.
#209916000
0.
#209934000
b1001 X
b1001 ,
b1100000011 e
1.
#209952000
0.
#209970000
b1010 ,
b1010 X
b1100000100 e
1.
#209988000
0.
#210006000
b1011 X
b1011 ,
b1100000101 e
1.
#210024000
0.
#210042000
b1100 ,
b1100 X
b1100000110 e
1.
#210060000
0.
#210078000
b1101 X
b1101 ,
b1100000111 e
1.
#210096000
0.
#210114000
19
b1110 ,
b1110 X
b1100001000 e
1.
#210132000
0.
#210150000
09
b100 S
b1100 J
b0 X
1-
b0 ,
b1100001001 e
1.
#210168000
0.
#210186000
0-
b1 ,
b1 X
b1100001010 e
1.
#210204000
0.
#210222000
b10 X
b10 ,
b1100001011 e
1.
#210240000
0.
#210258000
b11 ,
b11 X
b1100001100 e
1.
#210276000
0.
#210294000
b100 X
b100 ,
b1100001101 e
1.
#210312000
0.
#210330000
b101 ,
b101 X
b1100001110 e
1.
#210348000
0.
#210366000
b110 X
b110 ,
b1100001111 e
1.
#210384000
0.
#210402000
b111 ,
b111 X
b1100010000 e
1.
#210420000
0.
#210438000
b1000 X
b1000 ,
b1100010001 e
1.
#210456000
0.
#210474000
b1001 ,
b1001 X
b1100010010 e
1.
#210492000
0.
#210510000
b1010 X
b1010 ,
b1100010011 e
1.
#210528000
0.
#210546000
b1011 ,
b1011 X
b1100010100 e
1.
#210564000
0.
#210582000
b1100 X
b1100 ,
b1100010101 e
1.
#210600000
0.
#210618000
b1101 ,
b1101 X
b1100010110 e
1.
#210636000
0.
#210654000
19
b1110 X
b1110 ,
b1100010111 e
1.
#210672000
0.
#210690000
09
1-
b0 ,
b0 X
b1101 J
b101 S
b1100011000 e
1.
#210708000
0.
#210726000
b1 X
0-
b1 ,
b1100011001 e
1.
#210744000
0.
#210762000
b10 ,
b10 X
b1100011010 e
1.
#210780000
0.
#210798000
b11 X
b11 ,
b1100011011 e
1.
#210816000
0.
#210834000
b100 ,
b100 X
b1100011100 e
1.
#210852000
0.
#210870000
b101 X
b101 ,
b1100011101 e
1.
#210888000
0.
#210906000
b110 ,
b110 X
b1100011110 e
1.
#210924000
0.
#210942000
b111 X
b111 ,
b1100011111 e
1.
#210960000
0.
#210978000
b1000 ,
b1000 X
b1100100000 e
1.
#210996000
0.
#211014000
b1001 X
b1001 ,
b1100100001 e
1.
#211032000
0.
#211050000
b1010 ,
b1010 X
b1100100010 e
1.
#211068000
0.
#211086000
b1011 X
b1011 ,
b1100100011 e
1.
#211104000
0.
#211122000
b1100 ,
b1100 X
b1100100100 e
1.
#211140000
0.
#211158000
b1101 X
b1101 ,
b1100100101 e
1.
#211176000
0.
#211194000
19
b1110 ,
b1110 X
b1100100110 e
1.
#211212000
0.
#211230000
09
b110 S
b1110 J
b0 X
1-
b0 ,
b1100100111 e
1.
#211248000
0.
#211266000
0-
b1 ,
b1 X
b1100101000 e
1.
#211284000
0.
#211302000
b10 X
b10 ,
b1100101001 e
1.
#211320000
0.
#211338000
b11 ,
b11 X
b1100101010 e
1.
#211356000
0.
#211374000
b100 X
b100 ,
b1100101011 e
1.
#211392000
0.
#211410000
b101 ,
b101 X
b1100101100 e
1.
#211428000
0.
#211446000
b110 X
b110 ,
b1100101101 e
1.
#211464000
0.
#211482000
b111 ,
b111 X
b1100101110 e
1.
#211500000
0.
#211518000
b1000 X
b1000 ,
b1100101111 e
1.
#211536000
0.
#211554000
b1001 ,
b1001 X
b1100110000 e
1.
#211572000
0.
#211590000
b1010 X
b1010 ,
b1100110001 e
1.
#211608000
0.
#211626000
b1011 ,
b1011 X
b1100110010 e
1.
#211644000
0.
#211662000
b1100 X
b1100 ,
b1100110011 e
1.
#211680000
0.
#211698000
b1101 ,
b1101 X
b1100110100 e
1.
#211716000
0.
#211734000
19
b1110 X
b1110 ,
b1100110101 e
1.
#211752000
0.
#211770000
09
1-
b0 ,
b0 X
b1111 J
b111 S
b1100110110 e
1.
#211788000
0.
#211806000
b1 X
0-
b1 ,
b1100110111 e
1.
#211824000
0.
#211842000
b10 ,
b10 X
b1100111000 e
1.
#211860000
0.
#211878000
b11 X
b11 ,
b1100111001 e
1.
#211896000
0.
#211914000
b100 ,
b100 X
b1100111010 e
1.
#211932000
0.
#211950000
b101 X
b101 ,
b1100111011 e
1.
#211968000
0.
#211986000
b110 ,
b110 X
b1100111100 e
1.
#212004000
0.
#212022000
b111 X
b111 ,
b1100111101 e
1.
#212040000
0.
#212058000
b1000 ,
b1000 X
b1100111110 e
1.
#212076000
0.
#212094000
b1001 X
b1001 ,
b1100111111 e
1.
#212112000
0.
#212130000
b1010 ,
b1010 X
b1101000000 e
1.
#212148000
0.
#212166000
b1011 X
b1011 ,
b1101000001 e
1.
#212184000
0.
#212202000
b1100 ,
b1100 X
b1101000010 e
1.
#212220000
0.
#212238000
b1101 X
b1101 ,
b1101000011 e
1.
#212256000
0.
#212274000
19
b1110 ,
b1110 X
b1101000100 e
1.
#212292000
0.
#212310000
09
b1000 S
b11 D
b0 J
b0 X
1-
b0 ,
b1101000101 e
1.
#212328000
0.
#212346000
0-
b1 ,
b1 X
b1101000110 e
1.
#212364000
0.
#212382000
b10 X
b10 ,
b1101000111 e
1.
#212400000
0.
#212418000
b11 ,
b11 X
b1101001000 e
1.
#212436000
0.
#212454000
b100 X
b100 ,
b1101001001 e
1.
#212472000
0.
#212490000
b101 ,
b101 X
b1101001010 e
1.
#212508000
0.
#212526000
b110 X
b110 ,
b1101001011 e
1.
#212544000
0.
#212562000
b111 ,
b111 X
b1101001100 e
1.
#212580000
0.
#212598000
b1000 X
b1000 ,
b1101001101 e
1.
#212616000
0.
#212634000
b1001 ,
b1001 X
b1101001110 e
1.
#212652000
0.
#212670000
b1010 X
b1010 ,
b1101001111 e
1.
#212688000
0.
#212706000
b1011 ,
b1011 X
b1101010000 e
1.
#212724000
0.
#212742000
b1100 X
b1100 ,
b1101010001 e
1.
#212760000
0.
#212778000
b1101 ,
b1101 X
b1101010010 e
1.
#212796000
0.
#212814000
19
b1110 X
b1110 ,
b1101010011 e
1.
#212832000
0.
#212850000
09
1-
b0 ,
b0 X
b1 J
b1001 S
b1101010100 e
1.
#212868000
0.
#212886000
b1 X
0-
b1 ,
b1101010101 e
1.
#212904000
0.
#212922000
b10 ,
b10 X
b1101010110 e
1.
#212940000
0.
#212958000
b11 X
b11 ,
b1101010111 e
1.
#212976000
0.
#212994000
b100 ,
b100 X
b1101011000 e
1.
#213012000
0.
#213030000
b101 X
b101 ,
b1101011001 e
1.
#213048000
0.
#213066000
b110 ,
b110 X
b1101011010 e
1.
#213084000
0.
#213102000
b111 X
b111 ,
b1101011011 e
1.
#213120000
0.
#213138000
b1000 ,
b1000 X
b1101011100 e
1.
#213156000
0.
#213174000
b1001 X
b1001 ,
b1101011101 e
1.
#213192000
0.
#213210000
b1010 ,
b1010 X
b1101011110 e
1.
#213228000
0.
#213246000
b1011 X
b1011 ,
b1101011111 e
1.
#213264000
0.
#213282000
b1100 ,
b1100 X
b1101100000 e
1.
#213300000
0.
#213318000
b1101 X
b1101 ,
b1101100001 e
1.
#213336000
0.
#213354000
19
b1110 ,
b1110 X
b1101100010 e
1.
#213372000
0.
#213390000
09
b1010 S
b10 J
b0 X
1-
b0 ,
b1101100011 e
1.
#213408000
0.
#213426000
0-
b1 ,
b1 X
b1101100100 e
1.
#213444000
0.
#213462000
b10 X
b10 ,
b1101100101 e
1.
#213480000
0.
#213498000
b11 ,
b11 X
b1101100110 e
1.
#213516000
0.
#213534000
b100 X
b100 ,
b1101100111 e
1.
#213552000
0.
#213570000
b101 ,
b101 X
b1101101000 e
1.
#213588000
0.
#213606000
b110 X
b110 ,
b1101101001 e
1.
#213624000
0.
#213642000
b111 ,
b111 X
b1101101010 e
1.
#213660000
0.
#213678000
b1000 X
b1000 ,
b1101101011 e
1.
#213696000
0.
#213714000
b1001 ,
b1001 X
b1101101100 e
1.
#213732000
0.
#213750000
b1010 X
b1010 ,
b1101101101 e
1.
#213768000
0.
#213786000
b1011 ,
b1011 X
b1101101110 e
1.
#213804000
0.
#213822000
b1100 X
b1100 ,
b1101101111 e
1.
#213840000
0.
#213858000
b1101 ,
b1101 X
b1101110000 e
1.
#213876000
0.
#213894000
19
b1110 X
b1110 ,
b1101110001 e
1.
#213912000
0.
#213930000
09
1-
b0 ,
b0 X
b11 J
b1011 S
b1101110010 e
1.
#213948000
0.
#213966000
b1 X
0-
b1 ,
b1101110011 e
1.
#213984000
0.
#214002000
b10 ,
b10 X
b1101110100 e
1.
#214020000
0.
#214038000
b11 X
b11 ,
b1101110101 e
1.
#214056000
0.
#214074000
b100 ,
b100 X
b1101110110 e
1.
#214092000
0.
#214110000
b101 X
b101 ,
b1101110111 e
1.
#214128000
0.
#214146000
b110 ,
b110 X
b1101111000 e
1.
#214164000
0.
#214182000
b111 X
b111 ,
b1101111001 e
1.
#214200000
0.
#214218000
b1000 ,
b1000 X
b1101111010 e
1.
#214236000
0.
#214254000
b1001 X
b1001 ,
b1101111011 e
1.
#214272000
0.
#214290000
b1010 ,
b1010 X
b1101111100 e
1.
#214308000
0.
#214326000
b1011 X
b1011 ,
b1101111101 e
1.
#214344000
0.
#214362000
b1100 ,
b1100 X
b1101111110 e
1.
#214380000
0.
#214398000
b1101 X
b1101 ,
b1101111111 e
1.
#214416000
0.
#214434000
19
b1110 ,
b1110 X
b1110000000 e
1.
#214452000
0.
#214470000
09
b1100 S
b100 J
b0 X
1-
b0 ,
b1110000001 e
1.
#214488000
0.
#214506000
0-
b1 ,
b1 X
b1110000010 e
1.
#214524000
0.
#214542000
b10 X
b10 ,
b1110000011 e
1.
#214560000
0.
#214578000
b11 ,
b11 X
b1110000100 e
1.
#214596000
0.
#214614000
b100 X
b100 ,
b1110000101 e
1.
#214632000
0.
#214650000
b101 ,
b101 X
b1110000110 e
1.
#214668000
0.
#214686000
b110 X
b110 ,
b1110000111 e
1.
#214704000
0.
#214722000
b111 ,
b111 X
b1110001000 e
1.
#214740000
0.
#214758000
b1000 X
b1000 ,
b1110001001 e
1.
#214776000
0.
#214794000
b1001 ,
b1001 X
b1110001010 e
1.
#214812000
0.
#214830000
b1010 X
b1010 ,
b1110001011 e
1.
#214848000
0.
#214866000
b1011 ,
b1011 X
b1110001100 e
1.
#214884000
0.
#214902000
b1100 X
b1100 ,
b1110001101 e
1.
#214920000
0.
#214938000
b1101 ,
b1101 X
b1110001110 e
1.
#214956000
0.
#214974000
19
b1110 X
b1110 ,
b1110001111 e
1.
#214992000
0.
#215010000
09
1-
b0 ,
b0 X
b101 J
b1101 S
b1110010000 e
1.
#215028000
0.
#215046000
b1 X
0-
b1 ,
b1110010001 e
1.
#215064000
0.
#215082000
b10 ,
b10 X
b1110010010 e
1.
#215100000
0.
#215118000
b11 X
b11 ,
b1110010011 e
1.
#215136000
0.
#215154000
b100 ,
b100 X
b1110010100 e
1.
#215172000
0.
#215190000
b101 X
b101 ,
b1110010101 e
1.
#215208000
0.
#215226000
b110 ,
b110 X
b1110010110 e
1.
#215244000
0.
#215262000
b111 X
b111 ,
b1110010111 e
1.
#215280000
0.
#215298000
b1000 ,
b1000 X
b1110011000 e
1.
#215316000
0.
#215334000
b1001 X
b1001 ,
b1110011001 e
1.
#215352000
0.
#215370000
b1010 ,
b1010 X
b1110011010 e
1.
#215388000
0.
#215406000
b1011 X
b1011 ,
b1110011011 e
1.
#215424000
0.
#215442000
b1100 ,
b1100 X
b1110011100 e
1.
#215460000
0.
#215478000
b1101 X
b1101 ,
b1110011101 e
1.
#215496000
0.
#215514000
19
b1110 ,
b1110 X
b1110011110 e
1.
#215532000
0.
#215550000
09
b1110 S
b110 J
b0 X
1-
b0 ,
b1110011111 e
1.
#215568000
0.
#215586000
0-
b1 ,
b1 X
b1110100000 e
1.
#215604000
0.
#215622000
b10 X
b10 ,
b1110100001 e
1.
#215640000
0.
#215658000
b11 ,
b11 X
b1110100010 e
1.
#215676000
0.
#215694000
b100 X
b100 ,
b1110100011 e
1.
#215712000
0.
#215730000
b101 ,
b101 X
b1110100100 e
1.
#215748000
0.
#215766000
b110 X
b110 ,
b1110100101 e
1.
#215784000
0.
#215802000
b111 ,
b111 X
b1110100110 e
1.
#215820000
0.
#215838000
b1000 X
b1000 ,
b1110100111 e
1.
#215856000
0.
#215874000
b1001 ,
b1001 X
b1110101000 e
1.
#215892000
0.
#215910000
b1010 X
b1010 ,
b1110101001 e
1.
#215928000
0.
#215946000
b1011 ,
b1011 X
b1110101010 e
1.
#215964000
0.
#215982000
b1100 X
b1100 ,
b1110101011 e
1.
#216000000
0.
#216018000
b1101 ,
b1101 X
b1110101100 e
1.
#216036000
0.
#216054000
19
b1110 X
b1110 ,
b1110101101 e
1.
#216072000
0.
#216090000
09
1-
b0 ,
b0 X
b111 J
b1111 S
b1110101110 e
1.
#216108000
0.
#216126000
b1 X
0-
b1 ,
b1110101111 e
1.
#216144000
0.
#216162000
b10 ,
b10 X
b1110110000 e
1.
#216180000
0.
#216198000
b11 X
b11 ,
b1110110001 e
1.
#216216000
0.
#216234000
b100 ,
b100 X
b1110110010 e
1.
#216252000
0.
#216270000
b101 X
b101 ,
b1110110011 e
1.
#216288000
0.
#216306000
b110 ,
b110 X
b1110110100 e
1.
#216324000
0.
#216342000
b111 X
b111 ,
b1110110101 e
1.
#216360000
0.
#216378000
b1000 ,
b1000 X
b1110110110 e
1.
#216396000
0.
#216414000
b1001 X
b1001 ,
b1110110111 e
1.
#216432000
0.
#216450000
b1010 ,
b1010 X
b1110111000 e
1.
#216468000
0.
#216486000
b1011 X
b1011 ,
b1110111001 e
1.
#216504000
0.
#216522000
b1100 ,
b1100 X
b1110111010 e
1.
#216540000
0.
#216558000
b1101 X
b1101 ,
b1110111011 e
1.
#216576000
0.
#216594000
19
b1110 ,
b1110 X
b1110111100 e
1.
#216612000
0.
#216630000
09
b11 Q
b0 S
b1000 J
b0 X
1-
b0 ,
b1110111101 e
1.
#216648000
0.
#216666000
1"
0-
b1 ,
b1 X
1!
b1110111110 e
1.
#216684000
0.
#216702000
1G
b10 X
b10 ,
b1110111111 e
1.
#216720000
0.
#216738000
b11 ,
b11 X
1H
b1111000000 e
1.
#216756000
0.
#216774000
1I
b100 X
b100 ,
b1111000001 e
1.
#216792000
0.
#216810000
b101 ,
b101 X
b1111000010 e
1.
#216828000
0.
#216846000
b110 X
b110 ,
b1111000011 e
1.
#216864000
0.
#216882000
b111 ,
b111 X
b1111000100 e
1.
#216900000
0.
#216918000
b1000 X
b1000 ,
b1111000101 e
1.
#216936000
0.
#216954000
b1001 ,
b1001 X
b1111000110 e
1.
#216972000
0.
#216990000
b1010 X
b1010 ,
b1111000111 e
1.
#217008000
0.
#217026000
b1011 ,
b1011 X
b1111001000 e
1.
#217044000
0.
#217062000
b1100 X
b1100 ,
b1111001001 e
1.
#217080000
0.
#217098000
b1101 ,
b1101 X
b1111001010 e
1.
#217116000
0.
#217134000
19
b1110 X
b1110 ,
b1111001011 e
1.
#217152000
0.
#217170000
09
1-
b0 ,
b0 X
b1001 J
b1 S
b1111001100 e
1.
#217188000
0.
#217206000
b1 X
0-
b1 ,
b1111001101 e
1.
#217224000
0.
#217242000
b10 ,
b10 X
b1111001110 e
1.
#217260000
0.
#217278000
b11 X
b11 ,
b1111001111 e
1.
#217296000
0.
#217314000
b100 ,
b100 X
b1111010000 e
1.
#217332000
0.
#217350000
b101 X
b101 ,
b1111010001 e
1.
#217368000
0.
#217386000
b110 ,
b110 X
b1111010010 e
1.
#217404000
0.
#217422000
b111 X
b111 ,
b1111010011 e
1.
#217440000
0.
#217458000
b1000 ,
b1000 X
b1111010100 e
1.
#217476000
0.
#217494000
b1001 X
b1001 ,
b1111010101 e
1.
#217512000
0.
#217530000
b1010 ,
b1010 X
b1111010110 e
1.
#217548000
0.
#217566000
b1011 X
b1011 ,
b1111010111 e
1.
#217584000
0.
#217602000
b1100 ,
b1100 X
b1111011000 e
1.
#217620000
0.
#217638000
b1101 X
b1101 ,
b1111011001 e
1.
#217656000
0.
#217674000
19
b1110 ,
b1110 X
b1111011010 e
1.
#217692000
0.
#217710000
09
b10 S
b1010 J
b0 X
1-
b0 ,
b1111011011 e
1.
#217728000
0.
#217746000
0-
b1 ,
b1 X
b1111011100 e
1.
#217764000
0.
#217782000
b10 X
b10 ,
b1111011101 e
1.
#217800000
0.
#217818000
b11 ,
b11 X
b1111011110 e
1.
#217836000
0.
#217854000
b100 X
b100 ,
b1111011111 e
1.
#217872000
0.
#217890000
b101 ,
b101 X
b1111100000 e
1.
#217908000
0.
#217926000
b110 X
b110 ,
b1111100001 e
1.
#217944000
0.
#217962000
b111 ,
b111 X
b1111100010 e
1.
#217980000
0.
#217998000
b1000 X
b1000 ,
b1111100011 e
1.
#218016000
0.
#218034000
b1001 ,
b1001 X
b1111100100 e
1.
#218052000
0.
#218070000
b1010 X
b1010 ,
b1111100101 e
1.
#218088000
0.
#218106000
b1011 ,
b1011 X
b1111100110 e
1.
#218124000
0.
#218142000
b1100 X
b1100 ,
b1111100111 e
1.
#218160000
0.
#218178000
b1101 ,
b1101 X
b1111101000 e
1.
#218196000
0.
#218214000
19
b1110 X
b1110 ,
b1111101001 e
1.
#218232000
0.
#218250000
09
1-
b0 ,
b0 X
b1011 J
b11 S
b1111101010 e
1.
#218268000
0.
#218286000
b1 X
0-
b1 ,
b1111101011 e
1.
#218304000
0.
#218322000
b10 ,
b10 X
b1111101100 e
1.
#218340000
0.
#218358000
b11 X
b11 ,
b1111101101 e
1.
#218376000
0.
#218394000
b100 ,
b100 X
b1111101110 e
1.
#218412000
0.
#218430000
b101 X
b101 ,
b1111101111 e
1.
#218448000
0.
#218466000
b110 ,
b110 X
b1111110000 e
1.
#218484000
0.
#218502000
b111 X
b111 ,
b1111110001 e
1.
#218520000
0.
#218538000
b1000 ,
b1000 X
b1111110010 e
1.
#218556000
0.
#218574000
b1001 X
b1001 ,
b1111110011 e
1.
#218592000
0.
#218610000
b1010 ,
b1010 X
b1111110100 e
1.
#218628000
0.
#218646000
b1011 X
b1011 ,
b1111110101 e
1.
#218664000
0.
#218682000
b1100 ,
b1100 X
b1111110110 e
1.
#218700000
0.
#218718000
b1101 X
b1101 ,
b1111110111 e
1.
#218736000
0.
#218754000
19
b1110 ,
b1110 X
b1111111000 e
1.
#218772000
0.
#218790000
09
b100 S
b1100 J
b0 X
1-
b0 ,
b1111111001 e
1.
#218808000
0.
#218826000
0-
b1 ,
b1 X
b1111111010 e
1.
#218844000
0.
#218862000
b10 X
b10 ,
b1111111011 e
1.
#218880000
0.
#218898000
b11 ,
b11 X
b1111111100 e
1.
#218916000
0.
#218934000
b100 X
b100 ,
b1111111101 e
1.
#218952000
0.
#218970000
b101 ,
b101 X
b1111111110 e
1.
#218988000
0.
#219006000
b110 X
b110 ,
b1111111111 e
1.
#219024000
0.
#219042000
b111 ,
b111 X
b10000000000 e
1.
#219060000
0.
#219078000
b1000 X
b1000 ,
b10000000001 e
1.
#219096000
0.
#219114000
b1001 ,
b1001 X
b10000000010 e
1.
#219132000
0.
#219150000
b1010 X
b1010 ,
b10000000011 e
1.
#219168000
0.
#219186000
b1011 ,
b1011 X
b10000000100 e
1.
#219204000
0.
#219222000
b1100 X
b1100 ,
b10000000101 e
1.
#219240000
0.
#219258000
b1101 ,
b1101 X
b10000000110 e
1.
#219276000
0.
#219294000
19
b1110 X
b1110 ,
b10000000111 e
1.
#219312000
0.
#219330000
09
1-
b0 ,
b0 X
b1101 J
b101 S
b10000001000 e
1.
#219348000
0.
#219366000
b1 X
0-
b1 ,
b10000001001 e
1.
#219384000
0.
#219402000
b10 ,
b10 X
b10000001010 e
1.
#219420000
0.
#219438000
b11 X
b11 ,
b10000001011 e
1.
#219456000
0.
#219474000
b100 ,
b100 X
b10000001100 e
1.
#219492000
0.
#219510000
b101 X
b101 ,
b10000001101 e
1.
#219528000
0.
#219546000
b110 ,
b110 X
b10000001110 e
1.
#219564000
0.
#219582000
b111 X
b111 ,
b10000001111 e
1.
#219600000
0.
#219618000
b1000 ,
b1000 X
b10000010000 e
1.
#219636000
0.
#219654000
b1001 X
b1001 ,
b10000010001 e
1.
#219672000
0.
#219690000
b1010 ,
b1010 X
b10000010010 e
1.
#219708000
0.
#219726000
b1011 X
b1011 ,
b10000010011 e
1.
#219744000
0.
#219762000
b1100 ,
b1100 X
b10000010100 e
1.
#219780000
0.
#219798000
b1101 X
b1101 ,
b10000010101 e
1.
#219816000
0.
#219834000
19
b1110 ,
b1110 X
b10000010110 e
1.
#219852000
0.
#219870000
09
b110 S
b1110 J
b0 X
1-
b0 ,
b10000010111 e
1.
#219888000
0.
#219906000
0-
b1 ,
b1 X
b10000011000 e
1.
#219924000
0.
#219942000
b10 X
b10 ,
b10000011001 e
1.
#219960000
0.
#219978000
b11 ,
b11 X
b10000011010 e
1.
#219996000
0.
#220014000
b100 X
b100 ,
b10000011011 e
1.
#220032000
0.
#220050000
b101 ,
b101 X
b10000011100 e
1.
#220068000
0.
#220086000
b110 X
b110 ,
b10000011101 e
1.
#220104000
0.
#220122000
b111 ,
b111 X
b10000011110 e
1.
#220140000
0.
#220158000
b1000 X
b1000 ,
b10000011111 e
1.
#220176000
0.
#220194000
b1001 ,
b1001 X
b10000100000 e
1.
#220212000
0.
#220230000
b1010 X
b1010 ,
b10000100001 e
1.
#220248000
0.
#220266000
b1011 ,
b1011 X
b10000100010 e
1.
#220284000
0.
#220302000
b1100 X
b1100 ,
b10000100011 e
1.
#220320000
0.
#220338000
b1101 ,
b1101 X
b10000100100 e
1.
#220356000
0.
#220374000
19
b1110 X
b1110 ,
b10000100101 e
1.
#220392000
0.
#220410000
09
1-
b0 ,
b0 X
b1111 J
b111 S
b10000100110 e
1.
#220428000
0.
#220446000
b1 X
0-
b1 ,
b10000100111 e
1.
#220464000
0.
#220482000
b10 ,
b10 X
b10000101000 e
1.
#220500000
0.
#220518000
b11 X
b11 ,
b10000101001 e
1.
#220536000
0.
#220554000
b100 ,
b100 X
b10000101010 e
1.
#220572000
0.
#220590000
b101 X
b101 ,
b10000101011 e
1.
#220608000
0.
#220626000
b110 ,
b110 X
b10000101100 e
1.
#220644000
0.
#220662000
b111 X
b111 ,
b10000101101 e
1.
#220680000
0.
#220698000
b1000 ,
b1000 X
b10000101110 e
1.
#220716000
0.
#220734000
b1001 X
b1001 ,
b10000101111 e
1.
#220752000
0.
#220770000
b1010 ,
b1010 X
b10000110000 e
1.
#220788000
0.
#220806000
b1011 X
b1011 ,
b10000110001 e
1.
#220824000
0.
#220842000
b1100 ,
b1100 X
b10000110010 e
1.
#220860000
0.
#220878000
b1101 X
b1101 ,
b10000110011 e
1.
#220896000
0.
#220914000
19
b1110 ,
b1110 X
b10000110100 e
1.
#220932000
0.
#220950000
09
b1000 S
b100 D
b0 J
b1010 %
b1010 8
b1010 E
b0 X
1-
b0 ,
b10000110101 e
1.
#220968000
0.
#220986000
0-
b1 ,
b1 X
b10000110110 e
1.
#221004000
0.
#221022000
b10 X
b10 ,
b10000110111 e
1.
#221040000
0.
#221058000
b11 ,
b11 X
b10000111000 e
1.
#221076000
0.
#221094000
b100 X
b100 ,
b10000111001 e
1.
#221112000
0.
#221130000
b101 ,
b101 X
b10000111010 e
1.
#221148000
0.
#221166000
b110 X
b110 ,
b10000111011 e
1.
#221184000
0.
#221202000
b111 ,
b111 X
b10000111100 e
1.
#221220000
0.
#221238000
b1000 X
b1000 ,
b10000111101 e
1.
#221256000
0.
#221274000
b1001 ,
b1001 X
b10000111110 e
1.
#221292000
0.
#221310000
b1010 X
b1010 ,
b10000111111 e
1.
#221328000
0.
#221346000
b1011 ,
b1011 X
b10001000000 e
1.
#221364000
0.
#221382000
b1100 X
b1100 ,
b10001000001 e
1.
#221400000
0.
#221418000
b1101 ,
b1101 X
b10001000010 e
1.
#221436000
0.
#221454000
19
b1110 X
b1110 ,
b10001000011 e
1.
#221472000
0.
#221490000
09
1-
b0 ,
b0 X
b1 J
b1001 S
b10001000100 e
1.
#221508000
0.
#221526000
b1 X
0-
b1 ,
b10001000101 e
1.
#221544000
0.
#221562000
b10 ,
b10 X
b10001000110 e
1.
#221580000
0.
#221598000
b11 X
b11 ,
b10001000111 e
1.
#221616000
0.
#221634000
b100 ,
b100 X
b10001001000 e
1.
#221652000
0.
#221670000
b101 X
b101 ,
b10001001001 e
1.
#221688000
0.
#221706000
b110 ,
b110 X
b10001001010 e
1.
#221724000
0.
#221742000
b111 X
b111 ,
b10001001011 e
1.
#221760000
0.
#221778000
b1000 ,
b1000 X
b10001001100 e
1.
#221796000
0.
#221814000
b1001 X
b1001 ,
b10001001101 e
1.
#221832000
0.
#221850000
b1010 ,
b1010 X
b10001001110 e
1.
#221868000
0.
#221886000
b1011 X
b1011 ,
b10001001111 e
1.
#221904000
0.
#221922000
b1100 ,
b1100 X
b10001010000 e
1.
#221940000
0.
#221958000
b1101 X
b1101 ,
b10001010001 e
1.
#221976000
0.
#221994000
19
b1110 ,
b1110 X
b10001010010 e
1.
#222012000
0.
#222030000
09
b1010 S
b10 J
b0 X
1-
b0 ,
b10001010011 e
1.
#222048000
0.
#222066000
0-
b1 ,
b1 X
b10001010100 e
1.
#222084000
0.
#222102000
b10 X
b10 ,
b10001010101 e
1.
#222120000
0.
#222138000
b11 ,
b11 X
b10001010110 e
1.
#222156000
0.
#222174000
b100 X
b100 ,
b10001010111 e
1.
#222192000
0.
#222210000
b101 ,
b101 X
b10001011000 e
1.
#222228000
0.
#222246000
b110 X
b110 ,
b10001011001 e
1.
#222264000
0.
#222282000
b111 ,
b111 X
b10001011010 e
1.
#222300000
0.
#222318000
b1000 X
b1000 ,
b10001011011 e
1.
#222336000
0.
#222354000
b1001 ,
b1001 X
b10001011100 e
1.
#222372000
0.
#222390000
b1010 X
b1010 ,
b10001011101 e
1.
#222408000
0.
#222426000
b1011 ,
b1011 X
b10001011110 e
1.
#222444000
0.
#222462000
b1100 X
b1100 ,
b10001011111 e
1.
#222480000
0.
#222498000
b1101 ,
b1101 X
b10001100000 e
1.
#222516000
0.
#222534000
19
b1110 X
b1110 ,
b10001100001 e
1.
#222552000
0.
#222570000
09
1-
b0 ,
b0 X
b11 J
b1011 S
b10001100010 e
1.
#222588000
0.
#222606000
b1 X
0-
b1 ,
b10001100011 e
1.
#222624000
0.
#222642000
b10 ,
b10 X
b10001100100 e
1.
#222660000
0.
#222678000
b11 X
b11 ,
b10001100101 e
1.
#222696000
0.
#222714000
b100 ,
b100 X
b10001100110 e
1.
#222732000
0.
#222750000
b101 X
b101 ,
b10001100111 e
1.
#222768000
0.
#222786000
b110 ,
b110 X
b10001101000 e
1.
#222804000
0.
#222822000
b111 X
b111 ,
b10001101001 e
1.
#222840000
0.
#222858000
b1000 ,
b1000 X
b10001101010 e
1.
#222876000
0.
#222894000
b1001 X
b1001 ,
b10001101011 e
1.
#222912000
0.
#222930000
b1010 ,
b1010 X
b10001101100 e
1.
#222948000
0.
#222966000
b1011 X
b1011 ,
b10001101101 e
1.
#222984000
0.
#223002000
b1100 ,
b1100 X
b10001101110 e
1.
#223020000
0.
#223038000
b1101 X
b1101 ,
b10001101111 e
1.
#223056000
0.
#223074000
19
b1110 ,
b1110 X
b10001110000 e
1.
#223092000
0.
#223110000
09
b1100 S
b100 J
b0 X
1-
b0 ,
b10001110001 e
1.
#223128000
0.
#223146000
0-
b1 ,
b1 X
b10001110010 e
1.
#223164000
0.
#223182000
b10 X
b10 ,
b10001110011 e
1.
#223200000
0.
#223218000
b11 ,
b11 X
b10001110100 e
1.
#223236000
0.
#223254000
b100 X
b100 ,
b10001110101 e
1.
#223272000
0.
#223290000
b101 ,
b101 X
b10001110110 e
1.
#223308000
0.
#223326000
b110 X
b110 ,
b10001110111 e
1.
#223344000
0.
#223362000
b111 ,
b111 X
b10001111000 e
1.
#223380000
0.
#223398000
b1000 X
b1000 ,
b10001111001 e
1.
#223416000
0.
#223434000
b1001 ,
b1001 X
b10001111010 e
1.
#223452000
0.
#223470000
b1010 X
b1010 ,
b10001111011 e
1.
#223488000
0.
#223506000
b1011 ,
b1011 X
b10001111100 e
1.
#223524000
0.
#223542000
b1100 X
b1100 ,
b10001111101 e
1.
#223560000
0.
#223578000
b1101 ,
b1101 X
b10001111110 e
1.
#223596000
0.
#223614000
19
b1110 X
b1110 ,
b10001111111 e
1.
#223632000
0.
#223650000
09
1-
b0 ,
b0 X
b101 J
b1101 S
b10010000000 e
1.
#223668000
0.
#223686000
b1 X
0-
b1 ,
b10010000001 e
1.
#223704000
0.
#223722000
b10 ,
b10 X
b10010000010 e
1.
#223740000
0.
#223758000
b11 X
b11 ,
b10010000011 e
1.
#223776000
0.
#223794000
b100 ,
b100 X
b10010000100 e
1.
#223812000
0.
#223830000
b101 X
b101 ,
b10010000101 e
1.
#223848000
0.
#223866000
b110 ,
b110 X
b10010000110 e
1.
#223884000
0.
#223902000
b111 X
b111 ,
b10010000111 e
1.
#223920000
0.
#223938000
b1000 ,
b1000 X
b10010001000 e
1.
#223956000
0.
#223974000
b1001 X
b1001 ,
b10010001001 e
1.
#223992000
0.
#224010000
b1010 ,
b1010 X
b10010001010 e
1.
#224028000
0.
#224046000
b1011 X
b1011 ,
b10010001011 e
1.
#224064000
0.
#224082000
b1100 ,
b1100 X
b10010001100 e
1.
#224100000
0.
#224118000
b1101 X
b1101 ,
b10010001101 e
1.
#224136000
0.
#224154000
19
b1110 ,
b1110 X
b10010001110 e
1.
#224172000
0.
#224190000
09
b1110 S
b110 J
b0 X
1-
b0 ,
b10010001111 e
1.
#224208000
0.
#224226000
0-
b1 ,
b1 X
b10010010000 e
1.
#224244000
0.
#224262000
b10 X
b10 ,
b10010010001 e
1.
#224280000
0.
#224298000
b11 ,
b11 X
b10010010010 e
1.
#224316000
0.
#224334000
b100 X
b100 ,
b10010010011 e
1.
#224352000
0.
#224370000
b101 ,
b101 X
b10010010100 e
1.
#224388000
0.
#224406000
b110 X
b110 ,
b10010010101 e
1.
#224424000
0.
#224442000
b111 ,
b111 X
b10010010110 e
1.
#224460000
0.
#224478000
b1000 X
b1000 ,
b10010010111 e
1.
#224496000
0.
#224514000
b1001 ,
b1001 X
b10010011000 e
1.
#224532000
0.
#224550000
b1010 X
b1010 ,
b10010011001 e
1.
#224568000
0.
#224586000
b1011 ,
b1011 X
b10010011010 e
1.
#224604000
0.
#224622000
b1100 X
b1100 ,
b10010011011 e
1.
#224640000
0.
#224658000
b1101 ,
b1101 X
b10010011100 e
1.
#224676000
0.
#224694000
19
b1110 X
b1110 ,
b10010011101 e
1.
#224712000
0.
#224730000
09
1-
b0 ,
b0 X
b111 J
b1111 S
b10010011110 e
1.
#224748000
0.
#224766000
b1 X
0-
b1 ,
b10010011111 e
1.
#224784000
0.
#224802000
b10 ,
b10 X
b10010100000 e
1.
#224820000
0.
#224838000
b11 X
b11 ,
b10010100001 e
1.
#224856000
0.
#224874000
b100 ,
b100 X
b10010100010 e
1.
#224892000
0.
#224910000
b101 X
b101 ,
b10010100011 e
1.
#224928000
0.
#224946000
b110 ,
b110 X
b10010100100 e
1.
#224964000
0.
#224982000
b111 X
b111 ,
b10010100101 e
1.
#225000000
0.
#225018000
b1000 ,
b1000 X
b10010100110 e
1.
#225036000
0.
#225054000
b1001 X
b1001 ,
b10010100111 e
1.
#225072000
0.
#225090000
b1010 ,
b1010 X
b10010101000 e
1.
#225108000
0.
#225126000
b1011 X
b1011 ,
b10010101001 e
1.
#225144000
0.
#225162000
b1100 ,
b1100 X
b10010101010 e
1.
#225180000
0.
#225198000
b1101 X
b1101 ,
b10010101011 e
1.
#225216000
0.
#225234000
19
b1110 ,
b1110 X
b10010101100 e
1.
#225252000
0.
#225270000
09
b100 Q
b0 S
b1000 J
b0 X
1-
b0 ,
b10010101101 e
1.
#225288000
0.
#225306000
0"
0-
b1 ,
b1 X
0!
b10010101110 e
1.
#225324000
0.
#225342000
0G
b10 X
b10 ,
b10010101111 e
1.
#225360000
0.
#225378000
b11 ,
b11 X
0H
b10010110000 e
1.
#225396000
0.
#225414000
0I
b100 X
b100 ,
b10010110001 e
1.
#225432000
0.
#225450000
b101 ,
b101 X
b10010110010 e
1.
#225468000
0.
#225486000
b110 X
b110 ,
b10010110011 e
1.
#225504000
0.
#225522000
b111 ,
b111 X
b10010110100 e
1.
#225540000
0.
#225558000
b1000 X
b1000 ,
b10010110101 e
1.
#225576000
0.
#225594000
b1001 ,
b1001 X
b10010110110 e
1.
#225612000
0.
#225630000
b1010 X
b1010 ,
b10010110111 e
1.
#225648000
0.
#225666000
b1011 ,
b1011 X
b10010111000 e
1.
#225684000
0.
#225702000
b1100 X
b1100 ,
b10010111001 e
1.
#225720000
0.
#225738000
b1101 ,
b1101 X
b10010111010 e
1.
#225756000
0.
#225774000
19
b1110 X
b1110 ,
b10010111011 e
1.
#225792000
0.
#225810000
09
1-
b0 ,
b0 X
b1001 J
b1 S
b10010111100 e
1.
#225828000
0.
#225846000
b1 X
0-
b1 ,
b10010111101 e
1.
#225864000
0.
#225882000
b10 ,
b10 X
b10010111110 e
1.
#225900000
0.
#225918000
b11 X
b11 ,
b10010111111 e
1.
#225936000
0.
#225954000
b100 ,
b100 X
b10011000000 e
1.
#225972000
0.
#225990000
b101 X
b101 ,
b10011000001 e
1.
#226008000
0.
#226026000
b110 ,
b110 X
b10011000010 e
1.
#226044000
0.
#226062000
b111 X
b111 ,
b10011000011 e
1.
#226080000
0.
#226098000
b1000 ,
b1000 X
b10011000100 e
1.
#226116000
0.
#226134000
b1001 X
b1001 ,
b10011000101 e
1.
#226152000
0.
#226170000
b1010 ,
b1010 X
b10011000110 e
1.
#226188000
0.
#226206000
b1011 X
b1011 ,
b10011000111 e
1.
#226224000
0.
#226242000
b1100 ,
b1100 X
b10011001000 e
1.
#226260000
0.
#226278000
b1101 X
b1101 ,
b10011001001 e
1.
#226296000
0.
#226314000
19
b1110 ,
b1110 X
b10011001010 e
1.
#226332000
0.
#226350000
09
b10 S
b1010 J
b0 X
1-
b0 ,
b10011001011 e
1.
#226368000
0.
#226386000
0-
b1 ,
b1 X
b10011001100 e
1.
#226404000
0.
#226422000
b10 X
b10 ,
b10011001101 e
1.
#226440000
0.
#226458000
b11 ,
b11 X
b10011001110 e
1.
#226476000
0.
#226494000
b100 X
b100 ,
b10011001111 e
1.
#226512000
0.
#226530000
b101 ,
b101 X
b10011010000 e
1.
#226548000
0.
#226566000
b110 X
b110 ,
b10011010001 e
1.
#226584000
0.
#226602000
b111 ,
b111 X
b10011010010 e
1.
#226620000
0.
#226638000
b1000 X
b1000 ,
b10011010011 e
1.
#226656000
0.
#226674000
b1001 ,
b1001 X
b10011010100 e
1.
#226692000
0.
#226710000
b1010 X
b1010 ,
b10011010101 e
1.
#226728000
0.
#226746000
b1011 ,
b1011 X
b10011010110 e
1.
#226764000
0.
#226782000
b1100 X
b1100 ,
b10011010111 e
1.
#226800000
0.
#226818000
b1101 ,
b1101 X
b10011011000 e
1.
#226836000
0.
#226854000
19
b1110 X
b1110 ,
b10011011001 e
1.
#226872000
0.
#226890000
09
1-
b0 ,
b0 X
b1011 J
b11 S
b10011011010 e
1.
#226908000
0.
#226926000
b1 X
0-
b1 ,
b10011011011 e
1.
#226944000
0.
#226962000
b10 ,
b10 X
b10011011100 e
1.
#226980000
0.
#226998000
b11 X
b11 ,
b10011011101 e
1.
#227016000
0.
#227034000
b100 ,
b100 X
b10011011110 e
1.
#227052000
0.
#227070000
b101 X
b101 ,
b10011011111 e
1.
#227088000
0.
#227106000
b110 ,
b110 X
b10011100000 e
1.
#227124000
0.
#227142000
b111 X
b111 ,
b10011100001 e
1.
#227160000
0.
#227178000
b1000 ,
b1000 X
b10011100010 e
1.
#227196000
0.
#227214000
b1001 X
b1001 ,
b10011100011 e
1.
#227232000
0.
#227250000
b1010 ,
b1010 X
b10011100100 e
1.
#227268000
0.
#227286000
b1011 X
b1011 ,
b10011100101 e
1.
#227304000
0.
#227322000
b1100 ,
b1100 X
b10011100110 e
1.
#227340000
0.
#227358000
b1101 X
b1101 ,
b10011100111 e
1.
#227376000
0.
#227394000
19
b1110 ,
b1110 X
b10011101000 e
1.
#227412000
0.
#227430000
09
b100 S
b1100 J
b0 X
1-
b0 ,
b10011101001 e
1.
#227448000
0.
#227466000
0-
b1 ,
b1 X
b10011101010 e
1.
#227484000
0.
#227502000
b10 X
b10 ,
b10011101011 e
1.
#227520000
0.
#227538000
b11 ,
b11 X
b10011101100 e
1.
#227556000
0.
#227574000
b100 X
b100 ,
b10011101101 e
1.
#227592000
0.
#227610000
b101 ,
b101 X
b10011101110 e
1.
#227628000
0.
#227646000
b110 X
b110 ,
b10011101111 e
1.
#227664000
0.
#227682000
b111 ,
b111 X
b10011110000 e
1.
#227700000
0.
#227718000
b1000 X
b1000 ,
b10011110001 e
1.
#227736000
0.
#227754000
b1001 ,
b1001 X
b10011110010 e
1.
#227772000
0.
#227790000
b1010 X
b1010 ,
b10011110011 e
1.
#227808000
0.
#227826000
b1011 ,
b1011 X
b10011110100 e
1.
#227844000
0.
#227862000
b1100 X
b1100 ,
b10011110101 e
1.
#227880000
0.
#227898000
b1101 ,
b1101 X
b10011110110 e
1.
#227916000
0.
#227934000
19
b1110 X
b1110 ,
b10011110111 e
1.
#227952000
0.
#227970000
09
1-
b0 ,
b0 X
b1101 J
b101 S
b10011111000 e
1.
#227988000
0.
#228006000
b1 X
0-
b1 ,
b10011111001 e
1.
#228024000
0.
#228042000
b10 ,
b10 X
b10011111010 e
1.
#228060000
0.
#228078000
b11 X
b11 ,
b10011111011 e
1.
#228096000
0.
#228114000
b100 ,
b100 X
b10011111100 e
1.
#228132000
0.
#228150000
b101 X
b101 ,
b10011111101 e
1.
#228168000
0.
#228186000
b110 ,
b110 X
b10011111110 e
1.
#228204000
0.
#228222000
b111 X
b111 ,
b10011111111 e
1.
#228240000
0.
#228258000
b1000 ,
b1000 X
b10100000000 e
1.
#228276000
0.
#228294000
b1001 X
b1001 ,
b10100000001 e
1.
#228312000
0.
#228330000
b1010 ,
b1010 X
b10100000010 e
1.
#228348000
0.
#228366000
b1011 X
b1011 ,
b10100000011 e
1.
#228384000
0.
#228402000
b1100 ,
b1100 X
b10100000100 e
1.
#228420000
0.
#228438000
b1101 X
b1101 ,
b10100000101 e
1.
#228456000
0.
#228474000
19
b1110 ,
b1110 X
b10100000110 e
1.
#228492000
0.
#228510000
09
b110 S
b1110 J
b0 X
1-
b0 ,
b10100000111 e
1.
#228528000
0.
#228546000
0-
b1 ,
b1 X
b10100001000 e
1.
#228564000
0.
#228582000
b10 X
b10 ,
b10100001001 e
1.
#228600000
0.
#228618000
b11 ,
b11 X
b10100001010 e
1.
#228636000
0.
#228654000
b100 X
b100 ,
b10100001011 e
1.
#228672000
0.
#228690000
b101 ,
b101 X
b10100001100 e
1.
#228708000
0.
#228726000
b110 X
b110 ,
b10100001101 e
1.
#228744000
0.
#228762000
b111 ,
b111 X
b10100001110 e
1.
#228780000
0.
#228798000
b1000 X
b1000 ,
b10100001111 e
1.
#228816000
0.
#228834000
b1001 ,
b1001 X
b10100010000 e
1.
#228852000
0.
#228870000
b1010 X
b1010 ,
b10100010001 e
1.
#228888000
0.
#228906000
b1011 ,
b1011 X
b10100010010 e
1.
#228924000
0.
#228942000
b1100 X
b1100 ,
b10100010011 e
1.
#228960000
0.
#228978000
b1101 ,
b1101 X
b10100010100 e
1.
#228996000
0.
#229014000
19
b1110 X
b1110 ,
b10100010101 e
1.
#229032000
0.
#229050000
09
1-
b0 ,
b0 X
b1111 J
b111 S
b10100010110 e
1.
#229068000
0.
#229086000
b1 X
0-
b1 ,
b10100010111 e
1.
#229104000
0.
#229122000
b10 ,
b10 X
b10100011000 e
1.
#229140000
0.
#229158000
b11 X
b11 ,
b10100011001 e
1.
#229176000
0.
#229194000
b100 ,
b100 X
b10100011010 e
1.
#229212000
0.
#229230000
b101 X
b101 ,
b10100011011 e
1.
#229248000
0.
#229266000
b110 ,
b110 X
b10100011100 e
1.
#229284000
0.
#229302000
b111 X
b111 ,
b10100011101 e
1.
#229320000
0.
#229338000
b1000 ,
b1000 X
b10100011110 e
1.
#229356000
0.
#229374000
b1001 X
b1001 ,
b10100011111 e
1.
#229392000
0.
#229410000
b1010 ,
b1010 X
b10100100000 e
1.
#229428000
0.
#229446000
b1011 X
b1011 ,
b10100100001 e
1.
#229464000
0.
#229482000
b1100 ,
b1100 X
b10100100010 e
1.
#229500000
0.
#229518000
b1101 X
b1101 ,
b10100100011 e
1.
#229536000
0.
#229554000
19
b1110 ,
b1110 X
b10100100100 e
1.
#229572000
0.
#229590000
09
b1000 S
b101 D
b0 J
b0 X
1-
b0 ,
b10100100101 e
1.
#229608000
0.
#229626000
0-
b1 ,
b1 X
b10100100110 e
1.
#229644000
0.
#229662000
b10 X
b10 ,
b10100100111 e
1.
#229680000
0.
#229698000
b11 ,
b11 X
b10100101000 e
1.
#229716000
0.
#229734000
b100 X
b100 ,
b10100101001 e
1.
#229752000
0.
#229770000
b101 ,
b101 X
b10100101010 e
1.
#229788000
0.
#229806000
b110 X
b110 ,
b10100101011 e
1.
#229824000
0.
#229842000
b111 ,
b111 X
b10100101100 e
1.
#229860000
0.
#229878000
b1000 X
b1000 ,
b10100101101 e
1.
#229896000
0.
#229914000
b1001 ,
b1001 X
b10100101110 e
1.
#229932000
0.
#229950000
b1010 X
b1010 ,
b10100101111 e
1.
#229968000
0.
#229986000
b1011 ,
b1011 X
b10100110000 e
1.
#230004000
0.
#230022000
b1100 X
b1100 ,
b10100110001 e
1.
#230040000
0.
#230058000
b1101 ,
b1101 X
b10100110010 e
1.
#230076000
0.
#230094000
19
b1110 X
b1110 ,
b10100110011 e
1.
#230112000
0.
#230130000
09
1-
b0 ,
b0 X
b1 J
b1001 S
b10100110100 e
1.
#230148000
0.
#230166000
b1 X
0-
b1 ,
b10100110101 e
1.
#230184000
0.
#230202000
b10 ,
b10 X
b10100110110 e
1.
#230220000
0.
#230238000
b11 X
b11 ,
b10100110111 e
1.
#230256000
0.
#230274000
b100 ,
b100 X
b10100111000 e
1.
#230292000
0.
#230310000
b101 X
b101 ,
b10100111001 e
1.
#230328000
0.
#230346000
b110 ,
b110 X
b10100111010 e
1.
#230364000
0.
#230382000
b111 X
b111 ,
b10100111011 e
1.
#230400000
0.
#230418000
b1000 ,
b1000 X
b10100111100 e
1.
#230436000
0.
#230454000
b1001 X
b1001 ,
b10100111101 e
1.
#230472000
0.
#230490000
b1010 ,
b1010 X
b10100111110 e
1.
#230508000
0.
#230526000
b1011 X
b1011 ,
b10100111111 e
1.
#230544000
0.
#230562000
b1100 ,
b1100 X
b10101000000 e
1.
#230580000
0.
#230598000
b1101 X
b1101 ,
b10101000001 e
1.
#230616000
0.
#230634000
19
b1110 ,
b1110 X
b10101000010 e
1.
#230652000
0.
#230670000
09
b1010 S
b10 J
b0 X
1-
b0 ,
b10101000011 e
1.
#230688000
0.
#230706000
0-
b1 ,
b1 X
b10101000100 e
1.
#230724000
0.
#230742000
b10 X
b10 ,
b10101000101 e
1.
#230760000
0.
#230778000
b11 ,
b11 X
b10101000110 e
1.
#230796000
0.
#230814000
b100 X
b100 ,
b10101000111 e
1.
#230832000
0.
#230850000
b101 ,
b101 X
b10101001000 e
1.
#230868000
0.
#230886000
b110 X
b110 ,
b10101001001 e
1.
#230904000
0.
#230922000
b111 ,
b111 X
b10101001010 e
1.
#230940000
0.
#230958000
b1000 X
b1000 ,
b10101001011 e
1.
#230976000
0.
#230994000
b1001 ,
b1001 X
b10101001100 e
1.
#231012000
0.
#231030000
b1010 X
b1010 ,
b10101001101 e
1.
#231048000
0.
#231066000
b1011 ,
b1011 X
b10101001110 e
1.
#231084000
0.
#231102000
b1100 X
b1100 ,
b10101001111 e
1.
#231120000
0.
#231138000
b1101 ,
b1101 X
b10101010000 e
1.
#231156000
0.
#231174000
19
b1110 X
b1110 ,
b10101010001 e
1.
#231192000
0.
#231210000
09
1-
b0 ,
b0 X
b11 J
b1011 S
b10101010010 e
1.
#231228000
0.
#231246000
b1 X
0-
b1 ,
b10101010011 e
1.
#231264000
0.
#231282000
b10 ,
b10 X
b10101010100 e
1.
#231300000
0.
#231318000
b11 X
b11 ,
b10101010101 e
1.
#231336000
0.
#231354000
b100 ,
b100 X
b10101010110 e
1.
#231372000
0.
#231390000
b101 X
b101 ,
b10101010111 e
1.
#231408000
0.
#231426000
b110 ,
b110 X
b10101011000 e
1.
#231444000
0.
#231462000
b111 X
b111 ,
b10101011001 e
1.
#231480000
0.
#231498000
b1000 ,
b1000 X
b10101011010 e
1.
#231516000
0.
#231534000
b1001 X
b1001 ,
b10101011011 e
1.
#231552000
0.
#231570000
b1010 ,
b1010 X
b10101011100 e
1.
#231588000
0.
#231606000
b1011 X
b1011 ,
b10101011101 e
1.
#231624000
0.
#231642000
b1100 ,
b1100 X
b10101011110 e
1.
#231660000
0.
#231678000
b1101 X
b1101 ,
b10101011111 e
1.
#231696000
0.
#231714000
19
b1110 ,
b1110 X
b10101100000 e
1.
#231732000
0.
#231750000
09
b1100 S
b100 J
b0 X
1-
b0 ,
b10101100001 e
1.
#231768000
0.
#231786000
0-
b1 ,
b1 X
b10101100010 e
1.
#231804000
0.
#231822000
b10 X
b10 ,
b10101100011 e
1.
#231840000
0.
#231858000
b11 ,
b11 X
b10101100100 e
1.
#231876000
0.
#231894000
b100 X
b100 ,
b10101100101 e
1.
#231912000
0.
#231930000
b101 ,
b101 X
b10101100110 e
1.
#231948000
0.
#231966000
b110 X
b110 ,
b10101100111 e
1.
#231984000
0.
#232002000
b111 ,
b111 X
b10101101000 e
1.
#232020000
0.
#232038000
b1000 X
b1000 ,
b10101101001 e
1.
#232056000
0.
#232074000
b1001 ,
b1001 X
b10101101010 e
1.
#232092000
0.
#232110000
b1010 X
b1010 ,
b10101101011 e
1.
#232128000
0.
#232146000
b1011 ,
b1011 X
b10101101100 e
1.
#232164000
0.
#232182000
b1100 X
b1100 ,
b10101101101 e
1.
#232200000
0.
#232218000
b1101 ,
b1101 X
b10101101110 e
1.
#232236000
0.
#232254000
19
b1110 X
b1110 ,
b10101101111 e
1.
#232272000
0.
#232290000
09
1-
b0 ,
b0 X
b101 J
b1101 S
b10101110000 e
1.
#232308000
0.
#232326000
b1 X
0-
b1 ,
b10101110001 e
1.
#232344000
0.
#232362000
b10 ,
b10 X
b10101110010 e
1.
#232380000
0.
#232398000
b11 X
b11 ,
b10101110011 e
1.
#232416000
0.
#232434000
b100 ,
b100 X
b10101110100 e
1.
#232452000
0.
#232470000
b101 X
b101 ,
b10101110101 e
1.
#232488000
0.
#232506000
b110 ,
b110 X
b10101110110 e
1.
#232524000
0.
#232542000
b111 X
b111 ,
b10101110111 e
1.
#232560000
0.
#232578000
b1000 ,
b1000 X
b10101111000 e
1.
#232596000
0.
#232614000
b1001 X
b1001 ,
b10101111001 e
1.
#232632000
0.
#232650000
b1010 ,
b1010 X
b10101111010 e
1.
#232668000
0.
#232686000
b1011 X
b1011 ,
b10101111011 e
1.
#232704000
0.
#232722000
b1100 ,
b1100 X
b10101111100 e
1.
#232740000
0.
#232758000
b1101 X
b1101 ,
b10101111101 e
1.
#232776000
0.
#232794000
19
b1110 ,
b1110 X
b10101111110 e
1.
#232812000
0.
#232830000
09
b1110 S
b110 J
b0 X
1-
b0 ,
b10101111111 e
1.
#232848000
0.
#232866000
0-
b1 ,
b1 X
b10110000000 e
1.
#232884000
0.
#232902000
b10 X
b10 ,
b10110000001 e
1.
#232920000
0.
#232938000
b11 ,
b11 X
b10110000010 e
1.
#232956000
0.
#232974000
b100 X
b100 ,
b10110000011 e
1.
#232992000
0.
#233010000
b101 ,
b101 X
b10110000100 e
1.
#233028000
0.
#233046000
b110 X
b110 ,
b10110000101 e
1.
#233064000
0.
#233082000
b111 ,
b111 X
b10110000110 e
1.
#233100000
0.
#233118000
b1000 X
b1000 ,
b10110000111 e
1.
#233136000
0.
#233154000
b1001 ,
b1001 X
b10110001000 e
1.
#233172000
0.
#233190000
b1010 X
b1010 ,
b10110001001 e
1.
#233208000
0.
#233226000
b1011 ,
b1011 X
b10110001010 e
1.
#233244000
0.
#233262000
b1100 X
b1100 ,
b10110001011 e
1.
#233280000
0.
#233298000
b1101 ,
b1101 X
b10110001100 e
1.
#233316000
0.
#233334000
19
b1110 X
b1110 ,
b10110001101 e
1.
#233352000
0.
#233370000
09
1-
b0 ,
b0 X
b111 J
b1111 S
b10110001110 e
1.
#233388000
0.
#233406000
b1 X
0-
b1 ,
b10110001111 e
1.
#233424000
0.
#233442000
b10 ,
b10 X
b10110010000 e
1.
#233460000
0.
#233478000
b11 X
b11 ,
b10110010001 e
1.
#233496000
0.
#233514000
b100 ,
b100 X
b10110010010 e
1.
#233532000
0.
#233550000
b101 X
b101 ,
b10110010011 e
1.
#233568000
0.
#233586000
b110 ,
b110 X
b10110010100 e
1.
#233604000
0.
#233622000
b111 X
b111 ,
b10110010101 e
1.
#233640000
0.
#233658000
b1000 ,
b1000 X
b10110010110 e
1.
#233676000
0.
#233694000
b1001 X
b1001 ,
b10110010111 e
1.
#233712000
0.
#233730000
b1010 ,
b1010 X
b10110011000 e
1.
#233748000
0.
#233766000
b1011 X
b1011 ,
b10110011001 e
1.
#233784000
0.
#233802000
b1100 ,
b1100 X
b10110011010 e
1.
#233820000
0.
#233838000
b1101 X
b1101 ,
b10110011011 e
1.
#233856000
0.
#233874000
19
b1110 ,
b1110 X
b10110011100 e
1.
#233892000
0.
#233910000
09
b101 Q
b0 S
b1000 J
b0 X
1-
b0 ,
b10110011101 e
1.
#233928000
0.
#233946000
1"
0-
b1 ,
b1 X
1!
b10110011110 e
1.
#233964000
0.
#233982000
1G
b10 X
b10 ,
b10110011111 e
1.
#234000000
0.
#234018000
b11 ,
b11 X
1H
b10110100000 e
1.
#234036000
0.
#234054000
1I
b100 X
b100 ,
b10110100001 e
1.
#234072000
0.
#234090000
b101 ,
b101 X
b10110100010 e
1.
#234108000
0.
#234126000
b110 X
b110 ,
b10110100011 e
1.
#234144000
0.
#234162000
b111 ,
b111 X
b10110100100 e
1.
#234180000
0.
#234198000
b1000 X
b1000 ,
b10110100101 e
1.
#234216000
0.
#234234000
b1001 ,
b1001 X
b10110100110 e
1.
#234252000
0.
#234270000
b1010 X
b1010 ,
b10110100111 e
1.
#234288000
0.
#234306000
b1011 ,
b1011 X
b10110101000 e
1.
#234324000
0.
#234342000
b1100 X
b1100 ,
b10110101001 e
1.
#234360000
0.
#234378000
b1101 ,
b1101 X
b10110101010 e
1.
#234396000
0.
#234414000
19
b1110 X
b1110 ,
b10110101011 e
1.
#234432000
0.
#234450000
09
1-
b0 ,
b0 X
b1001 J
b1 S
b10110101100 e
1.
#234468000
0.
#234486000
b1 X
0-
b1 ,
b10110101101 e
1.
#234504000
0.
#234522000
b10 ,
b10 X
b10110101110 e
1.
#234540000
0.
#234558000
b11 X
b11 ,
b10110101111 e
1.
#234576000
0.
#234594000
b100 ,
b100 X
b10110110000 e
1.
#234612000
0.
#234630000
b101 X
b101 ,
b10110110001 e
1.
#234648000
0.
#234666000
b110 ,
b110 X
b10110110010 e
1.
#234684000
0.
#234702000
b111 X
b111 ,
b10110110011 e
1.
#234720000
0.
#234738000
b1000 ,
b1000 X
b10110110100 e
1.
#234756000
0.
#234774000
b1001 X
b1001 ,
b10110110101 e
1.
#234792000
0.
#234810000
b1010 ,
b1010 X
b10110110110 e
1.
#234828000
0.
#234846000
b1011 X
b1011 ,
b10110110111 e
1.
#234864000
0.
#234882000
b1100 ,
b1100 X
b10110111000 e
1.
#234900000
0.
#234918000
b1101 X
b1101 ,
b10110111001 e
1.
#234936000
0.
#234954000
19
b1110 ,
b1110 X
b10110111010 e
1.
#234972000
0.
#234990000
09
b10 S
b1010 J
b0 X
1-
b0 ,
b10110111011 e
1.
#235008000
0.
#235026000
0-
b1 ,
b1 X
b10110111100 e
1.
#235044000
0.
#235062000
b10 X
b10 ,
b10110111101 e
1.
#235080000
0.
#235098000
b11 ,
b11 X
b10110111110 e
1.
#235116000
0.
#235134000
b100 X
b100 ,
b10110111111 e
1.
#235152000
0.
#235170000
b101 ,
b101 X
b10111000000 e
1.
#235188000
0.
#235206000
b110 X
b110 ,
b10111000001 e
1.
#235224000
0.
#235242000
b111 ,
b111 X
b10111000010 e
1.
#235260000
0.
#235278000
b1000 X
b1000 ,
b10111000011 e
1.
#235296000
0.
#235314000
b1001 ,
b1001 X
b10111000100 e
1.
#235332000
0.
#235350000
b1010 X
b1010 ,
b10111000101 e
1.
#235368000
0.
#235386000
b1011 ,
b1011 X
b10111000110 e
1.
#235404000
0.
#235422000
b1100 X
b1100 ,
b10111000111 e
1.
#235440000
0.
#235458000
b1101 ,
b1101 X
b10111001000 e
1.
#235476000
0.
#235494000
19
b1110 X
b1110 ,
b10111001001 e
1.
#235512000
0.
#235530000
09
1-
b0 ,
b0 X
b1011 J
b11 S
b10111001010 e
1.
#235548000
0.
#235566000
b1 X
0-
b1 ,
b10111001011 e
1.
#235584000
0.
#235602000
b10 ,
b10 X
b10111001100 e
1.
#235620000
0.
#235638000
b11 X
b11 ,
b10111001101 e
1.
#235656000
0.
#235674000
b100 ,
b100 X
b10111001110 e
1.
#235692000
0.
#235710000
b101 X
b101 ,
b10111001111 e
1.
#235728000
0.
#235746000
b110 ,
b110 X
b10111010000 e
1.
#235764000
0.
#235782000
b111 X
b111 ,
b10111010001 e
1.
#235800000
0.
#235818000
b1000 ,
b1000 X
b10111010010 e
1.
#235836000
0.
#235854000
b1001 X
b1001 ,
b10111010011 e
1.
#235872000
0.
#235890000
b1010 ,
b1010 X
b10111010100 e
1.
#235908000
0.
#235926000
b1011 X
b1011 ,
b10111010101 e
1.
#235944000
0.
#235962000
b1100 ,
b1100 X
b10111010110 e
1.
#235980000
0.
#235998000
b1101 X
b1101 ,
b10111010111 e
1.
#236016000
0.
#236034000
19
b1110 ,
b1110 X
b10111011000 e
1.
#236052000
0.
#236070000
09
b100 S
b1100 J
b0 X
1-
b0 ,
b10111011001 e
1.
#236088000
0.
#236106000
0-
b1 ,
b1 X
b10111011010 e
1.
#236124000
0.
#236142000
b10 X
b10 ,
b10111011011 e
1.
#236160000
0.
#236178000
b11 ,
b11 X
b10111011100 e
1.
#236196000
0.
#236214000
b100 X
b100 ,
b10111011101 e
1.
#236232000
0.
#236250000
b101 ,
b101 X
b10111011110 e
1.
#236268000
0.
#236286000
b110 X
b110 ,
b10111011111 e
1.
#236304000
0.
#236322000
b111 ,
b111 X
b10111100000 e
1.
#236340000
0.
#236358000
b1000 X
b1000 ,
b10111100001 e
1.
#236376000
0.
#236394000
b1001 ,
b1001 X
b10111100010 e
1.
#236412000
0.
#236430000
b1010 X
b1010 ,
b10111100011 e
1.
#236448000
0.
#236466000
b1011 ,
b1011 X
b10111100100 e
1.
#236484000
0.
#236502000
b1100 X
b1100 ,
b10111100101 e
1.
#236520000
0.
#236538000
b1101 ,
b1101 X
b10111100110 e
1.
#236556000
0.
#236574000
19
b1110 X
b1110 ,
b10111100111 e
1.
#236592000
0.
#236610000
09
1-
b0 ,
b0 X
b1101 J
b101 S
b10111101000 e
1.
#236628000
0.
#236646000
b1 X
0-
b1 ,
b10111101001 e
1.
#236664000
0.
#236682000
b10 ,
b10 X
b10111101010 e
1.
#236700000
0.
#236718000
b11 X
b11 ,
b10111101011 e
1.
#236736000
0.
#236754000
b100 ,
b100 X
b10111101100 e
1.
#236772000
0.
#236790000
b101 X
b101 ,
b10111101101 e
1.
#236808000
0.
#236826000
b110 ,
b110 X
b10111101110 e
1.
#236844000
0.
#236862000
b111 X
b111 ,
b10111101111 e
1.
#236880000
0.
#236898000
b1000 ,
b1000 X
b10111110000 e
1.
#236916000
0.
#236934000
b1001 X
b1001 ,
b10111110001 e
1.
#236952000
0.
#236970000
b1010 ,
b1010 X
b10111110010 e
1.
#236988000
0.
#237006000
b1011 X
b1011 ,
b10111110011 e
1.
#237024000
0.
#237042000
b1100 ,
b1100 X
b10111110100 e
1.
#237060000
0.
#237078000
b1101 X
b1101 ,
b10111110101 e
1.
#237096000
0.
#237114000
19
b1110 ,
b1110 X
b10111110110 e
1.
#237132000
0.
#237150000
09
b110 S
b1110 J
b0 X
1-
b0 ,
b10111110111 e
1.
#237168000
0.
#237186000
0-
b1 ,
b1 X
b10111111000 e
1.
#237204000
0.
#237222000
b10 X
b10 ,
b10111111001 e
1.
#237240000
0.
#237258000
b11 ,
b11 X
b10111111010 e
1.
#237276000
0.
#237294000
b100 X
b100 ,
b10111111011 e
1.
#237312000
0.
#237330000
b101 ,
b101 X
b10111111100 e
1.
#237348000
0.
#237366000
b110 X
b110 ,
b10111111101 e
1.
#237384000
0.
#237402000
b111 ,
b111 X
b10111111110 e
1.
#237420000
0.
#237438000
b1000 X
b1000 ,
b10111111111 e
1.
#237456000
0.
#237474000
b1001 ,
b1001 X
b11000000000 e
1.
#237492000
0.
#237510000
b1010 X
b1010 ,
b11000000001 e
1.
#237528000
0.
#237546000
b1011 ,
b1011 X
b11000000010 e
1.
#237564000
0.
#237582000
b1100 X
b1100 ,
b11000000011 e
1.
#237600000
0.
#237618000
b1101 ,
b1101 X
b11000000100 e
1.
#237636000
0.
#237654000
19
b1110 X
b1110 ,
b11000000101 e
1.
#237672000
0.
#237690000
09
1-
b0 ,
b0 X
b1111 J
b111 S
b11000000110 e
1.
#237708000
0.
#237726000
b1 X
0-
b1 ,
b11000000111 e
1.
#237744000
0.
#237762000
b10 ,
b10 X
b11000001000 e
1.
#237780000
0.
#237798000
b11 X
b11 ,
b11000001001 e
1.
#237816000
0.
#237834000
b100 ,
b100 X
b11000001010 e
1.
#237852000
0.
#237870000
b101 X
b101 ,
b11000001011 e
1.
#237888000
0.
#237906000
b110 ,
b110 X
b11000001100 e
1.
#237924000
0.
#237942000
b111 X
b111 ,
b11000001101 e
1.
#237960000
0.
#237978000
b1000 ,
b1000 X
b11000001110 e
1.
#237996000
0.
#238014000
b1001 X
b1001 ,
b11000001111 e
1.
#238032000
0.
#238050000
b1010 ,
b1010 X
b11000010000 e
1.
#238068000
0.
#238086000
b1011 X
b1011 ,
b11000010001 e
1.
#238104000
0.
#238122000
b1100 ,
b1100 X
b11000010010 e
1.
#238140000
0.
#238158000
b1101 X
b1101 ,
b11000010011 e
1.
#238176000
0.
#238194000
19
b1110 ,
b1110 X
b11000010100 e
1.
#238212000
0.
#238230000
09
b1000 S
b110 D
b0 J
b101010 %
b101010 8
b101010 E
b0 X
1-
b0 ,
b11000010101 e
1.
#238248000
0.
#238266000
0-
b1 ,
b1 X
b11000010110 e
1.
#238284000
0.
#238302000
b10 X
b10 ,
b11000010111 e
1.
#238320000
0.
#238338000
b11 ,
b11 X
b11000011000 e
1.
#238356000
0.
#238374000
b100 X
b100 ,
b11000011001 e
1.
#238392000
0.
#238410000
b101 ,
b101 X
b11000011010 e
1.
#238428000
0.
#238446000
b110 X
b110 ,
b11000011011 e
1.
#238464000
0.
#238482000
b111 ,
b111 X
b11000011100 e
1.
#238500000
0.
#238518000
b1000 X
b1000 ,
b11000011101 e
1.
#238536000
0.
#238554000
b1001 ,
b1001 X
b11000011110 e
1.
#238572000
0.
#238590000
b1010 X
b1010 ,
b11000011111 e
1.
#238608000
0.
#238626000
b1011 ,
b1011 X
b11000100000 e
1.
#238644000
0.
#238662000
b1100 X
b1100 ,
b11000100001 e
1.
#238680000
0.
#238698000
b1101 ,
b1101 X
b11000100010 e
1.
#238716000
0.
#238734000
19
b1110 X
b1110 ,
b11000100011 e
1.
#238752000
0.
#238770000
09
1-
b0 ,
b0 X
b1 J
b1001 S
b11000100100 e
1.
#238788000
0.
#238806000
b1 X
0-
b1 ,
b11000100101 e
1.
#238824000
0.
#238842000
b10 ,
b10 X
b11000100110 e
1.
#238860000
0.
#238878000
b11 X
b11 ,
b11000100111 e
1.
#238896000
0.
#238914000
b100 ,
b100 X
b11000101000 e
1.
#238932000
0.
#238950000
b101 X
b101 ,
b11000101001 e
1.
#238968000
0.
#238986000
b110 ,
b110 X
b11000101010 e
1.
#239004000
0.
#239022000
b111 X
b111 ,
b11000101011 e
1.
#239040000
0.
#239058000
b1000 ,
b1000 X
b11000101100 e
1.
#239076000
0.
#239094000
b1001 X
b1001 ,
b11000101101 e
1.
#239112000
0.
#239130000
b1010 ,
b1010 X
b11000101110 e
1.
#239148000
0.
#239166000
b1011 X
b1011 ,
b11000101111 e
1.
#239184000
0.
#239202000
b1100 ,
b1100 X
b11000110000 e
1.
#239220000
0.
#239238000
b1101 X
b1101 ,
b11000110001 e
1.
#239256000
0.
#239274000
19
b1110 ,
b1110 X
b11000110010 e
1.
#239292000
0.
#239310000
09
b1010 S
b10 J
b0 X
1-
b0 ,
b11000110011 e
1.
#239328000
0.
#239346000
0-
b1 ,
b1 X
b11000110100 e
1.
#239364000
0.
#239382000
b10 X
b10 ,
b11000110101 e
1.
#239400000
0.
#239418000
b11 ,
b11 X
b11000110110 e
1.
#239436000
0.
#239454000
b100 X
b100 ,
b11000110111 e
1.
#239472000
0.
#239490000
b101 ,
b101 X
b11000111000 e
1.
#239508000
0.
#239526000
b110 X
b110 ,
b11000111001 e
1.
#239544000
0.
#239562000
b111 ,
b111 X
b11000111010 e
1.
#239580000
0.
#239598000
b1000 X
b1000 ,
b11000111011 e
1.
#239616000
0.
#239634000
b1001 ,
b1001 X
b11000111100 e
1.
#239652000
0.
#239670000
b1010 X
b1010 ,
b11000111101 e
1.
#239688000
0.
#239706000
b1011 ,
b1011 X
b11000111110 e
1.
#239724000
0.
#239742000
b1100 X
b1100 ,
b11000111111 e
1.
#239760000
0.
#239778000
b1101 ,
b1101 X
b11001000000 e
1.
#239796000
0.
#239814000
19
b1110 X
b1110 ,
b11001000001 e
1.
#239832000
0.
#239850000
09
1-
b0 ,
b0 X
b11 J
b1011 S
b11001000010 e
1.
#239868000
0.
#239886000
b1 X
0-
b1 ,
b11001000011 e
1.
#239904000
0.
#239922000
b10 ,
b10 X
b11001000100 e
1.
#239940000
0.
#239958000
b11 X
b11 ,
b11001000101 e
1.
#239976000
0.
#239994000
b100 ,
b100 X
b11001000110 e
1.
#240012000
0.
#240030000
b101 X
b101 ,
b11001000111 e
1.
#240048000
0.
#240066000
b110 ,
b110 X
b11001001000 e
1.
#240084000
0.
#240102000
b111 X
b111 ,
b11001001001 e
1.
#240120000
0.
#240138000
b1000 ,
b1000 X
b11001001010 e
1.
#240156000
0.
#240174000
b1001 X
b1001 ,
b11001001011 e
1.
#240192000
0.
#240210000
b1010 ,
b1010 X
b11001001100 e
1.
#240228000
0.
#240246000
b1011 X
b1011 ,
b11001001101 e
1.
#240264000
0.
#240282000
b1100 ,
b1100 X
b11001001110 e
1.
#240300000
0.
#240318000
b1101 X
b1101 ,
b11001001111 e
1.
#240336000
0.
#240354000
19
b1110 ,
b1110 X
b11001010000 e
1.
#240372000
0.
#240390000
09
b1100 S
b100 J
b0 X
1-
b0 ,
b11001010001 e
1.
#240408000
0.
#240426000
0-
b1 ,
b1 X
b11001010010 e
1.
#240444000
0.
#240462000
b10 X
b10 ,
b11001010011 e
1.
#240480000
0.
#240498000
b11 ,
b11 X
b11001010100 e
1.
#240516000
0.
#240534000
b100 X
b100 ,
b11001010101 e
1.
#240552000
0.
#240570000
b101 ,
b101 X
b11001010110 e
1.
#240588000
0.
#240606000
b110 X
b110 ,
b11001010111 e
1.
#240624000
0.
#240642000
b111 ,
b111 X
b11001011000 e
1.
#240660000
0.
#240678000
b1000 X
b1000 ,
b11001011001 e
1.
#240696000
0.
#240714000
b1001 ,
b1001 X
b11001011010 e
1.
#240732000
0.
#240750000
b1010 X
b1010 ,
b11001011011 e
1.
#240768000
0.
#240786000
b1011 ,
b1011 X
b11001011100 e
1.
#240804000
0.
#240822000
b1100 X
b1100 ,
b11001011101 e
1.
#240840000
0.
#240858000
b1101 ,
b1101 X
b11001011110 e
1.
#240876000
0.
#240894000
19
b1110 X
b1110 ,
b11001011111 e
1.
#240912000
0.
#240930000
09
1-
b0 ,
b0 X
b101 J
b1101 S
b11001100000 e
1.
#240948000
0.
#240966000
b1 X
0-
b1 ,
b11001100001 e
1.
#240984000
0.
#241002000
b10 ,
b10 X
b11001100010 e
1.
#241020000
0.
#241038000
b11 X
b11 ,
b11001100011 e
1.
#241056000
0.
#241074000
b100 ,
b100 X
b11001100100 e
1.
#241092000
0.
#241110000
b101 X
b101 ,
b11001100101 e
1.
#241128000
0.
#241146000
b110 ,
b110 X
b11001100110 e
1.
#241164000
0.
#241182000
b111 X
b111 ,
b11001100111 e
1.
#241200000
0.
#241218000
b1000 ,
b1000 X
b11001101000 e
1.
#241236000
0.
#241254000
b1001 X
b1001 ,
b11001101001 e
1.
#241272000
0.
#241290000
b1010 ,
b1010 X
b11001101010 e
1.
#241308000
0.
#241326000
b1011 X
b1011 ,
b11001101011 e
1.
#241344000
0.
#241362000
b1100 ,
b1100 X
b11001101100 e
1.
#241380000
0.
#241398000
b1101 X
b1101 ,
b11001101101 e
1.
#241416000
0.
#241434000
19
b1110 ,
b1110 X
b11001101110 e
1.
#241452000
0.
#241470000
09
b1110 S
b110 J
b0 X
1-
b0 ,
b11001101111 e
1.
#241488000
0.
#241506000
0-
b1 ,
b1 X
b11001110000 e
1.
#241524000
0.
#241542000
b10 X
b10 ,
b11001110001 e
1.
#241560000
0.
#241578000
b11 ,
b11 X
b11001110010 e
1.
#241596000
0.
#241614000
b100 X
b100 ,
b11001110011 e
1.
#241632000
0.
#241650000
b101 ,
b101 X
b11001110100 e
1.
#241668000
0.
#241686000
b110 X
b110 ,
b11001110101 e
1.
#241704000
0.
#241722000
b111 ,
b111 X
b11001110110 e
1.
#241740000
0.
#241758000
b1000 X
b1000 ,
b11001110111 e
1.
#241776000
0.
#241794000
b1001 ,
b1001 X
b11001111000 e
1.
#241812000
0.
#241830000
b1010 X
b1010 ,
b11001111001 e
1.
#241848000
0.
#241866000
b1011 ,
b1011 X
b11001111010 e
1.
#241884000
0.
#241902000
b1100 X
b1100 ,
b11001111011 e
1.
#241920000
0.
#241938000
b1101 ,
b1101 X
b11001111100 e
1.
#241956000
0.
#241974000
19
b1110 X
b1110 ,
b11001111101 e
1.
#241992000
0.
#242010000
09
1-
b0 ,
b0 X
b111 J
b1111 S
b11001111110 e
1.
#242028000
0.
#242046000
b1 X
0-
b1 ,
b11001111111 e
1.
#242064000
0.
#242082000
b10 ,
b10 X
b11010000000 e
1.
#242100000
0.
#242118000
b11 X
b11 ,
b11010000001 e
1.
#242136000
0.
#242154000
b100 ,
b100 X
b11010000010 e
1.
#242172000
0.
#242190000
b101 X
b101 ,
b11010000011 e
1.
#242208000
0.
#242226000
b110 ,
b110 X
b11010000100 e
1.
#242244000
0.
#242262000
b111 X
b111 ,
b11010000101 e
1.
#242280000
0.
#242298000
b1000 ,
b1000 X
b11010000110 e
1.
#242316000
0.
#242334000
b1001 X
b1001 ,
b11010000111 e
1.
#242352000
0.
#242370000
b1010 ,
b1010 X
b11010001000 e
1.
#242388000
0.
#242406000
b1011 X
b1011 ,
b11010001001 e
1.
#242424000
0.
#242442000
b1100 ,
b1100 X
b11010001010 e
1.
#242460000
0.
#242478000
b1101 X
b1101 ,
b11010001011 e
1.
#242496000
0.
#242514000
19
b1110 ,
b1110 X
b11010001100 e
1.
#242532000
0.
#242550000
09
b110 Q
b0 S
b1000 J
b0 X
1-
b0 ,
b11010001101 e
1.
#242568000
0.
#242586000
0"
0-
b1 ,
b1 X
0!
b11010001110 e
1.
#242604000
0.
#242622000
0G
b10 X
b10 ,
b11010001111 e
1.
#242640000
0.
#242658000
b11 ,
b11 X
0H
b11010010000 e
1.
#242676000
0.
#242694000
0I
b100 X
b100 ,
b11010010001 e
1.
#242712000
0.
#242730000
b101 ,
b101 X
b11010010010 e
1.
#242748000
0.
#242766000
b110 X
b110 ,
b11010010011 e
1.
#242784000
0.
#242802000
b111 ,
b111 X
b11010010100 e
1.
#242820000
0.
#242838000
b1000 X
b1000 ,
b11010010101 e
1.
#242856000
0.
#242874000
b1001 ,
b1001 X
b11010010110 e
1.
#242892000
0.
#242910000
b1010 X
b1010 ,
b11010010111 e
1.
#242928000
0.
#242946000
b1011 ,
b1011 X
b11010011000 e
1.
#242964000
0.
#242982000
b1100 X
b1100 ,
b11010011001 e
1.
#243000000
0.
#243018000
b1101 ,
b1101 X
b11010011010 e
1.
#243036000
0.
#243054000
19
b1110 X
b1110 ,
b11010011011 e
1.
#243072000
0.
#243090000
09
1-
b0 ,
b0 X
b1001 J
b1 S
b11010011100 e
1.
#243108000
0.
#243126000
b1 X
0-
b1 ,
b11010011101 e
1.
#243144000
0.
#243162000
b10 ,
b10 X
b11010011110 e
1.
#243180000
0.
#243198000
b11 X
b11 ,
b11010011111 e
1.
#243216000
0.
#243234000
b100 ,
b100 X
b11010100000 e
1.
#243252000
0.
#243270000
b101 X
b101 ,
b11010100001 e
1.
#243288000
0.
#243306000
b110 ,
b110 X
b11010100010 e
1.
#243324000
0.
#243342000
b111 X
b111 ,
b11010100011 e
1.
#243360000
0.
#243378000
b1000 ,
b1000 X
b11010100100 e
1.
#243396000
0.
#243414000
b1001 X
b1001 ,
b11010100101 e
1.
#243432000
0.
#243450000
b1010 ,
b1010 X
b11010100110 e
1.
#243468000
0.
#243486000
b1011 X
b1011 ,
b11010100111 e
1.
#243504000
0.
#243522000
b1100 ,
b1100 X
b11010101000 e
1.
#243540000
0.
#243558000
b1101 X
b1101 ,
b11010101001 e
1.
#243576000
0.
#243594000
19
b1110 ,
b1110 X
b11010101010 e
1.
#243612000
0.
#243630000
09
b10 S
b1010 J
b0 X
1-
b0 ,
b11010101011 e
1.
#243648000
0.
#243666000
0-
b1 ,
b1 X
b11010101100 e
1.
#243684000
0.
#243702000
b10 X
b10 ,
b11010101101 e
1.
#243720000
0.
#243738000
b11 ,
b11 X
b11010101110 e
1.
#243756000
0.
#243774000
b100 X
b100 ,
b11010101111 e
1.
#243792000
0.
#243810000
b101 ,
b101 X
b11010110000 e
1.
#243828000
0.
#243846000
b110 X
b110 ,
b11010110001 e
1.
#243864000
0.
#243882000
b111 ,
b111 X
b11010110010 e
1.
#243900000
0.
#243918000
b1000 X
b1000 ,
b11010110011 e
1.
#243936000
0.
#243954000
b1001 ,
b1001 X
b11010110100 e
1.
#243972000
0.
#243990000
b1010 X
b1010 ,
b11010110101 e
1.
#244008000
0.
#244026000
b1011 ,
b1011 X
b11010110110 e
1.
#244044000
0.
#244062000
b1100 X
b1100 ,
b11010110111 e
1.
#244080000
0.
#244098000
b1101 ,
b1101 X
b11010111000 e
1.
#244116000
0.
#244134000
19
b1110 X
b1110 ,
b11010111001 e
1.
#244152000
0.
#244170000
09
1-
b0 ,
b0 X
b1011 J
b11 S
b11010111010 e
1.
#244188000
0.
#244206000
b1 X
0-
b1 ,
b11010111011 e
1.
#244224000
0.
#244242000
b10 ,
b10 X
b11010111100 e
1.
#244260000
0.
#244278000
b11 X
b11 ,
b11010111101 e
1.
#244296000
0.
#244314000
b100 ,
b100 X
b11010111110 e
1.
#244332000
0.
#244350000
b101 X
b101 ,
b11010111111 e
1.
#244368000
0.
#244386000
b110 ,
b110 X
b11011000000 e
1.
#244404000
0.
#244422000
b111 X
b111 ,
b11011000001 e
1.
#244440000
0.
#244458000
b1000 ,
b1000 X
b11011000010 e
1.
#244476000
0.
#244494000
b1001 X
b1001 ,
b11011000011 e
1.
#244512000
0.
#244530000
b1010 ,
b1010 X
b11011000100 e
1.
#244548000
0.
#244566000
b1011 X
b1011 ,
b11011000101 e
1.
#244584000
0.
#244602000
b1100 ,
b1100 X
b11011000110 e
1.
#244620000
0.
#244638000
b1101 X
b1101 ,
b11011000111 e
1.
#244656000
0.
#244674000
19
b1110 ,
b1110 X
b11011001000 e
1.
#244692000
0.
#244710000
09
b100 S
b1100 J
b0 X
1-
b0 ,
b11011001001 e
1.
#244728000
0.
#244746000
0-
b1 ,
b1 X
b11011001010 e
1.
#244764000
0.
#244782000
b10 X
b10 ,
b11011001011 e
1.
#244800000
0.
#244818000
b11 ,
b11 X
b11011001100 e
1.
#244836000
0.
#244854000
b100 X
b100 ,
b11011001101 e
1.
#244872000
0.
#244890000
b101 ,
b101 X
b11011001110 e
1.
#244908000
0.
#244926000
b110 X
b110 ,
b11011001111 e
1.
#244944000
0.
#244962000
b111 ,
b111 X
b11011010000 e
1.
#244980000
0.
#244998000
b1000 X
b1000 ,
b11011010001 e
1.
#245016000
0.
#245034000
b1001 ,
b1001 X
b11011010010 e
1.
#245052000
0.
#245070000
b1010 X
b1010 ,
b11011010011 e
1.
#245088000
0.
#245106000
b1011 ,
b1011 X
b11011010100 e
1.
#245124000
0.
#245142000
b1100 X
b1100 ,
b11011010101 e
1.
#245160000
0.
#245178000
b1101 ,
b1101 X
b11011010110 e
1.
#245196000
0.
#245214000
19
b1110 X
b1110 ,
b11011010111 e
1.
#245232000
0.
#245250000
09
1-
b0 ,
b0 X
b1101 J
b101 S
b11011011000 e
1.
#245268000
0.
#245286000
b1 X
0-
b1 ,
b11011011001 e
1.
#245304000
0.
#245322000
b10 ,
b10 X
b11011011010 e
1.
#245340000
0.
#245358000
b11 X
b11 ,
b11011011011 e
1.
#245376000
0.
#245394000
b100 ,
b100 X
b11011011100 e
1.
#245412000
0.
#245430000
b101 X
b101 ,
b11011011101 e
1.
#245448000
0.
#245466000
b110 ,
b110 X
b11011011110 e
1.
#245484000
0.
#245502000
b111 X
b111 ,
b11011011111 e
1.
#245520000
0.
#245538000
b1000 ,
b1000 X
b11011100000 e
1.
#245556000
0.
#245574000
b1001 X
b1001 ,
b11011100001 e
1.
#245592000
0.
#245610000
b1010 ,
b1010 X
b11011100010 e
1.
#245628000
0.
#245646000
b1011 X
b1011 ,
b11011100011 e
1.
#245664000
0.
#245682000
b1100 ,
b1100 X
b11011100100 e
1.
#245700000
0.
#245718000
b1101 X
b1101 ,
b11011100101 e
1.
#245736000
0.
#245754000
19
b1110 ,
b1110 X
b11011100110 e
1.
#245772000
0.
#245790000
09
b110 S
b1110 J
b0 X
1-
b0 ,
b11011100111 e
1.
#245808000
0.
#245826000
0-
b1 ,
b1 X
b11011101000 e
1.
#245844000
0.
#245862000
b10 X
b10 ,
b11011101001 e
1.
#245880000
0.
#245898000
b11 ,
b11 X
b11011101010 e
1.
#245916000
0.
#245934000
b100 X
b100 ,
b11011101011 e
1.
#245952000
0.
#245970000
b101 ,
b101 X
b11011101100 e
1.
#245988000
0.
#246006000
b110 X
b110 ,
b11011101101 e
1.
#246024000
0.
#246042000
b111 ,
b111 X
b11011101110 e
1.
#246060000
0.
#246078000
b1000 X
b1000 ,
b11011101111 e
1.
#246096000
0.
#246114000
b1001 ,
b1001 X
b11011110000 e
1.
#246132000
0.
#246150000
b1010 X
b1010 ,
b11011110001 e
1.
#246168000
0.
#246186000
b1011 ,
b1011 X
b11011110010 e
1.
#246204000
0.
#246222000
b1100 X
b1100 ,
b11011110011 e
1.
#246240000
0.
#246258000
b1101 ,
b1101 X
b11011110100 e
1.
#246276000
0.
#246294000
19
b1110 X
b1110 ,
b11011110101 e
1.
#246312000
0.
#246330000
09
1-
b0 ,
b0 X
b1111 J
b111 S
b11011110110 e
1.
#246348000
0.
#246366000
b1 X
0-
b1 ,
b11011110111 e
1.
#246384000
0.
#246402000
b10 ,
b10 X
b11011111000 e
1.
#246420000
0.
#246438000
b11 X
b11 ,
b11011111001 e
1.
#246456000
0.
#246474000
b100 ,
b100 X
b11011111010 e
1.
#246492000
0.
#246510000
b101 X
b101 ,
b11011111011 e
1.
#246528000
0.
#246546000
b110 ,
b110 X
b11011111100 e
1.
#246564000
0.
#246582000
b111 X
b111 ,
b11011111101 e
1.
#246600000
0.
#246618000
b1000 ,
b1000 X
b11011111110 e
1.
#246636000
0.
#246654000
b1001 X
b1001 ,
b11011111111 e
1.
#246672000
0.
#246690000
b1010 ,
b1010 X
b11100000000 e
1.
#246708000
0.
#246726000
b1011 X
b1011 ,
b11100000001 e
1.
#246744000
0.
#246762000
b1100 ,
b1100 X
b11100000010 e
1.
#246780000
0.
#246798000
b1101 X
b1101 ,
b11100000011 e
1.
#246816000
0.
#246834000
19
b1110 ,
b1110 X
b11100000100 e
1.
#246852000
0.
#246870000
09
b1000 S
b111 D
b0 J
b0 X
1-
b0 ,
b11100000101 e
1.
#246888000
0.
#246906000
0-
b1 ,
b1 X
b11100000110 e
1.
#246924000
0.
#246942000
b10 X
b10 ,
b11100000111 e
1.
#246960000
0.
#246978000
b11 ,
b11 X
b11100001000 e
1.
#246996000
0.
#247014000
b100 X
b100 ,
b11100001001 e
1.
#247032000
0.
#247050000
b101 ,
b101 X
b11100001010 e
1.
#247068000
0.
#247086000
b110 X
b110 ,
b11100001011 e
1.
#247104000
0.
#247122000
b111 ,
b111 X
b11100001100 e
1.
#247140000
0.
#247158000
b1000 X
b1000 ,
b11100001101 e
1.
#247176000
0.
#247194000
b1001 ,
b1001 X
b11100001110 e
1.
#247212000
0.
#247230000
b1010 X
b1010 ,
b11100001111 e
1.
#247248000
0.
#247266000
b1011 ,
b1011 X
b11100010000 e
1.
#247284000
0.
#247302000
b1100 X
b1100 ,
b11100010001 e
1.
#247320000
0.
#247338000
b1101 ,
b1101 X
b11100010010 e
1.
#247356000
0.
#247374000
19
b1110 X
b1110 ,
b11100010011 e
1.
#247392000
0.
#247410000
09
1-
b0 ,
b0 X
b1 J
b1001 S
b11100010100 e
1.
#247428000
0.
#247446000
b1 X
0-
b1 ,
b11100010101 e
1.
#247464000
0.
#247482000
b10 ,
b10 X
b11100010110 e
1.
#247500000
0.
#247518000
b11 X
b11 ,
b11100010111 e
1.
#247536000
0.
#247554000
b100 ,
b100 X
b11100011000 e
1.
#247572000
0.
#247590000
b101 X
b101 ,
b11100011001 e
1.
#247608000
0.
#247626000
b110 ,
b110 X
b11100011010 e
1.
#247644000
0.
#247662000
b111 X
b111 ,
b11100011011 e
1.
#247680000
0.
#247698000
b1000 ,
b1000 X
b11100011100 e
1.
#247716000
0.
#247734000
b1001 X
b1001 ,
b11100011101 e
1.
#247752000
0.
#247770000
b1010 ,
b1010 X
b11100011110 e
1.
#247788000
0.
#247806000
b1011 X
b1011 ,
b11100011111 e
1.
#247824000
0.
#247842000
b1100 ,
b1100 X
b11100100000 e
1.
#247860000
0.
#247878000
b1101 X
b1101 ,
b11100100001 e
1.
#247896000
0.
#247914000
19
b1110 ,
b1110 X
b11100100010 e
1.
#247932000
0.
#247950000
09
b1010 S
b10 J
b0 X
1-
b0 ,
b11100100011 e
1.
#247968000
0.
#247986000
0-
b1 ,
b1 X
b11100100100 e
1.
#248004000
0.
#248022000
b10 X
b10 ,
b11100100101 e
1.
#248040000
0.
#248058000
b11 ,
b11 X
b11100100110 e
1.
#248076000
0.
#248094000
b100 X
b100 ,
b11100100111 e
1.
#248112000
0.
#248130000
b101 ,
b101 X
b11100101000 e
1.
#248148000
0.
#248166000
b110 X
b110 ,
b11100101001 e
1.
#248184000
0.
#248202000
b111 ,
b111 X
b11100101010 e
1.
#248220000
0.
#248238000
b1000 X
b1000 ,
b11100101011 e
1.
#248256000
0.
#248274000
b1001 ,
b1001 X
b11100101100 e
1.
#248292000
0.
#248310000
b1010 X
b1010 ,
b11100101101 e
1.
#248328000
0.
#248346000
b1011 ,
b1011 X
b11100101110 e
1.
#248364000
0.
#248382000
b1100 X
b1100 ,
b11100101111 e
1.
#248400000
0.
#248418000
b1101 ,
b1101 X
b11100110000 e
1.
#248436000
0.
#248454000
19
b1110 X
b1110 ,
b11100110001 e
1.
#248472000
0.
#248490000
09
1-
b0 ,
b0 X
b11 J
b1011 S
b11100110010 e
1.
#248508000
0.
#248526000
b1 X
0-
b1 ,
b11100110011 e
1.
#248544000
0.
#248562000
b10 ,
b10 X
b11100110100 e
1.
#248580000
0.
#248598000
b11 X
b11 ,
b11100110101 e
1.
#248616000
0.
#248634000
b100 ,
b100 X
b11100110110 e
1.
#248652000
0.
#248670000
b101 X
b101 ,
b11100110111 e
1.
#248688000
0.
#248706000
b110 ,
b110 X
b11100111000 e
1.
#248724000
0.
#248742000
b111 X
b111 ,
b11100111001 e
1.
#248760000
0.
#248778000
b1000 ,
b1000 X
b11100111010 e
1.
#248796000
0.
#248814000
b1001 X
b1001 ,
b11100111011 e
1.
#248832000
0.
#248850000
b1010 ,
b1010 X
b11100111100 e
1.
#248868000
0.
#248886000
b1011 X
b1011 ,
b11100111101 e
1.
#248904000
0.
#248922000
b1100 ,
b1100 X
b11100111110 e
1.
#248940000
0.
#248958000
b1101 X
b1101 ,
b11100111111 e
1.
#248976000
0.
#248994000
19
b1110 ,
b1110 X
b11101000000 e
1.
#249012000
0.
#249030000
09
b1100 S
b100 J
b0 X
1-
b0 ,
b11101000001 e
1.
#249048000
0.
#249066000
0-
b1 ,
b1 X
b11101000010 e
1.
#249084000
0.
#249102000
b10 X
b10 ,
b11101000011 e
1.
#249120000
0.
#249138000
b11 ,
b11 X
b11101000100 e
1.
#249156000
0.
#249174000
b100 X
b100 ,
b11101000101 e
1.
#249192000
0.
#249210000
b101 ,
b101 X
b11101000110 e
1.
#249228000
0.
#249246000
b110 X
b110 ,
b11101000111 e
1.
#249264000
0.
#249282000
b111 ,
b111 X
b11101001000 e
1.
#249300000
0.
#249318000
b1000 X
b1000 ,
b11101001001 e
1.
#249336000
0.
#249354000
b1001 ,
b1001 X
b11101001010 e
1.
#249372000
0.
#249390000
b1010 X
b1010 ,
b11101001011 e
1.
#249408000
0.
#249426000
b1011 ,
b1011 X
b11101001100 e
1.
#249444000
0.
#249462000
b1100 X
b1100 ,
b11101001101 e
1.
#249480000
0.
#249498000
b1101 ,
b1101 X
b11101001110 e
1.
#249516000
0.
#249534000
19
b1110 X
b1110 ,
b11101001111 e
1.
#249552000
0.
#249570000
09
1-
b0 ,
b0 X
b101 J
b1101 S
b11101010000 e
1.
#249588000
0.
#249606000
b1 X
0-
b1 ,
b11101010001 e
1.
#249624000
0.
#249642000
b10 ,
b10 X
b11101010010 e
1.
#249660000
0.
#249678000
b11 X
b11 ,
b11101010011 e
1.
#249696000
0.
#249714000
b100 ,
b100 X
b11101010100 e
1.
#249732000
0.
#249750000
b101 X
b101 ,
b11101010101 e
1.
#249768000
0.
#249786000
b110 ,
b110 X
b11101010110 e
1.
#249804000
0.
#249822000
b111 X
b111 ,
b11101010111 e
1.
#249840000
0.
#249858000
b1000 ,
b1000 X
b11101011000 e
1.
#249876000
0.
#249894000
b1001 X
b1001 ,
b11101011001 e
1.
#249912000
0.
#249930000
b1010 ,
b1010 X
b11101011010 e
1.
#249948000
0.
#249966000
b1011 X
b1011 ,
b11101011011 e
1.
#249984000
0.
#250002000
b1100 ,
b1100 X
b11101011100 e
1.
#250020000
0.
#250038000
b1101 X
b1101 ,
b11101011101 e
1.
#250056000
0.
#250074000
19
b1110 ,
b1110 X
b11101011110 e
1.
#250092000
0.
#250110000
09
b1110 S
b110 J
b0 X
1-
b0 ,
b11101011111 e
1.
#250128000
0.
#250146000
0-
b1 ,
b1 X
b11101100000 e
1.
#250164000
0.
#250182000
b10 X
b10 ,
b11101100001 e
1.
#250200000
0.
#250218000
b11 ,
b11 X
b11101100010 e
1.
#250236000
0.
#250254000
b100 X
b100 ,
b11101100011 e
1.
#250272000
0.
#250290000
b101 ,
b101 X
b11101100100 e
1.
#250308000
0.
#250326000
b110 X
b110 ,
b11101100101 e
1.
#250344000
0.
#250362000
b111 ,
b111 X
b11101100110 e
1.
#250380000
0.
#250398000
b1000 X
b1000 ,
b11101100111 e
1.
#250416000
0.
#250434000
b1001 ,
b1001 X
b11101101000 e
1.
#250452000
0.
#250470000
b1010 X
b1010 ,
b11101101001 e
1.
#250488000
0.
#250506000
b1011 ,
b1011 X
b11101101010 e
1.
#250524000
0.
#250542000
b1100 X
b1100 ,
b11101101011 e
1.
#250560000
0.
#250578000
b1101 ,
b1101 X
b11101101100 e
1.
#250596000
0.
#250614000
19
b1110 X
b1110 ,
b11101101101 e
1.
#250632000
0.
#250650000
09
1-
b0 ,
b0 X
b111 J
b1111 S
b11101101110 e
1.
#250668000
0.
#250686000
b1 X
0-
b1 ,
b11101101111 e
1.
#250704000
0.
#250722000
b10 ,
b10 X
b11101110000 e
1.
#250740000
0.
#250758000
b11 X
b11 ,
b11101110001 e
1.
#250776000
0.
#250794000
b100 ,
b100 X
b11101110010 e
1.
#250812000
0.
#250830000
b101 X
b101 ,
b11101110011 e
1.
#250848000
0.
#250866000
b110 ,
b110 X
b11101110100 e
1.
#250884000
0.
#250902000
b111 X
b111 ,
b11101110101 e
1.
#250920000
0.
#250938000
b1000 ,
b1000 X
b11101110110 e
1.
#250956000
0.
#250974000
b1001 X
b1001 ,
b11101110111 e
1.
#250992000
0.
#251010000
b1010 ,
b1010 X
b11101111000 e
1.
#251028000
0.
#251046000
b1011 X
b1011 ,
b11101111001 e
1.
#251064000
0.
#251082000
b1100 ,
b1100 X
b11101111010 e
1.
#251100000
0.
#251118000
b1101 X
b1101 ,
b11101111011 e
1.
#251136000
0.
#251154000
19
b1110 ,
b1110 X
b11101111100 e
1.
#251172000
0.
#251190000
09
b111 Q
b0 S
b1000 J
b0 X
1-
b0 ,
b11101111101 e
1.
#251208000
0.
#251226000
1"
0-
b1 ,
b1 X
1!
b11101111110 e
1.
#251244000
0.
#251262000
1G
b10 X
b10 ,
b11101111111 e
1.
#251280000
0.
#251298000
b11 ,
b11 X
1H
b11110000000 e
1.
#251316000
0.
#251334000
1I
b100 X
b100 ,
b11110000001 e
1.
#251352000
0.
#251370000
b101 ,
b101 X
b11110000010 e
1.
#251388000
0.
#251406000
b110 X
b110 ,
b11110000011 e
1.
#251424000
0.
#251442000
b111 ,
b111 X
b11110000100 e
1.
#251460000
0.
#251478000
b1000 X
b1000 ,
b11110000101 e
1.
#251496000
0.
#251514000
b1001 ,
b1001 X
b11110000110 e
1.
#251532000
0.
#251550000
b1010 X
b1010 ,
b11110000111 e
1.
#251568000
0.
#251586000
b1011 ,
b1011 X
b11110001000 e
1.
#251604000
0.
#251622000
b1100 X
b1100 ,
b11110001001 e
1.
#251640000
0.
#251658000
b1101 ,
b1101 X
b11110001010 e
1.
#251676000
0.
#251694000
19
b1110 X
b1110 ,
b11110001011 e
1.
#251712000
0.
#251730000
09
1-
b0 ,
b0 X
b1001 J
b1 S
b11110001100 e
1.
#251748000
0.
#251766000
b1 X
0-
b1 ,
b11110001101 e
1.
#251784000
0.
#251802000
b10 ,
b10 X
b11110001110 e
1.
#251820000
0.
#251838000
b11 X
b11 ,
b11110001111 e
1.
#251856000
0.
#251874000
b100 ,
b100 X
b11110010000 e
1.
#251892000
0.
#251910000
b101 X
b101 ,
b11110010001 e
1.
#251928000
0.
#251946000
b110 ,
b110 X
b11110010010 e
1.
#251964000
0.
#251982000
b111 X
b111 ,
b11110010011 e
1.
#252000000
0.
#252018000
b1000 ,
b1000 X
b11110010100 e
1.
#252036000
0.
#252054000
b1001 X
b1001 ,
b11110010101 e
1.
#252072000
0.
#252090000
b1010 ,
b1010 X
b11110010110 e
1.
#252108000
0.
#252126000
b1011 X
b1011 ,
b11110010111 e
1.
#252144000
0.
#252162000
b1100 ,
b1100 X
b11110011000 e
1.
#252180000
0.
#252198000
b1101 X
b1101 ,
b11110011001 e
1.
#252216000
0.
#252234000
19
b1110 ,
b1110 X
b11110011010 e
1.
#252252000
0.
#252270000
09
b10 S
b1010 J
b0 X
1-
b0 ,
b11110011011 e
1.
#252288000
0.
#252306000
0-
b1 ,
b1 X
b11110011100 e
1.
#252324000
0.
#252342000
b10 X
b10 ,
b11110011101 e
1.
#252360000
0.
#252378000
b11 ,
b11 X
b11110011110 e
1.
#252396000
0.
#252414000
b100 X
b100 ,
b11110011111 e
1.
#252432000
0.
#252450000
b101 ,
b101 X
b11110100000 e
1.
#252468000
0.
#252486000
b110 X
b110 ,
b11110100001 e
1.
#252504000
0.
#252522000
b111 ,
b111 X
b11110100010 e
1.
#252540000
0.
#252558000
b1000 X
b1000 ,
b11110100011 e
1.
#252576000
0.
#252594000
b1001 ,
b1001 X
b11110100100 e
1.
#252612000
0.
#252630000
b1010 X
b1010 ,
b11110100101 e
1.
#252648000
0.
#252666000
b1011 ,
b1011 X
b11110100110 e
1.
#252684000
0.
#252702000
b1100 X
b1100 ,
b11110100111 e
1.
#252720000
0.
#252738000
b1101 ,
b1101 X
b11110101000 e
1.
#252756000
0.
#252774000
19
b1110 X
b1110 ,
b11110101001 e
1.
#252792000
0.
#252810000
09
1-
b0 ,
b0 X
b1011 J
b11 S
b11110101010 e
1.
#252828000
0.
#252846000
b1 X
0-
b1 ,
b11110101011 e
1.
#252864000
0.
#252882000
b10 ,
b10 X
b11110101100 e
1.
#252900000
0.
#252918000
b11 X
b11 ,
b11110101101 e
1.
#252936000
0.
#252954000
b100 ,
b100 X
b11110101110 e
1.
#252972000
0.
#252990000
b101 X
b101 ,
b11110101111 e
1.
#253008000
0.
#253026000
b110 ,
b110 X
b11110110000 e
1.
#253044000
0.
#253062000
b111 X
b111 ,
b11110110001 e
1.
#253080000
0.
#253098000
b1000 ,
b1000 X
b11110110010 e
1.
#253116000
0.
#253134000
b1001 X
b1001 ,
b11110110011 e
1.
#253152000
0.
#253170000
b1010 ,
b1010 X
b11110110100 e
1.
#253188000
0.
#253206000
b1011 X
b1011 ,
b11110110101 e
1.
#253224000
0.
#253242000
b1100 ,
b1100 X
b11110110110 e
1.
#253260000
0.
#253278000
b1101 X
b1101 ,
b11110110111 e
1.
#253296000
0.
#253314000
19
b1110 ,
b1110 X
b11110111000 e
1.
#253332000
0.
#253350000
09
b100 S
b1100 J
b0 X
1-
b0 ,
b11110111001 e
1.
#253368000
0.
#253386000
0-
b1 ,
b1 X
b11110111010 e
1.
#253404000
0.
#253422000
b10 X
b10 ,
b11110111011 e
1.
#253440000
0.
#253458000
b11 ,
b11 X
b11110111100 e
1.
#253476000
0.
#253494000
b100 X
b100 ,
b11110111101 e
1.
#253512000
0.
#253530000
b101 ,
b101 X
b11110111110 e
1.
#253548000
0.
#253566000
b110 X
b110 ,
b11110111111 e
1.
#253584000
0.
#253602000
b111 ,
b111 X
b11111000000 e
1.
#253620000
0.
#253638000
b1000 X
b1000 ,
b11111000001 e
1.
#253656000
0.
#253674000
b1001 ,
b1001 X
b11111000010 e
1.
#253692000
0.
#253710000
b1010 X
b1010 ,
b11111000011 e
1.
#253728000
0.
#253746000
b1011 ,
b1011 X
b11111000100 e
1.
#253764000
0.
#253782000
b1100 X
b1100 ,
b11111000101 e
1.
#253800000
0.
#253818000
b1101 ,
b1101 X
b11111000110 e
1.
#253836000
0.
#253854000
19
b1110 X
b1110 ,
b11111000111 e
1.
#253872000
0.
#253890000
09
1-
b0 ,
b0 X
b1101 J
b101 S
b11111001000 e
1.
#253908000
0.
#253926000
b1 X
0-
b1 ,
b11111001001 e
1.
#253944000
0.
#253962000
b10 ,
b10 X
b11111001010 e
1.
#253980000
0.
#253998000
b11 X
b11 ,
b11111001011 e
1.
#254016000
0.
#254034000
b100 ,
b100 X
b11111001100 e
1.
#254052000
0.
#254070000
b101 X
b101 ,
b11111001101 e
1.
#254088000
0.
#254106000
b110 ,
b110 X
b11111001110 e
1.
#254124000
0.
#254142000
b111 X
b111 ,
b11111001111 e
1.
#254160000
0.
#254178000
b1000 ,
b1000 X
b11111010000 e
1.
#254196000
0.
#254214000
b1001 X
b1001 ,
b11111010001 e
1.
#254232000
0.
#254250000
b1010 ,
b1010 X
b11111010010 e
1.
#254268000
0.
#254286000
b1011 X
b1011 ,
b11111010011 e
1.
#254304000
0.
#254322000
b1100 ,
b1100 X
b11111010100 e
1.
#254340000
0.
#254358000
b1101 X
b1101 ,
b11111010101 e
1.
#254376000
0.
#254394000
19
b1110 ,
b1110 X
b11111010110 e
1.
#254412000
0.
#254430000
09
b110 S
b1110 J
b0 X
1-
b0 ,
b11111010111 e
1.
#254448000
0.
#254466000
0-
b1 ,
b1 X
b11111011000 e
1.
#254484000
0.
#254502000
b10 X
b10 ,
b11111011001 e
1.
#254520000
0.
#254538000
b11 ,
b11 X
b11111011010 e
1.
#254556000
0.
#254574000
b100 X
b100 ,
b11111011011 e
1.
#254592000
0.
#254610000
b101 ,
b101 X
b11111011100 e
1.
#254628000
0.
#254646000
b110 X
b110 ,
b11111011101 e
1.
#254664000
0.
#254682000
b111 ,
b111 X
b11111011110 e
1.
#254700000
0.
#254718000
b1000 X
b1000 ,
b11111011111 e
1.
#254736000
0.
#254754000
b1001 ,
b1001 X
b11111100000 e
1.
#254772000
0.
#254790000
b1010 X
b1010 ,
b11111100001 e
1.
#254808000
0.
#254826000
b1011 ,
b1011 X
b11111100010 e
1.
#254844000
0.
#254862000
b1100 X
b1100 ,
b11111100011 e
1.
#254880000
0.
#254898000
b1101 ,
b1101 X
b11111100100 e
1.
#254916000
0.
#254934000
19
b1110 X
b1110 ,
b11111100101 e
1.
#254952000
0.
#254970000
09
b11 F
1-
b0 ,
b0 X
b1111 J
b111 S
b11111100110 e
1.
#254988000
0.
#255006000
b1 X
0-
b1 ,
b11111100111 e
1.
#255024000
0.
#255042000
b10 ,
b10 X
b11111101000 e
1.
#255060000
0.
#255078000
b11 X
b11 ,
b11111101001 e
1.
#255096000
0.
#255114000
b100 ,
b100 X
b11111101010 e
1.
#255132000
0.
#255150000
b101 X
b101 ,
b11111101011 e
1.
#255168000
0.
#255186000
b110 ,
b110 X
b11111101100 e
1.
#255204000
0.
#255222000
b111 X
b111 ,
b11111101101 e
1.
#255240000
0.
#255258000
b1000 ,
b1000 X
b11111101110 e
1.
#255276000
0.
#255294000
b1001 X
b1001 ,
b11111101111 e
1.
#255312000
0.
#255330000
b1010 ,
b1010 X
b11111110000 e
1.
#255348000
0.
#255366000
b1011 X
b1011 ,
b11111110001 e
1.
#255384000
0.
#255402000
b1100 ,
b1100 X
b11111110010 e
1.
#255420000
0.
#255438000
b1101 X
b1101 ,
b11111110011 e
1.
#255456000
0.
#255474000
19
b1110 ,
b1110 X
b11111110100 e
1.
#255492000
0.
#255510000
09
b1000 S
b11 C
b1000 D
b0 J
b10101010 %
b10101010 8
b10101010 E
b0 X
1-
b0 ,
b11111110101 e
1.
#255528000
0.
#255546000
0-
b1 ,
b1 X
b11111110110 e
1.
#255564000
0.
#255582000
b10 X
b10 ,
b11111110111 e
1.
#255600000
0.
#255618000
b11 ,
b11 X
b11111111000 e
1.
#255636000
0.
#255654000
b100 X
b100 ,
b11111111001 e
1.
#255672000
0.
#255690000
b101 ,
b101 X
b11111111010 e
1.
#255708000
0.
#255726000
b110 X
b110 ,
b11111111011 e
1.
#255744000
0.
#255762000
b111 ,
b111 X
b11111111100 e
1.
#255780000
0.
#255798000
b1000 X
b1000 ,
b11111111101 e
1.
#255816000
0.
#255834000
b1001 ,
b1001 X
b11111111110 e
1.
#255852000
0.
#255870000
b1010 X
b1010 ,
b11111111111 e
1.
#255888000
0.
#255906000
b1011 ,
b1011 X
b100000000000 e
1.
#255924000
0.
#255942000
b1100 X
b1100 ,
b100000000001 e
1.
#255960000
0.
#255978000
b1101 ,
b1101 X
b100000000010 e
1.
#255996000
0.
#256014000
19
b1110 X
b1110 ,
b100000000011 e
1.
#256032000
0.
#256050000
09
1-
b0 ,
b0 X
b1 J
b1001 S
b100000000100 e
1.
#256068000
0.
#256086000
b1 X
0-
b1 ,
b100000000101 e
1.
#256104000
0.
#256122000
b10 ,
b10 X
b100000000110 e
1.
#256140000
0.
#256158000
b11 X
b11 ,
b100000000111 e
1.
#256176000
0.
#256194000
b100 ,
b100 X
b100000001000 e
1.
#256212000
0.
#256230000
b101 X
b101 ,
b100000001001 e
1.
#256248000
0.
#256266000
b110 ,
b110 X
b100000001010 e
1.
#256284000
0.
#256302000
b111 X
b111 ,
b100000001011 e
1.
#256320000
0.
#256338000
b1000 ,
b1000 X
b100000001100 e
1.
#256356000
0.
#256374000
b1001 X
b1001 ,
b100000001101 e
1.
#256392000
0.
#256410000
b1010 ,
b1010 X
b100000001110 e
1.
#256428000
0.
#256446000
b1011 X
b1011 ,
b100000001111 e
1.
#256464000
0.
#256482000
b1100 ,
b1100 X
b100000010000 e
1.
#256500000
0.
#256518000
b1101 X
b1101 ,
b100000010001 e
1.
#256536000
0.
#256554000
19
b1110 ,
b1110 X
b100000010010 e
1.
#256572000
0.
#256590000
09
b1010 S
b10 J
b0 X
1-
b0 ,
b100000010011 e
1.
#256608000
0.
#256626000
0-
b1 ,
b1 X
b100000010100 e
1.
#256644000
0.
#256662000
b10 X
b10 ,
b100000010101 e
1.
#256680000
0.
#256698000
b11 ,
b11 X
b100000010110 e
1.
#256716000
0.
#256734000
b100 X
b100 ,
b100000010111 e
1.
#256752000
0.
#256770000
b101 ,
b101 X
b100000011000 e
1.
#256788000
0.
#256806000
b110 X
b110 ,
b100000011001 e
1.
#256824000
0.
#256842000
b111 ,
b111 X
b100000011010 e
1.
#256860000
0.
#256878000
b1000 X
b1000 ,
b100000011011 e
1.
#256896000
0.
#256914000
b1001 ,
b1001 X
b100000011100 e
1.
#256932000
0.
#256950000
b1010 X
b1010 ,
b100000011101 e
1.
#256968000
0.
#256986000
b1011 ,
b1011 X
b100000011110 e
1.
#257004000
0.
#257022000
b1100 X
b1100 ,
b100000011111 e
1.
#257040000
0.
#257058000
b1101 ,
b1101 X
b100000100000 e
1.
#257076000
0.
#257094000
19
b1110 X
b1110 ,
b100000100001 e
1.
#257112000
0.
#257130000
09
1-
b0 ,
b0 X
b11 J
b1011 S
b100000100010 e
1.
#257148000
0.
#257166000
b1 X
0-
b1 ,
b100000100011 e
1.
#257184000
0.
#257202000
b10 ,
b10 X
b100000100100 e
1.
#257220000
0.
#257238000
b11 X
b11 ,
b100000100101 e
1.
#257256000
0.
#257274000
b100 ,
b100 X
b100000100110 e
1.
#257292000
0.
#257310000
b101 X
b101 ,
b100000100111 e
1.
#257328000
0.
#257346000
b110 ,
b110 X
b100000101000 e
1.
#257364000
0.
#257382000
b111 X
b111 ,
b100000101001 e
1.
#257400000
0.
#257418000
b1000 ,
b1000 X
b100000101010 e
1.
#257436000
0.
#257454000
b1001 X
b1001 ,
b100000101011 e
1.
#257472000
0.
#257490000
b1010 ,
b1010 X
b100000101100 e
1.
#257508000
0.
#257526000
b1011 X
b1011 ,
b100000101101 e
1.
#257544000
0.
#257562000
b1100 ,
b1100 X
b100000101110 e
1.
#257580000
0.
#257598000
b1101 X
b1101 ,
b100000101111 e
1.
#257616000
0.
#257634000
19
b1110 ,
b1110 X
b100000110000 e
1.
#257652000
0.
#257670000
09
b1100 S
b100 J
b0 X
1-
b0 ,
b100000110001 e
1.
#257688000
0.
#257706000
0-
b1 ,
b1 X
b100000110010 e
1.
#257724000
0.
#257742000
b10 X
b10 ,
b100000110011 e
1.
#257760000
0.
#257778000
b11 ,
b11 X
b100000110100 e
1.
#257796000
0.
#257814000
b100 X
b100 ,
b100000110101 e
1.
#257832000
0.
#257850000
b101 ,
b101 X
b100000110110 e
1.
#257868000
0.
#257886000
b110 X
b110 ,
b100000110111 e
1.
#257904000
0.
#257922000
b111 ,
b111 X
b100000111000 e
1.
#257940000
0.
#257958000
b1000 X
b1000 ,
b100000111001 e
1.
#257976000
0.
#257994000
b1001 ,
b1001 X
b100000111010 e
1.
#258012000
0.
#258030000
b1010 X
b1010 ,
b100000111011 e
1.
#258048000
0.
#258066000
b1011 ,
b1011 X
b100000111100 e
1.
#258084000
0.
#258102000
b1100 X
b1100 ,
b100000111101 e
1.
#258120000
0.
#258138000
b1101 ,
b1101 X
b100000111110 e
1.
#258156000
0.
#258174000
19
b1110 X
b1110 ,
b100000111111 e
1.
#258192000
0.
#258210000
09
1-
b0 ,
b0 X
b101 J
b1101 S
b100001000000 e
1.
#258228000
0.
#258246000
b1 X
0-
b1 ,
b100001000001 e
1.
#258264000
0.
#258282000
b10 ,
b10 X
b100001000010 e
1.
#258300000
0.
#258318000
b11 X
b11 ,
b100001000011 e
1.
#258336000
0.
#258354000
b100 ,
b100 X
b100001000100 e
1.
#258372000
0.
#258390000
b101 X
b101 ,
b100001000101 e
1.
#258408000
0.
#258426000
b110 ,
b110 X
b100001000110 e
1.
#258444000
0.
#258462000
b111 X
b111 ,
b100001000111 e
1.
#258480000
0.
#258498000
b1000 ,
b1000 X
b100001001000 e
1.
#258516000
0.
#258534000
b1001 X
b1001 ,
b100001001001 e
1.
#258552000
0.
#258570000
b1010 ,
b1010 X
b100001001010 e
1.
#258588000
0.
#258606000
b1011 X
b1011 ,
b100001001011 e
1.
#258624000
0.
#258642000
b1100 ,
b1100 X
b100001001100 e
1.
#258660000
0.
#258678000
b1101 X
b1101 ,
b100001001101 e
1.
#258696000
0.
#258714000
19
b1110 ,
b1110 X
b100001001110 e
1.
#258732000
0.
#258750000
09
b1110 S
b110 J
b0 X
1-
b0 ,
b100001001111 e
1.
#258768000
0.
#258786000
0-
b1 ,
b1 X
b100001010000 e
1.
#258804000
0.
#258822000
b10 X
b10 ,
b100001010001 e
1.
#258840000
0.
#258858000
b11 ,
b11 X
b100001010010 e
1.
#258876000
0.
#258894000
b100 X
b100 ,
b100001010011 e
1.
#258912000
0.
#258930000
b101 ,
b101 X
b100001010100 e
1.
#258948000
0.
#258966000
b110 X
b110 ,
b100001010101 e
1.
#258984000
0.
#259002000
b111 ,
b111 X
b100001010110 e
1.
#259020000
0.
#259038000
b1000 X
b1000 ,
b100001010111 e
1.
#259056000
0.
#259074000
b1001 ,
b1001 X
b100001011000 e
1.
#259092000
0.
#259110000
b1010 X
b1010 ,
b100001011001 e
1.
#259128000
0.
#259146000
b1011 ,
b1011 X
b100001011010 e
1.
#259164000
0.
#259182000
b1100 X
b1100 ,
b100001011011 e
1.
#259200000
0.
#259218000
b1101 ,
b1101 X
b100001011100 e
1.
#259236000
0.
#259254000
19
b1110 X
b1110 ,
b100001011101 e
1.
#259272000
0.
#259290000
09
b11 R
1-
b0 ,
b0 X
b111 J
b1111 S
b100001011110 e
1.
#259308000
0.
#259326000
b1 X
0-
b1 ,
b100001011111 e
1.
#259344000
0.
#259362000
b10 ,
b10 X
b100001100000 e
1.
#259380000
0.
#259398000
b11 X
b11 ,
b100001100001 e
1.
#259416000
0.
#259434000
b100 ,
b100 X
b100001100010 e
1.
#259452000
0.
#259470000
b101 X
b101 ,
b100001100011 e
1.
#259488000
0.
#259506000
b110 ,
b110 X
b100001100100 e
1.
#259524000
0.
#259542000
b111 X
b111 ,
b100001100101 e
1.
#259560000
0.
#259578000
b1000 ,
b1000 X
b100001100110 e
1.
#259596000
0.
#259614000
b1001 X
b1001 ,
b100001100111 e
1.
#259632000
0.
#259650000
b1010 ,
b1010 X
b100001101000 e
1.
#259668000
0.
#259686000
b1011 X
b1011 ,
b100001101001 e
1.
#259704000
0.
#259722000
b1100 ,
b1100 X
b100001101010 e
1.
#259740000
0.
#259758000
b1101 X
b1101 ,
b100001101011 e
1.
#259776000
0.
#259794000
19
b1110 ,
b1110 X
b100001101100 e
1.
#259812000
0.
#259830000
09
b11 P
b1000 Q
b0 S
b1000 J
b0 X
1-
b0 ,
b100001101101 e
1.
#259848000
0.
#259866000
0-
b1 ,
b1 X
b100001101110 e
1.
#259884000
0.
#259902000
b10 X
b10 ,
b100001101111 e
1.
#259920000
0.
#259938000
b11 ,
b11 X
b100001110000 e
1.
#259956000
0.
#259974000
b100 X
b100 ,
b100001110001 e
1.
#259992000
0.
#260010000
b101 ,
b101 X
b100001110010 e
1.
#260028000
0.
#260046000
b110 X
b110 ,
b100001110011 e
1.
#260064000
0.
#260082000
b111 ,
b111 X
b100001110100 e
1.
#260100000
0.
#260118000
b1000 X
b1000 ,
b100001110101 e
1.
#260136000
0.
#260154000
b1001 ,
b1001 X
b100001110110 e
1.
#260172000
0.
#260190000
b1010 X
b1010 ,
b100001110111 e
1.
#260208000
0.
#260226000
b1011 ,
b1011 X
b100001111000 e
1.
#260244000
0.
#260262000
b1100 X
b1100 ,
b100001111001 e
1.
#260280000
0.
#260298000
b1101 ,
b1101 X
b100001111010 e
1.
#260316000
0.
#260334000
19
b1110 X
b1110 ,
b100001111011 e
1.
#260352000
0.
#260370000
09
1-
b0 ,
b0 X
b1001 J
b1 S
b100001111100 e
1.
#260388000
0.
#260406000
b1 X
0-
b1 ,
b100001111101 e
1.
#260424000
0.
#260442000
b10 ,
b10 X
b100001111110 e
1.
#260460000
0.
#260478000
b11 X
b11 ,
b100001111111 e
1.
#260496000
0.
#260514000
b100 ,
b100 X
b100010000000 e
1.
#260532000
0.
#260550000
b101 X
b101 ,
b100010000001 e
1.
#260568000
0.
#260586000
b110 ,
b110 X
b100010000010 e
1.
#260604000
0.
#260622000
b111 X
b111 ,
b100010000011 e
1.
#260640000
0.
#260658000
b1000 ,
b1000 X
b100010000100 e
1.
#260676000
0.
#260694000
b1001 X
b1001 ,
b100010000101 e
1.
#260712000
0.
#260730000
b1010 ,
b1010 X
b100010000110 e
1.
#260748000
0.
#260766000
b1011 X
b1011 ,
b100010000111 e
1.
#260784000
0.
#260802000
b1100 ,
b1100 X
b100010001000 e
1.
#260820000
0.
#260838000
b1101 X
b1101 ,
b100010001001 e
1.
#260856000
0.
#260874000
19
b1110 ,
b1110 X
b100010001010 e
1.
#260892000
0.
#260910000
09
b10 S
b1010 J
b0 X
1-
b0 ,
b100010001011 e
1.
#260928000
0.
#260946000
0-
b1 ,
b1 X
b100010001100 e
1.
#260964000
0.
#260982000
b10 X
b10 ,
b100010001101 e
1.
#261000000
0.
#261018000
b11 ,
b11 X
b100010001110 e
1.
#261036000
0.
#261054000
b100 X
b100 ,
b100010001111 e
1.
#261072000
0.
#261090000
b101 ,
b101 X
b100010010000 e
1.
#261108000
0.
#261126000
b110 X
b110 ,
b100010010001 e
1.
#261144000
0.
#261162000
b111 ,
b111 X
b100010010010 e
1.
#261180000
0.
#261198000
b1000 X
b1000 ,
b100010010011 e
1.
#261216000
0.
#261234000
b1001 ,
b1001 X
b100010010100 e
1.
#261252000
0.
#261270000
b1010 X
b1010 ,
b100010010101 e
1.
#261288000
0.
#261306000
b1011 ,
b1011 X
b100010010110 e
1.
#261324000
0.
#261342000
b1100 X
b1100 ,
b100010010111 e
1.
#261360000
0.
#261378000
b1101 ,
b1101 X
b100010011000 e
1.
#261396000
0.
#261414000
19
b1110 X
b1110 ,
b100010011001 e
1.
#261432000
0.
#261450000
09
1-
b0 ,
b0 X
b1011 J
b11 S
b100010011010 e
1.
#261468000
0.
#261486000
b1 X
0-
b1 ,
b100010011011 e
1.
#261504000
0.
#261522000
b10 ,
b10 X
b100010011100 e
1.
#261540000
0.
#261558000
b11 X
b11 ,
b100010011101 e
1.
#261576000
0.
#261594000
b100 ,
b100 X
b100010011110 e
1.
#261612000
0.
#261630000
b101 X
b101 ,
b100010011111 e
1.
#261648000
0.
#261666000
b110 ,
b110 X
b100010100000 e
1.
#261684000
0.
#261702000
b111 X
b111 ,
b100010100001 e
1.
#261720000
0.
#261738000
b1000 ,
b1000 X
b100010100010 e
1.
#261756000
0.
#261774000
b1001 X
b1001 ,
b100010100011 e
1.
#261792000
0.
#261810000
b1010 ,
b1010 X
b100010100100 e
1.
#261828000
0.
#261846000
b1011 X
b1011 ,
b100010100101 e
1.
#261864000
0.
#261882000
b1100 ,
b1100 X
b100010100110 e
1.
#261900000
0.
#261918000
b1101 X
b1101 ,
b100010100111 e
1.
#261936000
0.
#261954000
19
b1110 ,
b1110 X
b100010101000 e
1.
#261972000
0.
#261990000
09
b100 S
b1100 J
b0 X
1-
b0 ,
b100010101001 e
1.
#262008000
0.
#262026000
0-
b1 ,
b1 X
b100010101010 e
1.
#262044000
0.
#262062000
b10 X
b10 ,
b100010101011 e
1.
#262080000
0.
#262098000
b11 ,
b11 X
b100010101100 e
1.
#262116000
0.
#262134000
b100 X
b100 ,
b100010101101 e
1.
#262152000
0.
#262170000
b101 ,
b101 X
b100010101110 e
1.
#262188000
0.
#262206000
b110 X
b110 ,
b100010101111 e
1.
#262224000
0.
#262242000
b111 ,
b111 X
b100010110000 e
1.
#262260000
0.
#262278000
b1000 X
b1000 ,
b100010110001 e
1.
#262296000
0.
#262314000
b1001 ,
b1001 X
b100010110010 e
1.
#262332000
0.
#262350000
b1010 X
b1010 ,
b100010110011 e
1.
#262368000
0.
#262386000
b1011 ,
b1011 X
b100010110100 e
1.
#262404000
0.
#262422000
b1100 X
b1100 ,
b100010110101 e
1.
#262440000
0.
#262458000
b1101 ,
b1101 X
b100010110110 e
1.
#262476000
0.
#262494000
19
b1110 X
b1110 ,
b100010110111 e
1.
#262512000
0.
#262530000
09
1-
b0 ,
b0 X
b1101 J
b101 S
b100010111000 e
1.
#262548000
0.
#262566000
b1 X
0-
b1 ,
b100010111001 e
1.
#262584000
0.
#262602000
b10 ,
b10 X
b100010111010 e
1.
#262620000
0.
#262638000
b11 X
b11 ,
b100010111011 e
1.
#262656000
0.
#262674000
b100 ,
b100 X
b100010111100 e
1.
#262692000
0.
#262710000
b101 X
b101 ,
b100010111101 e
1.
#262728000
0.
#262746000
b110 ,
b110 X
b100010111110 e
1.
#262764000
0.
#262782000
b111 X
b111 ,
b100010111111 e
1.
#262800000
0.
#262818000
b1000 ,
b1000 X
b100011000000 e
1.
#262836000
0.
#262854000
b1001 X
b1001 ,
b100011000001 e
1.
#262872000
0.
#262890000
b1010 ,
b1010 X
b100011000010 e
1.
#262908000
0.
#262926000
b1011 X
b1011 ,
b100011000011 e
1.
#262944000
0.
#262962000
b1100 ,
b1100 X
b100011000100 e
1.
#262980000
0.
#262998000
b1101 X
b1101 ,
b100011000101 e
1.
#263016000
0.
#263034000
19
b1110 ,
b1110 X
b100011000110 e
1.
#263052000
0.
#263070000
09
b110 S
b1110 J
b0 X
1-
b0 ,
b100011000111 e
1.
#263088000
0.
#263106000
0-
b1 ,
b1 X
b100011001000 e
1.
#263124000
0.
#263142000
b10 X
b10 ,
b100011001001 e
1.
#263160000
0.
#263178000
b11 ,
b11 X
b100011001010 e
1.
#263196000
0.
#263214000
b100 X
b100 ,
b100011001011 e
1.
#263232000
0.
#263250000
b101 ,
b101 X
b100011001100 e
1.
#263268000
0.
#263286000
b110 X
b110 ,
b100011001101 e
1.
#263304000
0.
#263322000
b111 ,
b111 X
b100011001110 e
1.
#263340000
0.
#263358000
b1000 X
b1000 ,
b100011001111 e
1.
#263376000
0.
#263394000
b1001 ,
b1001 X
b100011010000 e
1.
#263412000
0.
#263430000
b1010 X
b1010 ,
b100011010001 e
1.
#263448000
0.
#263466000
b1011 ,
b1011 X
b100011010010 e
1.
#263484000
0.
#263502000
b1100 X
b1100 ,
b100011010011 e
1.
#263520000
0.
#263538000
b1101 ,
b1101 X
b100011010100 e
1.
#263556000
0.
#263574000
19
b1110 X
b1110 ,
b100011010101 e
1.
#263592000
0.
#263610000
09
b0 F
1$
1-
b0 ,
b0 X
b1111 J
b111 S
b100011010110 e
1.
#263628000
0.
#263646000
b0 R
0$
1#
b0 P
b0 T
b0 Q
b0 S
b0 C
b0 D
b0 J
b0 %
b0 8
b0 E
0-
00
b101 6
0/
b10101010 _
b10101010 `
1]
1d
b100011010111 e
1.
#263664000
0.
#263682000
1.
#263700000
0.
#263718000
1.
#263736000
0.
#263754000
b1 ,
b1 X
b1010101 c
10
1.
#263772000
0.
#263790000
b1010101 T
b10 X
b10 ,
b1 R
12
b1010101 1
b1010101 7
b1010101 K
1.
#263808000
0.
#263826000
b11 ,
b11 X
0#
b1 P
b1 R
02
1.
#263844000
0.
#263862000
0!
b100 X
b100 ,
1.
#263880000
0.
#263898000
b101 ,
b101 X
1.
#263916000
0.
#263934000
b110 X
b110 ,
1.
#263952000
0.
#263970000
b111 ,
b111 X
1.
#263988000
0.
#264006000
b1000 X
b1000 ,
1.
#264024000
0.
#264042000
b1001 ,
b1001 X
1.
#264060000
0.
#264078000
b1010 X
b1010 ,
1.
#264096000
0.
#264114000
b1011 ,
b1011 X
1.
#264132000
0.
#264150000
b1100 X
b1100 ,
1.
#264168000
0.
#264186000
b1101 ,
b1101 X
1.
#264204000
0.
#264222000
19
b1110 X
b1110 ,
1.
#264240000
0.
#264258000
09
1-
b0 ,
b0 X
b1 S
1.
#264276000
0.
#264294000
b1 X
0-
b1 ,
1.
#264312000
0.
#264330000
b10 ,
b10 X
1.
#264348000
0.
#264366000
b11 X
b11 ,
1.
#264384000
0.
#264402000
b100 ,
b100 X
1.
#264420000
0.
#264438000
b101 X
b101 ,
1.
#264456000
0.
#264474000
b110 ,
b110 X
1.
#264492000
0.
#264510000
b111 X
b111 ,
1.
#264528000
0.
#264546000
b1000 ,
b1000 X
1.
#264564000
0.
#264582000
b1001 X
b1001 ,
1.
#264600000
0.
#264618000
b1010 ,
b1010 X
1.
#264636000
0.
#264654000
b1011 X
b1011 ,
1.
#264672000
0.
#264690000
b1100 ,
b1100 X
1.
#264708000
0.
#264726000
b1101 X
b1101 ,
1.
#264744000
0.
#264762000
19
b1110 ,
b1110 X
1.
#264780000
0.
#264798000
09
b10 S
b0 X
1-
b0 ,
1.
#264816000
0.
#264834000
0-
b1 ,
b1 X
1.
#264852000
0.
#264870000
b10 X
b10 ,
1.
#264888000
0.
#264906000
b11 ,
b11 X
1.
#264924000
0.
#264942000
b100 X
b100 ,
1.
#264960000
0.
#264978000
b101 ,
b101 X
1.
#264996000
0.
#265014000
b110 X
b110 ,
1.
#265032000
0.
#265050000
b111 ,
b111 X
1.
#265068000
0.
#265086000
b1000 X
b1000 ,
1.
#265104000
0.
#265122000
b1001 ,
b1001 X
1.
#265140000
0.
#265158000
b1010 X
b1010 ,
1.
#265176000
0.
#265194000
b1011 ,
b1011 X
1.
#265212000
0.
#265230000
b1100 X
b1100 ,
1.
#265248000
0.
#265266000
b1101 ,
b1101 X
1.
#265284000
0.
#265302000
19
b1110 X
b1110 ,
1.
#265320000
0.
#265338000
09
1-
b0 ,
b0 X
b11 S
1.
#265356000
0.
#265374000
b1 X
0-
b1 ,
1.
#265392000
0.
#265410000
b10 ,
b10 X
1.
#265428000
0.
#265446000
b11 X
b11 ,
1.
#265464000
0.
#265482000
b100 ,
b100 X
1.
#265500000
0.
#265518000
b101 X
b101 ,
1.
#265536000
0.
#265554000
b110 ,
b110 X
1.
#265572000
0.
#265590000
b111 X
b111 ,
1.
#265608000
0.
#265626000
b1000 ,
b1000 X
1.
#265644000
0.
#265662000
b1001 X
b1001 ,
1.
#265680000
0.
#265698000
b1010 ,
b1010 X
1.
#265716000
0.
#265734000
b1011 X
b1011 ,
1.
#265752000
0.
#265770000
b1100 ,
b1100 X
1.
#265788000
0.
#265806000
b1101 X
b1101 ,
1.
#265824000
0.
#265842000
19
b1110 ,
b1110 X
1.
#265860000
0.
#265878000
09
b100 S
b0 X
1-
b0 ,
1.
#265896000
0.
#265914000
0-
b1 ,
b1 X
1.
#265932000
0.
#265950000
b10 X
b10 ,
1.
#265968000
0.
#265986000
b11 ,
b11 X
1.
#266004000
0.
#266022000
b100 X
b100 ,
1.
#266040000
0.
#266058000
b101 ,
b101 X
1.
#266076000
0.
#266094000
b110 X
b110 ,
1.
#266112000
0.
#266130000
b111 ,
b111 X
1.
#266148000
0.
#266166000
b1000 X
b1000 ,
1.
#266184000
0.
#266202000
b1001 ,
b1001 X
1.
#266220000
0.
#266238000
b1010 X
b1010 ,
1.
#266256000
0.
#266274000
b1011 ,
b1011 X
1.
#266292000
0.
#266310000
b1100 X
b1100 ,
1.
#266328000
0.
#266346000
b1101 ,
b1101 X
1.
#266364000
0.
#266382000
19
b1110 X
b1110 ,
1.
#266400000
0.
#266418000
09
1-
b0 ,
b0 X
b101 S
1.
#266436000
0.
#266454000
b1 X
0-
b1 ,
1.
#266472000
0.
#266490000
b10 ,
b10 X
1.
#266508000
0.
#266526000
b11 X
b11 ,
1.
#266544000
0.
#266562000
b100 ,
b100 X
1.
#266580000
0.
#266598000
b101 X
b101 ,
1.
#266616000
0.
#266634000
b110 ,
b110 X
1.
#266652000
0.
#266670000
b111 X
b111 ,
1.
#266688000
0.
#266706000
b1000 ,
b1000 X
1.
#266724000
0.
#266742000
b1001 X
b1001 ,
1.
#266760000
0.
#266778000
b1010 ,
b1010 X
1.
#266796000
0.
#266814000
b1011 X
b1011 ,
1.
#266832000
0.
#266850000
b1100 ,
b1100 X
1.
#266868000
0.
#266886000
b1101 X
b1101 ,
1.
#266904000
0.
#266922000
19
b1110 ,
b1110 X
1.
#266940000
0.
#266958000
09
b110 S
b0 X
1-
b0 ,
1.
#266976000
0.
#266994000
0-
b1 ,
b1 X
1.
#267012000
0.
#267030000
b10 X
b10 ,
1.
#267048000
0.
#267066000
b11 ,
b11 X
1.
#267084000
0.
#267102000
b100 X
b100 ,
1.
#267120000
0.
#267138000
b101 ,
b101 X
1.
#267156000
0.
#267174000
b110 X
b110 ,
1.
#267192000
0.
#267210000
b111 ,
b111 X
1.
#267228000
0.
#267246000
b1000 X
b1000 ,
1.
#267264000
0.
#267282000
b1001 ,
b1001 X
1.
#267300000
0.
#267318000
b1010 X
b1010 ,
1.
#267336000
0.
#267354000
b1011 ,
b1011 X
1.
#267372000
0.
#267390000
b1100 X
b1100 ,
1.
#267408000
0.
#267426000
b1101 ,
b1101 X
1.
#267444000
0.
#267462000
19
b1110 X
b1110 ,
1.
#267480000
0.
#267498000
09
1-
b0 ,
b0 X
b111 S
1.
#267516000
0.
#267534000
b1 X
0-
b1 ,
1.
#267552000
0.
#267570000
b10 ,
b10 X
1.
#267588000
0.
#267606000
b11 X
b11 ,
1.
#267624000
0.
#267642000
b100 ,
b100 X
1.
#267660000
0.
#267678000
b101 X
b101 ,
1.
#267696000
0.
#267714000
b110 ,
b110 X
1.
#267732000
0.
#267750000
b111 X
b111 ,
1.
#267768000
0.
#267786000
b1000 ,
b1000 X
1.
#267804000
0.
#267822000
b1001 X
b1001 ,
1.
#267840000
0.
#267858000
b1010 ,
b1010 X
1.
#267876000
0.
#267894000
b1011 X
b1011 ,
1.
#267912000
0.
#267930000
b1100 ,
b1100 X
1.
#267948000
0.
#267966000
b1101 X
b1101 ,
1.
#267984000
0.
#268002000
19
b1110 ,
b1110 X
1.
#268020000
0.
#268038000
09
b1000 S
b0 X
1-
b0 ,
1.
#268056000
0.
#268074000
0-
b1 ,
b1 X
1.
#268092000
0.
#268110000
b10 X
b10 ,
1.
#268128000
0.
#268146000
b11 ,
b11 X
1.
#268164000
0.
#268182000
b100 X
b100 ,
1.
#268200000
0.
#268218000
b101 ,
b101 X
1.
#268236000
0.
#268254000
b110 X
b110 ,
1.
#268272000
0.
#268290000
b111 ,
b111 X
1.
#268308000
0.
#268326000
b1000 X
b1000 ,
1.
#268344000
0.
#268362000
b1001 ,
b1001 X
1.
#268380000
0.
#268398000
b1010 X
b1010 ,
1.
#268416000
0.
#268434000
b1011 ,
b1011 X
1.
#268452000
0.
#268470000
b1100 X
b1100 ,
1.
#268488000
0.
#268506000
b1101 ,
b1101 X
1.
#268524000
0.
#268542000
19
b1110 X
b1110 ,
1.
#268560000
0.
#268578000
09
1-
b0 ,
b0 X
b1001 S
1.
#268596000
0.
#268614000
b1 X
0-
b1 ,
1.
#268632000
0.
#268650000
b10 ,
b10 X
1.
#268668000
0.
#268686000
b11 X
b11 ,
1.
#268704000
0.
#268722000
b100 ,
b100 X
1.
#268740000
0.
#268758000
b101 X
b101 ,
1.
#268776000
0.
#268794000
b110 ,
b110 X
1.
#268812000
0.
#268830000
b111 X
b111 ,
1.
#268848000
0.
#268866000
b1000 ,
b1000 X
1.
#268884000
0.
#268902000
b1001 X
b1001 ,
1.
#268920000
0.
#268938000
b1010 ,
b1010 X
1.
#268956000
0.
#268974000
b1011 X
b1011 ,
1.
#268992000
0.
#269010000
b1100 ,
b1100 X
1.
#269028000
0.
#269046000
b1101 X
b1101 ,
1.
#269064000
0.
#269082000
19
b1110 ,
b1110 X
1.
#269100000
0.
#269118000
b0 R
1!
b0 T
1#
b0 P
09
00
b0 S
b0 X
0-
b0 ,
1.
#269136000
0.
#269154000
1.
#269172000
0.
#269190000
b1 ,
b1 X
10
1.
#269208000
0.
#269226000
b10 X
b10 ,
1.
#269244000
0.
#269262000
b11 ,
b11 X
1.
#269280000
0.
#269290000
b0 X
b0 ,
00
b110 6
b1 _
b1 `
#269298000
1.
#269316000
0.
#269334000
1.
#269352000
0.
#269370000
b1 ,
b1 X
b10001 c
10
1.
#269388000
0.
#269406000
b10001 T
b10 X
b10 ,
b1 R
12
b10001 1
b10001 7
b10001 K
1.
#269424000
0.
#269442000
b11 ,
b11 X
0#
b1 P
b1 R
b100010 c
02
1.
#269460000
0.
#269478000
0!
b100 X
b100 ,
12
b100010 1
b100010 7
b100010 K
1.
#269496000
0.
#269514000
b101 ,
b101 X
02
1.
#269532000
0.
#269550000
b110 X
b110 ,
1.
#269568000
0.
#269586000
b111 ,
b111 X
1.
#269604000
0.
#269622000
b1000 X
b1000 ,
1.
#269640000
0.
#269658000
b1001 ,
b1001 X
1.
#269676000
0.
#269694000
b1010 X
b1010 ,
1.
#269712000
0.
#269730000
b1011 ,
b1011 X
1.
#269748000
0.
#269766000
b1100 X
b1100 ,
1.
#269784000
0.
#269802000
b1101 ,
b1101 X
1.
#269820000
0.
#269838000
19
b1110 X
b1110 ,
1.
#269856000
0.
#269874000
09
1-
b0 ,
b0 X
b1 S
1.
#269892000
0.
#269910000
b1 X
0-
b1 ,
1.
#269928000
0.
#269946000
b10 ,
b10 X
1.
#269964000
0.
#269982000
b11 X
b11 ,
1.
#270000000
0.
#270018000
b100 ,
b100 X
1.
#270036000
0.
#270054000
b101 X
b101 ,
1.
#270072000
0.
#270090000
b110 ,
b110 X
1.
#270108000
0.
#270126000
b111 X
b111 ,
1.
#270144000
0.
#270162000
b1000 ,
b1000 X
1.
#270180000
0.
#270198000
b1001 X
b1001 ,
1.
#270216000
0.
#270234000
b1010 ,
b1010 X
1.
#270252000
0.
#270270000
b1011 X
b1011 ,
1.
#270288000
0.
#270306000
b1100 ,
b1100 X
1.
#270324000
0.
#270342000
b1101 X
b1101 ,
1.
#270360000
0.
#270378000
19
b1110 ,
b1110 X
1.
#270396000
0.
#270414000
09
b10 S
b0 X
1-
b0 ,
1.
#270432000
0.
#270450000
0-
b1 ,
b1 X
1.
#270468000
0.
#270486000
b10 X
b10 ,
1.
#270504000
0.
#270522000
b11 ,
b11 X
1.
#270540000
0.
#270558000
b100 X
b100 ,
1.
#270576000
0.
#270594000
b101 ,
b101 X
1.
#270612000
0.
#270630000
b110 X
b110 ,
1.
#270648000
0.
#270666000
b111 ,
b111 X
1.
#270684000
0.
#270702000
b1000 X
b1000 ,
1.
#270720000
0.
#270738000
b1001 ,
b1001 X
1.
#270756000
0.
#270774000
b1010 X
b1010 ,
1.
#270792000
0.
#270810000
b1011 ,
b1011 X
1.
#270828000
0.
#270846000
b1100 X
b1100 ,
1.
#270864000
0.
#270882000
b1101 ,
b1101 X
1.
#270900000
0.
#270918000
19
b1110 X
b1110 ,
1.
#270936000
0.
#270954000
09
1-
b0 ,
b0 X
b11 S
1.
#270972000
0.
#270990000
b1 X
0-
b1 ,
1.
#271008000
0.
#271026000
b10 ,
b10 X
1.
#271044000
0.
#271062000
b11 X
b11 ,
1.
#271080000
0.
#271098000
b100 ,
b100 X
1.
#271116000
0.
#271134000
b101 X
b101 ,
1.
#271152000
0.
#271170000
b110 ,
b110 X
1.
#271188000
0.
#271206000
b111 X
b111 ,
1.
#271224000
0.
#271242000
b1000 ,
b1000 X
1.
#271260000
0.
#271278000
b1001 X
b1001 ,
1.
#271296000
0.
#271314000
b1010 ,
b1010 X
1.
#271332000
0.
#271350000
b1011 X
b1011 ,
1.
#271368000
0.
#271386000
b1100 ,
b1100 X
1.
#271404000
0.
#271422000
b1101 X
b1101 ,
1.
#271440000
0.
#271458000
19
b1110 ,
b1110 X
1.
#271476000
0.
#271494000
09
b100 S
b0 X
1-
b0 ,
1.
#271512000
0.
#271530000
0-
b1 ,
b1 X
1.
#271548000
0.
#271566000
b10 X
b10 ,
1.
#271584000
0.
#271602000
b11 ,
b11 X
1.
#271620000
0.
#271638000
b100 X
b100 ,
1.
#271656000
0.
#271674000
b101 ,
b101 X
1.
#271692000
0.
#271710000
b110 X
b110 ,
1.
#271728000
0.
#271746000
b111 ,
b111 X
1.
#271764000
0.
#271782000
b1000 X
b1000 ,
1.
#271800000
0.
#271818000
b1001 ,
b1001 X
1.
#271836000
0.
#271854000
b1010 X
b1010 ,
1.
#271872000
0.
#271890000
b1011 ,
b1011 X
1.
#271908000
0.
#271926000
b1100 X
b1100 ,
1.
#271944000
0.
#271962000
b1101 ,
b1101 X
1.
#271980000
0.
#271998000
19
b1110 X
b1110 ,
1.
#272016000
0.
#272034000
09
1-
b0 ,
b0 X
b101 S
1.
#272052000
0.
#272070000
b1 X
0-
b1 ,
1.
#272088000
0.
#272106000
b10 ,
b10 X
1.
#272124000
0.
#272142000
b11 X
b11 ,
1.
#272160000
0.
#272178000
b100 ,
b100 X
1.
#272196000
0.
#272214000
b101 X
b101 ,
1.
#272232000
0.
#272250000
b110 ,
b110 X
1.
#272268000
0.
#272286000
b111 X
b111 ,
1.
#272304000
0.
#272322000
b1000 ,
b1000 X
1.
#272340000
0.
#272358000
b1001 X
b1001 ,
1.
#272376000
0.
#272394000
b1010 ,
b1010 X
1.
#272412000
0.
#272430000
b1011 X
b1011 ,
1.
#272448000
0.
#272466000
b1100 ,
b1100 X
1.
#272484000
0.
#272502000
b1101 X
b1101 ,
1.
#272520000
0.
#272538000
19
b1110 ,
b1110 X
1.
#272556000
0.
#272574000
09
b110 S
b0 X
1-
b0 ,
1.
#272592000
0.
#272610000
0-
b1 ,
b1 X
1.
#272628000
0.
#272646000
b10 X
b10 ,
1.
#272664000
0.
#272682000
b11 ,
b11 X
1.
#272700000
0.
#272718000
b100 X
b100 ,
1.
#272736000
0.
#272754000
b101 ,
b101 X
1.
#272772000
0.
#272790000
b110 X
b110 ,
1.
#272808000
0.
#272826000
b111 ,
b111 X
1.
#272844000
0.
#272862000
b1000 X
b1000 ,
1.
#272880000
0.
#272898000
b1001 ,
b1001 X
1.
#272916000
0.
#272934000
b1010 X
b1010 ,
1.
#272952000
0.
#272970000
b1011 ,
b1011 X
1.
#272988000
0.
#273006000
b1100 X
b1100 ,
1.
#273024000
0.
#273042000
b1101 ,
b1101 X
1.
#273060000
0.
#273078000
19
b1110 X
b1110 ,
1.
#273096000
0.
#273114000
09
1-
b0 ,
b0 X
b111 S
1.
#273132000
0.
#273150000
b1 X
0-
b1 ,
1.
#273168000
0.
#273186000
b10 ,
b10 X
1.
#273204000
0.
#273222000
b11 X
b11 ,
1.
#273240000
0.
#273258000
b100 ,
b100 X
1.
#273276000
0.
#273294000
b101 X
b101 ,
1.
#273312000
0.
#273330000
b110 ,
b110 X
1.
#273348000
0.
#273366000
b111 X
b111 ,
1.
#273384000
0.
#273402000
b1000 ,
b1000 X
1.
#273420000
0.
#273438000
b1001 X
b1001 ,
1.
#273456000
0.
#273474000
b1010 ,
b1010 X
1.
#273492000
0.
#273510000
b1011 X
b1011 ,
1.
#273528000
0.
#273546000
b1100 ,
b1100 X
1.
#273564000
0.
#273582000
b1101 X
b1101 ,
1.
#273600000
0.
#273618000
19
b1110 ,
b1110 X
1.
#273636000
0.
#273654000
09
b1000 S
b0 X
1-
b0 ,
1.
#273672000
0.
#273690000
0-
b1 ,
b1 X
1.
#273708000
0.
#273726000
b10 X
b10 ,
1.
#273744000
0.
#273762000
b11 ,
b11 X
1.
#273780000
0.
#273798000
b100 X
b100 ,
1.
#273816000
0.
#273834000
b101 ,
b101 X
1.
#273852000
0.
#273870000
b110 X
b110 ,
1.
#273888000
0.
#273906000
b111 ,
b111 X
1.
#273924000
0.
#273942000
b1000 X
b1000 ,
1.
#273960000
0.
#273978000
b1001 ,
b1001 X
1.
#273996000
0.
#274014000
b1010 X
b1010 ,
1.
#274032000
0.
#274050000
b1011 ,
b1011 X
1.
#274068000
0.
#274086000
b1100 X
b1100 ,
1.
#274104000
0.
#274122000
b1101 ,
b1101 X
1.
#274140000
0.
#274158000
19
b1110 X
b1110 ,
1.
#274176000
0.
#274194000
09
1-
b0 ,
b0 X
b1001 S
1.
#274212000
0.
#274230000
b1 X
0-
b1 ,
1.
#274248000
0.
#274266000
b10 ,
b10 X
1.
#274284000
0.
#274302000
b11 X
b11 ,
1.
#274320000
0.
#274338000
b100 ,
b100 X
1.
#274356000
0.
#274374000
b101 X
b101 ,
1.
#274392000
0.
#274410000
b110 ,
b110 X
1.
#274428000
0.
#274446000
b111 X
b111 ,
1.
#274464000
0.
#274482000
b1000 ,
b1000 X
1.
#274500000
0.
#274518000
b1001 X
b1001 ,
1.
#274536000
0.
#274554000
b1010 ,
b1010 X
1.
#274572000
0.
#274590000
b1011 X
b1011 ,
1.
#274608000
0.
#274626000
b1100 ,
b1100 X
1.
#274644000
0.
#274662000
b1101 X
b1101 ,
1.
#274680000
0.
#274698000
19
b1110 ,
b1110 X
1.
#274716000
0.
#274734000
09
b1010 S
b0 X
1-
b0 ,
1.
#274752000
0.
#274770000
0-
b1 ,
b1 X
1.
#274788000
0.
#274806000
b10 X
b10 ,
1.
#274824000
0.
#274842000
b11 ,
b11 X
1.
#274860000
0.
#274878000
b100 X
b100 ,
1.
#274896000
0.
#274914000
b101 ,
b101 X
1.
#274932000
0.
#274950000
b110 X
b110 ,
1.
#274968000
0.
#274986000
b111 ,
b111 X
1.
#275004000
0.
#275022000
b1000 X
b1000 ,
1.
#275040000
0.
#275058000
b1001 ,
b1001 X
1.
#275076000
0.
#275094000
b1010 X
b1010 ,
1.
#275112000
0.
#275130000
b1011 ,
b1011 X
1.
#275148000
0.
#275166000
b1100 X
b1100 ,
1.
#275184000
0.
#275202000
b1101 ,
b1101 X
1.
#275220000
0.
#275238000
19
b1110 X
b1110 ,
1.
#275256000
0.
#275274000
09
1-
b0 ,
b0 X
b1011 S
1.
#275292000
0.
#275310000
b1 X
0-
b1 ,
1.
#275328000
0.
#275346000
b10 ,
b10 X
1.
#275364000
0.
#275382000
b11 X
b11 ,
1.
#275400000
0.
#275418000
b100 ,
b100 X
1.
#275436000
0.
#275454000
b101 X
b101 ,
1.
#275472000
0.
#275490000
b110 ,
b110 X
1.
#275508000
0.
#275526000
b111 X
b111 ,
1.
#275544000
0.
#275562000
b1000 ,
b1000 X
1.
#275580000
0.
#275598000
b1001 X
b1001 ,
1.
#275616000
0.
#275634000
b1010 ,
b1010 X
1.
#275652000
0.
#275670000
b1011 X
b1011 ,
1.
#275688000
0.
#275706000
b1100 ,
b1100 X
1.
#275724000
0.
#275742000
b1101 X
b1101 ,
1.
#275760000
0.
#275778000
19
b1110 ,
b1110 X
1.
#275796000
0.
#275814000
09
b1100 S
b0 X
1-
b0 ,
1.
#275832000
0.
#275850000
0-
b1 ,
b1 X
1.
#275868000
0.
#275886000
b10 X
b10 ,
1.
#275904000
0.
#275922000
b11 ,
b11 X
1.
#275940000
0.
#275958000
b100 X
b100 ,
1.
#275976000
0.
#275994000
b101 ,
b101 X
1.
#276012000
0.
#276030000
b110 X
b110 ,
1.
#276048000
0.
#276066000
b111 ,
b111 X
1.
#276084000
0.
#276102000
b1000 X
b1000 ,
1.
#276120000
0.
#276138000
b1001 ,
b1001 X
1.
#276156000
0.
#276174000
b1010 X
b1010 ,
1.
#276192000
0.
#276210000
b1011 ,
b1011 X
1.
#276228000
0.
#276246000
b1100 X
b1100 ,
1.
#276264000
0.
#276282000
b1101 ,
b1101 X
1.
#276300000
0.
#276318000
19
b1110 X
b1110 ,
1.
#276336000
0.
#276354000
09
1-
b0 ,
b0 X
b1101 S
1.
#276372000
0.
#276390000
b1 X
0-
b1 ,
1.
#276408000
0.
#276426000
b10 ,
b10 X
1.
#276444000
0.
#276462000
b11 X
b11 ,
1.
#276480000
0.
#276498000
b100 ,
b100 X
1.
#276516000
0.
#276534000
b101 X
b101 ,
1.
#276552000
0.
#276570000
b110 ,
b110 X
1.
#276588000
0.
#276606000
b111 X
b111 ,
1.
#276624000
0.
#276642000
b1000 ,
b1000 X
1.
#276660000
0.
#276678000
b1001 X
b1001 ,
1.
#276696000
0.
#276714000
b1010 ,
b1010 X
1.
#276732000
0.
#276750000
b1011 X
b1011 ,
1.
#276768000
0.
#276786000
b1100 ,
b1100 X
1.
#276804000
0.
#276822000
b1101 X
b1101 ,
1.
#276840000
0.
#276858000
19
b1110 ,
b1110 X
1.
#276876000
0.
#276894000
09
b1110 S
b0 X
1-
b0 ,
1.
#276912000
0.
#276930000
0-
b1 ,
b1 X
1.
#276948000
0.
#276966000
b10 X
b10 ,
1.
#276984000
0.
#277002000
b11 ,
b11 X
1.
#277020000
0.
#277038000
b100 X
b100 ,
1.
#277056000
0.
#277074000
b101 ,
b101 X
1.
#277092000
0.
#277110000
b110 X
b110 ,
1.
#277128000
0.
#277146000
b111 ,
b111 X
1.
#277164000
0.
#277182000
b1000 X
b1000 ,
1.
#277200000
0.
#277218000
b1001 ,
b1001 X
1.
#277236000
0.
#277254000
b1010 X
b1010 ,
1.
#277272000
0.
#277290000
b1011 ,
b1011 X
1.
#277308000
0.
#277326000
b1100 X
b1100 ,
1.
#277344000
0.
#277362000
b1101 ,
b1101 X
1.
#277380000
0.
#277398000
19
b1110 X
b1110 ,
1.
#277416000
0.
#277434000
09
b10 R
1-
b0 ,
b0 X
b1111 S
1.
#277452000
0.
#277470000
b1 X
0-
b1 ,
1.
#277488000
0.
#277506000
b10 ,
b10 X
1.
#277524000
0.
#277542000
b11 X
b11 ,
1.
#277560000
0.
#277578000
b100 ,
b100 X
1.
#277596000
0.
#277614000
b101 X
b101 ,
1.
#277632000
0.
#277650000
b110 ,
b110 X
1.
#277668000
0.
#277686000
b111 X
b111 ,
1.
#277704000
0.
#277722000
b1000 ,
b1000 X
1.
#277740000
0.
#277758000
b1001 X
b1001 ,
1.
#277776000
0.
#277794000
b1010 ,
b1010 X
1.
#277812000
0.
#277830000
b1011 X
b1011 ,
1.
#277848000
0.
#277866000
b1100 ,
b1100 X
1.
#277884000
0.
#277902000
b1101 X
b1101 ,
1.
#277920000
0.
#277938000
19
b1110 ,
b1110 X
1.
#277956000
0.
#277974000
09
b10 P
b0 S
b0 X
1-
b0 ,
1.
#277992000
0.
#278010000
0-
b1 ,
b1 X
1!
1.
#278028000
0.
#278046000
b10 X
b10 ,
1.
#278064000
0.
#278082000
b11 ,
b11 X
1.
#278100000
0.
#278118000
b100 X
b100 ,
1.
#278136000
0.
#278154000
b101 ,
b101 X
1.
#278172000
0.
#278190000
b110 X
b110 ,
1.
#278208000
0.
#278226000
b111 ,
b111 X
1.
#278244000
0.
#278262000
b1000 X
b1000 ,
1.
#278280000
0.
#278298000
b1001 ,
b1001 X
1.
#278316000
0.
#278334000
b1010 X
b1010 ,
1.
#278352000
0.
#278370000
b1011 ,
b1011 X
1.
#278388000
0.
#278406000
b1100 X
b1100 ,
1.
#278424000
0.
#278442000
b1101 ,
b1101 X
1.
#278460000
0.
#278478000
19
b1110 X
b1110 ,
1.
#278496000
0.
#278514000
09
1-
b0 ,
b0 X
b1 S
1.
#278532000
0.
#278550000
b1 X
0-
b1 ,
1.
#278568000
0.
#278586000
b10 ,
b10 X
1.
#278604000
0.
#278622000
b11 X
b11 ,
1.
#278640000
0.
#278658000
b100 ,
b100 X
1.
#278676000
0.
#278694000
b101 X
b101 ,
1.
#278712000
0.
#278730000
b110 ,
b110 X
1.
#278748000
0.
#278766000
b111 X
b111 ,
1.
#278784000
0.
#278802000
b1000 ,
b1000 X
1.
#278820000
0.
#278838000
b1001 X
b1001 ,
1.
#278856000
0.
#278874000
b1010 ,
b1010 X
1.
#278892000
0.
#278910000
b1011 X
b1011 ,
1.
#278928000
0.
#278946000
b1100 ,
b1100 X
1.
#278964000
0.
#278982000
b1101 X
b1101 ,
1.
#279000000
0.
#279018000
19
b1110 ,
b1110 X
1.
#279036000
0.
#279054000
09
b10 S
b0 X
1-
b0 ,
1.
#279072000
0.
#279090000
0-
b1 ,
b1 X
1.
#279108000
0.
#279126000
b10 X
b10 ,
1.
#279144000
0.
#279162000
b11 ,
b11 X
1.
#279180000
0.
#279198000
b100 X
b100 ,
1.
#279216000
0.
#279234000
b101 ,
b101 X
1.
#279252000
0.
#279270000
b110 X
b110 ,
1.
#279288000
0.
#279306000
b111 ,
b111 X
1.
#279324000
0.
#279342000
b1000 X
b1000 ,
1.
#279360000
0.
#279378000
b1001 ,
b1001 X
1.
#279396000
0.
#279414000
b1010 X
b1010 ,
1.
#279432000
0.
#279450000
b1011 ,
b1011 X
1.
#279468000
0.
#279486000
b1100 X
b1100 ,
1.
#279504000
0.
#279522000
b1101 ,
b1101 X
1.
#279540000
0.
#279558000
19
b1110 X
b1110 ,
1.
#279576000
0.
#279594000
09
1-
b0 ,
b0 X
b11 S
1.
#279612000
0.
#279630000
b1 X
0-
b1 ,
1.
#279648000
0.
#279666000
b10 ,
b10 X
1.
#279684000
0.
#279702000
b11 X
b11 ,
1.
#279720000
0.
#279738000
b100 ,
b100 X
1.
#279756000
0.
#279774000
b101 X
b101 ,
1.
#279792000
0.
#279810000
b110 ,
b110 X
1.
#279828000
0.
#279846000
b111 X
b111 ,
1.
#279864000
0.
#279882000
b1000 ,
b1000 X
1.
#279900000
0.
#279918000
b1001 X
b1001 ,
1.
#279936000
0.
#279954000
b1010 ,
b1010 X
1.
#279972000
0.
#279990000
b1011 X
b1011 ,
1.
#280008000
0.
#280026000
b1100 ,
b1100 X
1.
#280044000
0.
#280062000
b1101 X
b1101 ,
1.
#280080000
0.
#280098000
19
b1110 ,
b1110 X
1.
#280116000
0.
#280134000
09
b100 S
b0 X
1-
b0 ,
1.
#280152000
0.
#280170000
0-
b1 ,
b1 X
1.
#280188000
0.
#280206000
b10 X
b10 ,
1.
#280224000
0.
#280242000
b11 ,
b11 X
1.
#280260000
0.
#280278000
b100 X
b100 ,
1.
#280296000
0.
#280314000
b101 ,
b101 X
1.
#280332000
0.
#280350000
b110 X
b110 ,
1.
#280368000
0.
#280386000
b111 ,
b111 X
1.
#280404000
0.
#280422000
b1000 X
b1000 ,
1.
#280440000
0.
#280458000
b1001 ,
b1001 X
1.
#280476000
0.
#280494000
b1010 X
b1010 ,
1.
#280512000
0.
#280530000
b1011 ,
b1011 X
1.
#280548000
0.
#280566000
b1100 X
b1100 ,
1.
#280584000
0.
#280602000
b1101 ,
b1101 X
1.
#280620000
0.
#280638000
19
b1110 X
b1110 ,
1.
#280656000
0.
#280674000
09
1-
b0 ,
b0 X
b101 S
1.
#280692000
0.
#280710000
b1 X
0-
b1 ,
1.
#280728000
0.
#280746000
b10 ,
b10 X
1.
#280764000
0.
#280782000
b11 X
b11 ,
1.
#280800000
0.
#280818000
b100 ,
b100 X
1.
#280836000
0.
#280854000
b101 X
b101 ,
1.
#280872000
0.
#280890000
b110 ,
b110 X
1.
#280908000
0.
#280926000
b111 X
b111 ,
1.
#280944000
0.
#280962000
b1000 ,
b1000 X
1.
#280980000
0.
#280998000
b1001 X
b1001 ,
1.
#281016000
0.
#281034000
b1010 ,
b1010 X
1.
#281052000
0.
#281070000
b1011 X
b1011 ,
1.
#281088000
0.
#281106000
b1100 ,
b1100 X
1.
#281124000
0.
#281142000
b1101 X
b1101 ,
1.
#281160000
0.
#281178000
19
b1110 ,
b1110 X
1.
#281196000
0.
#281214000
09
b110 S
b0 X
1-
b0 ,
1.
#281232000
0.
#281250000
0-
b1 ,
b1 X
1.
#281268000
0.
#281286000
b10 X
b10 ,
1.
#281304000
0.
#281322000
b11 ,
b11 X
1.
#281340000
0.
#281358000
b100 X
b100 ,
1.
#281376000
0.
#281394000
b101 ,
b101 X
1.
#281412000
0.
#281430000
b110 X
b110 ,
1.
#281448000
0.
#281466000
b111 ,
b111 X
1.
#281484000
0.
#281502000
b1000 X
b1000 ,
1.
#281520000
0.
#281538000
b1001 ,
b1001 X
1.
#281556000
0.
#281574000
b1010 X
b1010 ,
1.
#281592000
0.
#281610000
b1011 ,
b1011 X
1.
#281628000
0.
#281646000
b1100 X
b1100 ,
1.
#281664000
0.
#281682000
b1101 ,
b1101 X
1.
#281700000
0.
#281718000
19
b1110 X
b1110 ,
1.
#281736000
0.
#281754000
09
1-
b0 ,
b0 X
b111 S
1.
#281772000
0.
#281790000
b1 X
0-
b1 ,
1.
#281808000
0.
#281826000
b10 ,
b10 X
1.
#281844000
0.
#281862000
b11 X
b11 ,
1.
#281880000
0.
#281898000
b100 ,
b100 X
1.
#281916000
0.
#281934000
b101 X
b101 ,
1.
#281952000
0.
#281970000
b110 ,
b110 X
1.
#281988000
0.
#282006000
b111 X
b111 ,
1.
#282024000
0.
#282042000
b1000 ,
b1000 X
1.
#282060000
0.
#282078000
b1001 X
b1001 ,
1.
#282096000
0.
#282114000
b1010 ,
b1010 X
1.
#282132000
0.
#282150000
b1011 X
b1011 ,
1.
#282168000
0.
#282186000
b1100 ,
b1100 X
1.
#282204000
0.
#282222000
b1101 X
b1101 ,
1.
#282240000
0.
#282258000
19
b1110 ,
b1110 X
1.
#282276000
0.
#282294000
09
b1000 S
b0 X
1-
b0 ,
1.
#282312000
0.
#282330000
0-
b1 ,
b1 X
1.
#282348000
0.
#282366000
b10 X
b10 ,
1.
#282384000
0.
#282402000
b11 ,
b11 X
1.
#282420000
0.
#282438000
b100 X
b100 ,
1.
#282456000
0.
#282474000
b101 ,
b101 X
1.
#282492000
0.
#282510000
b110 X
b110 ,
1.
#282528000
0.
#282546000
b111 ,
b111 X
1.
#282564000
0.
#282582000
b1000 X
b1000 ,
1.
#282600000
0.
#282618000
b1001 ,
b1001 X
1.
#282636000
0.
#282654000
b1010 X
b1010 ,
1.
#282672000
0.
#282690000
b1011 ,
b1011 X
1.
#282708000
0.
#282726000
b1100 X
b1100 ,
1.
#282744000
0.
#282762000
b1101 ,
b1101 X
1.
#282780000
0.
#282798000
19
b1110 X
b1110 ,
1.
#282816000
0.
#282834000
09
1-
b0 ,
b0 X
b1001 S
1.
#282852000
0.
#282870000
b1 X
0-
b1 ,
1.
#282888000
0.
#282906000
b10 ,
b10 X
1.
#282924000
0.
#282942000
b11 X
b11 ,
1.
#282960000
0.
#282978000
b100 ,
b100 X
1.
#282996000
0.
#283014000
b101 X
b101 ,
1.
#283032000
0.
#283050000
b110 ,
b110 X
1.
#283068000
0.
#283086000
b111 X
b111 ,
1.
#283104000
0.
#283122000
b1000 ,
b1000 X
1.
#283140000
0.
#283158000
b1001 X
b1001 ,
1.
#283176000
0.
#283194000
b1010 ,
b1010 X
1.
#283212000
0.
#283230000
b1011 X
b1011 ,
1.
#283248000
0.
#283266000
b1100 ,
b1100 X
1.
#283284000
0.
#283302000
b1101 X
b1101 ,
1.
#283320000
0.
#283338000
19
b1110 ,
b1110 X
1.
#283356000
0.
#283374000
09
b1010 S
b0 X
1-
b0 ,
1.
#283392000
0.
#283410000
0-
b1 ,
b1 X
1.
#283428000
0.
#283446000
b10 X
b10 ,
1.
#283464000
0.
#283482000
b11 ,
b11 X
1.
#283500000
0.
#283518000
b100 X
b100 ,
1.
#283536000
0.
#283554000
b101 ,
b101 X
1.
#283572000
0.
#283590000
b110 X
b110 ,
1.
#283608000
0.
#283626000
b111 ,
b111 X
1.
#283644000
0.
#283662000
b1000 X
b1000 ,
1.
#283680000
0.
#283698000
b1001 ,
b1001 X
1.
#283716000
0.
#283734000
b1010 X
b1010 ,
1.
#283752000
0.
#283770000
b1011 ,
b1011 X
1.
#283788000
0.
#283806000
b1100 X
b1100 ,
1.
#283824000
0.
#283842000
b1101 ,
b1101 X
1.
#283860000
0.
#283878000
19
b1110 X
b1110 ,
1.
#283896000
0.
#283914000
09
1-
b0 ,
b0 X
b1011 S
1.
#283932000
0.
#283950000
b1 X
0-
b1 ,
1.
#283968000
0.
#283986000
b10 ,
b10 X
1.
#284004000
0.
#284022000
b11 X
b11 ,
1.
#284040000
0.
#284058000
b100 ,
b100 X
1.
#284076000
0.
#284094000
b101 X
b101 ,
1.
#284112000
0.
#284130000
b110 ,
b110 X
1.
#284148000
0.
#284166000
b111 X
b111 ,
1.
#284184000
0.
#284202000
b1000 ,
b1000 X
1.
#284220000
0.
#284238000
b1001 X
b1001 ,
1.
#284256000
0.
#284274000
b1010 ,
b1010 X
1.
#284292000
0.
#284310000
b1011 X
b1011 ,
1.
#284328000
0.
#284346000
b1100 ,
b1100 X
1.
#284364000
0.
#284382000
b1101 X
b1101 ,
1.
#284400000
0.
#284418000
19
b1110 ,
b1110 X
1.
#284436000
0.
#284454000
09
b1100 S
b0 X
1-
b0 ,
1.
#284472000
0.
#284490000
0-
b1 ,
b1 X
1.
#284508000
0.
#284526000
b10 X
b10 ,
1.
#284544000
0.
#284562000
b11 ,
b11 X
1.
#284580000
0.
#284598000
b100 X
b100 ,
1.
#284616000
0.
#284634000
b101 ,
b101 X
1.
#284652000
0.
#284670000
b110 X
b110 ,
1.
#284688000
0.
#284706000
b111 ,
b111 X
1.
#284724000
0.
#284742000
b1000 X
b1000 ,
1.
#284760000
0.
#284778000
b1001 ,
b1001 X
1.
#284796000
0.
#284814000
b1010 X
b1010 ,
1.
#284832000
0.
#284850000
b1011 ,
b1011 X
1.
#284868000
0.
#284886000
b1100 X
b1100 ,
1.
#284904000
0.
#284922000
b1101 ,
b1101 X
1.
#284940000
0.
#284958000
19
b1110 X
b1110 ,
1.
#284976000
0.
#284994000
09
1-
b0 ,
b0 X
b1101 S
1.
#285012000
0.
#285030000
b1 X
0-
b1 ,
1.
#285048000
0.
#285066000
b10 ,
b10 X
1.
#285084000
0.
#285102000
b11 X
b11 ,
1.
#285120000
0.
#285138000
b100 ,
b100 X
1.
#285156000
0.
#285174000
b101 X
b101 ,
1.
#285192000
0.
#285210000
b110 ,
b110 X
1.
#285228000
0.
#285246000
b111 X
b111 ,
1.
#285264000
0.
#285282000
b1000 ,
b1000 X
1.
#285300000
0.
#285318000
b1001 X
b1001 ,
1.
#285336000
0.
#285354000
b1010 ,
b1010 X
1.
#285372000
0.
#285390000
b1011 X
b1011 ,
1.
#285408000
0.
#285426000
b1100 ,
b1100 X
1.
#285444000
0.
#285462000
b1101 X
b1101 ,
1.
#285480000
0.
#285498000
19
b1110 ,
b1110 X
1.
#285516000
0.
#285534000
09
b1110 S
b0 X
1-
b0 ,
1.
#285552000
0.
#285570000
0-
b1 ,
b1 X
1.
#285588000
0.
#285606000
b10 X
b10 ,
1.
#285624000
0.
#285642000
b11 ,
b11 X
1.
#285660000
0.
#285678000
b100 X
b100 ,
1.
#285696000
0.
#285714000
b101 ,
b101 X
1.
#285732000
0.
#285750000
b110 X
b110 ,
1.
#285768000
0.
#285786000
b111 ,
b111 X
1.
#285804000
0.
#285822000
b1000 X
b1000 ,
1.
#285840000
0.
#285858000
b1001 ,
b1001 X
1.
#285876000
0.
#285894000
b1010 X
b1010 ,
1.
#285912000
0.
#285930000
b1011 ,
b1011 X
1.
#285948000
0.
#285966000
b1100 X
b1100 ,
1.
#285984000
0.
#286002000
b1101 ,
b1101 X
1.
#286020000
0.
#286038000
19
b1110 X
b1110 ,
1.
#286056000
0.
#286074000
09
1-
b0 ,
b0 X
b1111 S
1.
#286092000
0.
#286110000
b1 X
0-
b1 ,
1.
#286128000
0.
#286146000
b10 ,
b10 X
1.
#286164000
0.
#286182000
b11 X
b11 ,
1.
#286200000
0.
#286218000
b100 ,
b100 X
1.
#286236000
0.
#286254000
b101 X
b101 ,
1.
#286272000
0.
#286290000
b110 ,
b110 X
1.
#286308000
0.
#286326000
b111 X
b111 ,
1.
#286344000
0.
#286362000
b1000 ,
b1000 X
1.
#286380000
0.
#286398000
b1001 X
b1001 ,
1.
#286416000
0.
#286434000
b1010 ,
b1010 X
1.
#286452000
0.
#286470000
b1011 X
b1011 ,
1.
#286488000
0.
#286506000
b1100 ,
b1100 X
1.
#286524000
0.
#286542000
b1101 X
b1101 ,
1.
#286560000
0.
#286578000
19
b1110 ,
b1110 X
1.
#286596000
0.
#286614000
09
b1 Q
b0 S
b0 X
1-
b0 ,
1.
#286632000
0.
#286650000
0-
b1 ,
b1 X
0!
1.
#286668000
0.
#286686000
b10 X
b10 ,
1.
#286704000
0.
#286722000
b11 ,
b11 X
1.
#286740000
0.
#286758000
b100 X
b100 ,
1.
#286776000
0.
#286794000
b101 ,
b101 X
1.
#286812000
0.
#286830000
b110 X
b110 ,
1.
#286848000
0.
#286866000
b111 ,
b111 X
1.
#286884000
0.
#286902000
b1000 X
b1000 ,
1.
#286920000
0.
#286938000
b1001 ,
b1001 X
1.
#286956000
0.
#286974000
b1010 X
b1010 ,
1.
#286992000
0.
#287010000
b1011 ,
b1011 X
1.
#287028000
0.
#287046000
b1100 X
b1100 ,
1.
#287064000
0.
#287082000
b1101 ,
b1101 X
1.
#287100000
0.
#287118000
19
b1110 X
b1110 ,
1.
#287136000
0.
#287154000
09
1-
b0 ,
b0 X
b1 S
1.
#287172000
0.
#287190000
b1 X
0-
b1 ,
1.
#287208000
0.
#287226000
b10 ,
b10 X
1.
#287244000
0.
#287262000
b11 X
b11 ,
1.
#287280000
0.
#287298000
b100 ,
b100 X
1.
#287316000
0.
#287334000
b101 X
b101 ,
1.
#287352000
0.
#287370000
b110 ,
b110 X
1.
#287388000
0.
#287406000
b111 X
b111 ,
1.
#287424000
0.
#287442000
b1000 ,
b1000 X
1.
#287460000
0.
#287478000
b1001 X
b1001 ,
1.
#287496000
0.
#287514000
b1010 ,
b1010 X
1.
#287532000
0.
#287550000
b1011 X
b1011 ,
1.
#287568000
0.
#287586000
b1100 ,
b1100 X
1.
#287604000
0.
#287622000
b1101 X
b1101 ,
1.
#287640000
0.
#287658000
19
b1110 ,
b1110 X
1.
#287676000
0.
#287694000
09
b10 S
b0 X
1-
b0 ,
1.
#287712000
0.
#287730000
0-
b1 ,
b1 X
1.
#287748000
0.
#287766000
b10 X
b10 ,
1.
#287784000
0.
#287802000
b11 ,
b11 X
1.
#287820000
0.
#287838000
b100 X
b100 ,
1.
#287856000
0.
#287874000
b101 ,
b101 X
1.
#287892000
0.
#287910000
b110 X
b110 ,
1.
#287928000
0.
#287946000
b111 ,
b111 X
1.
#287964000
0.
#287982000
b1000 X
b1000 ,
1.
#288000000
0.
#288018000
b1001 ,
b1001 X
1.
#288036000
0.
#288054000
b1010 X
b1010 ,
1.
#288072000
0.
#288090000
b1011 ,
b1011 X
1.
#288108000
0.
#288126000
b1100 X
b1100 ,
1.
#288144000
0.
#288162000
b1101 ,
b1101 X
1.
#288180000
0.
#288198000
19
b1110 X
b1110 ,
1.
#288216000
0.
#288234000
09
1-
b0 ,
b0 X
b11 S
1.
#288252000
0.
#288270000
b1 X
0-
b1 ,
1.
#288288000
0.
#288306000
b10 ,
b10 X
1.
#288324000
0.
#288342000
b11 X
b11 ,
1.
#288360000
0.
#288378000
b100 ,
b100 X
1.
#288396000
0.
#288414000
b101 X
b101 ,
1.
#288432000
0.
#288450000
b110 ,
b110 X
1.
#288468000
0.
#288486000
b111 X
b111 ,
1.
#288504000
0.
#288522000
b1000 ,
b1000 X
1.
#288540000
0.
#288558000
b1001 X
b1001 ,
1.
#288576000
0.
#288594000
b1010 ,
b1010 X
1.
#288612000
0.
#288630000
b1011 X
b1011 ,
1.
#288648000
0.
#288666000
b1100 ,
b1100 X
1.
#288684000
0.
#288702000
b1101 X
b1101 ,
1.
#288720000
0.
#288738000
19
b1110 ,
b1110 X
1.
#288756000
0.
#288774000
09
b100 S
b0 X
1-
b0 ,
1.
#288792000
0.
#288810000
0-
b1 ,
b1 X
1.
#288828000
0.
#288846000
b10 X
b10 ,
1.
#288864000
0.
#288882000
b11 ,
b11 X
1.
#288900000
0.
#288918000
b100 X
b100 ,
1.
#288936000
0.
#288954000
b101 ,
b101 X
1.
#288972000
0.
#288990000
b110 X
b110 ,
1.
#289008000
0.
#289026000
b111 ,
b111 X
1.
#289044000
0.
#289062000
b1000 X
b1000 ,
1.
#289080000
0.
#289098000
b1001 ,
b1001 X
1.
#289116000
0.
#289134000
b1010 X
b1010 ,
1.
#289152000
0.
#289170000
b1011 ,
b1011 X
1.
#289188000
0.
#289206000
b1100 X
b1100 ,
1.
#289224000
0.
#289242000
b1101 ,
b1101 X
1.
#289260000
0.
#289278000
19
b1110 X
b1110 ,
1.
#289296000
0.
#289314000
09
1-
b0 ,
b0 X
b101 S
1.
#289332000
0.
#289350000
b1 X
0-
b1 ,
1.
#289368000
0.
#289386000
b10 ,
b10 X
1.
#289404000
0.
#289422000
b11 X
b11 ,
1.
#289440000
0.
#289458000
b100 ,
b100 X
1.
#289476000
0.
#289494000
b101 X
b101 ,
1.
#289512000
0.
#289530000
b110 ,
b110 X
1.
#289548000
0.
#289566000
b111 X
b111 ,
1.
#289584000
0.
#289602000
b1000 ,
b1000 X
1.
#289620000
0.
#289638000
b1001 X
b1001 ,
1.
#289656000
0.
#289674000
b1010 ,
b1010 X
1.
#289692000
0.
#289710000
b1011 X
b1011 ,
1.
#289728000
0.
#289746000
b1100 ,
b1100 X
1.
#289764000
0.
#289782000
b1101 X
b1101 ,
1.
#289800000
0.
#289818000
19
b1110 ,
b1110 X
1.
#289836000
0.
#289854000
09
b110 S
b0 X
1-
b0 ,
1.
#289872000
0.
#289890000
0-
b1 ,
b1 X
1.
#289908000
0.
#289926000
b10 X
b10 ,
1.
#289944000
0.
#289962000
b11 ,
b11 X
1.
#289980000
0.
#289998000
b100 X
b100 ,
1.
#290016000
0.
#290034000
b101 ,
b101 X
1.
#290052000
0.
#290070000
b110 X
b110 ,
1.
#290088000
0.
#290106000
b111 ,
b111 X
1.
#290124000
0.
#290142000
b1000 X
b1000 ,
1.
#290160000
0.
#290178000
b1001 ,
b1001 X
1.
#290196000
0.
#290214000
b1010 X
b1010 ,
1.
#290232000
0.
#290250000
b1011 ,
b1011 X
1.
#290268000
0.
#290286000
b1100 X
b1100 ,
1.
#290304000
0.
#290322000
b1101 ,
b1101 X
1.
#290340000
0.
#290358000
19
b1110 X
b1110 ,
1.
#290376000
0.
#290394000
09
1-
b0 ,
b0 X
b111 S
1.
#290412000
0.
#290430000
b1 X
0-
b1 ,
1.
#290448000
0.
#290466000
b10 ,
b10 X
1.
#290484000
0.
#290502000
b11 X
b11 ,
1.
#290520000
0.
#290538000
b100 ,
b100 X
1.
#290556000
0.
#290574000
b101 X
b101 ,
1.
#290592000
0.
#290610000
b110 ,
b110 X
1.
#290628000
0.
#290646000
b111 X
b111 ,
1.
#290664000
0.
#290682000
b1000 ,
b1000 X
1.
#290700000
0.
#290718000
b1001 X
b1001 ,
1.
#290736000
0.
#290754000
b1010 ,
b1010 X
1.
#290772000
0.
#290790000
b1011 X
b1011 ,
1.
#290808000
0.
#290826000
b1100 ,
b1100 X
1.
#290844000
0.
#290862000
b1101 X
b1101 ,
1.
#290880000
0.
#290898000
19
b1110 ,
b1110 X
1.
#290916000
0.
#290934000
09
b1000 S
b0 X
1-
b0 ,
1.
#290952000
0.
#290970000
0-
b1 ,
b1 X
1.
#290988000
0.
#291006000
b10 X
b10 ,
1.
#291024000
0.
#291042000
b11 ,
b11 X
1.
#291060000
0.
#291078000
b100 X
b100 ,
1.
#291096000
0.
#291114000
b101 ,
b101 X
1.
#291132000
0.
#291150000
b110 X
b110 ,
1.
#291168000
0.
#291186000
b111 ,
b111 X
1.
#291204000
0.
#291222000
b1000 X
b1000 ,
1.
#291240000
0.
#291258000
b1001 ,
b1001 X
1.
#291276000
0.
#291294000
b1010 X
b1010 ,
1.
#291312000
0.
#291330000
b1011 ,
b1011 X
1.
#291348000
0.
#291366000
b1100 X
b1100 ,
1.
#291384000
0.
#291402000
b1101 ,
b1101 X
1.
#291420000
0.
#291438000
19
b1110 X
b1110 ,
1.
#291456000
0.
#291474000
09
1-
b0 ,
b0 X
b1001 S
1.
#291492000
0.
#291510000
b1 X
0-
b1 ,
1.
#291528000
0.
#291546000
b10 ,
b10 X
1.
#291564000
0.
#291582000
b11 X
b11 ,
1.
#291600000
0.
#291618000
b100 ,
b100 X
1.
#291636000
0.
#291654000
b101 X
b101 ,
1.
#291672000
0.
#291690000
b110 ,
b110 X
1.
#291708000
0.
#291726000
b111 X
b111 ,
1.
#291744000
0.
#291762000
b1000 ,
b1000 X
1.
#291780000
0.
#291798000
b1001 X
b1001 ,
1.
#291816000
0.
#291834000
b1010 ,
b1010 X
1.
#291852000
0.
#291870000
b1011 X
b1011 ,
1.
#291888000
0.
#291906000
b1100 ,
b1100 X
1.
#291924000
0.
#291942000
b1101 X
b1101 ,
1.
#291960000
0.
#291978000
19
b1110 ,
b1110 X
1.
#291996000
0.
#292014000
09
b1010 S
b0 X
1-
b0 ,
1.
#292032000
0.
#292050000
0-
b1 ,
b1 X
1.
#292068000
0.
#292086000
b10 X
b10 ,
1.
#292104000
0.
#292122000
b11 ,
b11 X
1.
#292140000
0.
#292158000
b100 X
b100 ,
1.
#292176000
0.
#292194000
b101 ,
b101 X
1.
#292212000
0.
#292230000
b110 X
b110 ,
1.
#292248000
0.
#292266000
b111 ,
b111 X
1.
#292284000
0.
#292302000
b1000 X
b1000 ,
1.
#292320000
0.
#292338000
b1001 ,
b1001 X
1.
#292356000
0.
#292374000
b1010 X
b1010 ,
1.
#292392000
0.
#292410000
b1011 ,
b1011 X
1.
#292428000
0.
#292446000
b1100 X
b1100 ,
1.
#292464000
0.
#292482000
b1101 ,
b1101 X
1.
#292500000
0.
#292518000
19
b1110 X
b1110 ,
1.
#292536000
0.
#292554000
09
1-
b0 ,
b0 X
b1011 S
1.
#292572000
0.
#292590000
b1 X
0-
b1 ,
1.
#292608000
0.
#292626000
b10 ,
b10 X
1.
#292644000
0.
#292662000
b11 X
b11 ,
1.
#292680000
0.
#292698000
b100 ,
b100 X
1.
#292716000
0.
#292734000
b101 X
b101 ,
1.
#292752000
0.
#292770000
b110 ,
b110 X
1.
#292788000
0.
#292806000
b111 X
b111 ,
1.
#292824000
0.
#292842000
b1000 ,
b1000 X
1.
#292860000
0.
#292878000
b1001 X
b1001 ,
1.
#292896000
0.
#292914000
b1010 ,
b1010 X
1.
#292932000
0.
#292950000
b1011 X
b1011 ,
1.
#292968000
0.
#292986000
b1100 ,
b1100 X
1.
#293004000
0.
#293022000
b1101 X
b1101 ,
1.
#293040000
0.
#293058000
19
b1110 ,
b1110 X
1.
#293076000
0.
#293094000
09
b1100 S
b0 X
1-
b0 ,
1.
#293112000
0.
#293130000
0-
b1 ,
b1 X
1.
#293148000
0.
#293166000
b10 X
b10 ,
1.
#293184000
0.
#293202000
b11 ,
b11 X
1.
#293220000
0.
#293238000
b100 X
b100 ,
1.
#293256000
0.
#293274000
b101 ,
b101 X
1.
#293292000
0.
#293310000
b110 X
b110 ,
1.
#293328000
0.
#293346000
b111 ,
b111 X
1.
#293364000
0.
#293382000
b1000 X
b1000 ,
1.
#293400000
0.
#293418000
b1001 ,
b1001 X
1.
#293436000
0.
#293454000
b1010 X
b1010 ,
1.
#293472000
0.
#293490000
b1011 ,
b1011 X
1.
#293508000
0.
#293526000
b1100 X
b1100 ,
1.
#293544000
0.
#293562000
b1101 ,
b1101 X
1.
#293580000
0.
#293598000
19
b1110 X
b1110 ,
1.
#293616000
0.
#293634000
09
1-
b0 ,
b0 X
b1101 S
1.
#293652000
0.
#293670000
b1 X
0-
b1 ,
1.
#293688000
0.
#293706000
b10 ,
b10 X
1.
#293724000
0.
#293742000
b11 X
b11 ,
1.
#293760000
0.
#293778000
b100 ,
b100 X
1.
#293796000
0.
#293814000
b101 X
b101 ,
1.
#293832000
0.
#293850000
b110 ,
b110 X
1.
#293868000
0.
#293886000
b111 X
b111 ,
1.
#293904000
0.
#293922000
b1000 ,
b1000 X
1.
#293940000
0.
#293958000
b1001 X
b1001 ,
1.
#293976000
0.
#293994000
b1010 ,
b1010 X
1.
#294012000
0.
#294030000
b1011 X
b1011 ,
1.
#294048000
0.
#294066000
b1100 ,
b1100 X
1.
#294084000
0.
#294102000
b1101 X
b1101 ,
1.
#294120000
0.
#294138000
19
b1110 ,
b1110 X
1.
#294156000
0.
#294174000
09
b1110 S
b0 X
1-
b0 ,
1.
#294192000
0.
#294210000
0-
b1 ,
b1 X
1.
#294228000
0.
#294246000
b10 X
b10 ,
1.
#294264000
0.
#294282000
b11 ,
b11 X
1.
#294300000
0.
#294318000
b100 X
b100 ,
1.
#294336000
0.
#294354000
b101 ,
b101 X
1.
#294372000
0.
#294390000
b110 X
b110 ,
1.
#294408000
0.
#294426000
b111 ,
b111 X
1.
#294444000
0.
#294462000
b1000 X
b1000 ,
1.
#294480000
0.
#294498000
b1001 ,
b1001 X
1.
#294516000
0.
#294534000
b1010 X
b1010 ,
1.
#294552000
0.
#294570000
b1011 ,
b1011 X
1.
#294588000
0.
#294606000
b1100 X
b1100 ,
1.
#294624000
0.
#294642000
b1101 ,
b1101 X
1.
#294660000
0.
#294678000
19
b1110 X
b1110 ,
1.
#294696000
0.
#294714000
09
1-
b0 ,
b0 X
b1111 S
1.
#294732000
0.
#294750000
b1 X
0-
b1 ,
1.
#294768000
0.
#294786000
b10 ,
b10 X
1.
#294804000
0.
#294822000
b11 X
b11 ,
1.
#294840000
0.
#294858000
b100 ,
b100 X
1.
#294876000
0.
#294894000
b101 X
b101 ,
1.
#294912000
0.
#294930000
b110 ,
b110 X
1.
#294948000
0.
#294966000
b111 X
b111 ,
1.
#294984000
0.
#295002000
b1000 ,
b1000 X
1.
#295020000
0.
#295038000
b1001 X
b1001 ,
1.
#295056000
0.
#295074000
b1010 ,
b1010 X
1.
#295092000
0.
#295110000
b1011 X
b1011 ,
1.
#295128000
0.
#295146000
b1100 ,
b1100 X
1.
#295164000
0.
#295182000
b1101 X
b1101 ,
1.
#295200000
0.
#295218000
19
b1110 ,
b1110 X
1.
#295236000
0.
#295254000
09
b10 Q
b0 S
b0 X
1-
b0 ,
1.
#295272000
0.
#295290000
0-
b1 ,
b1 X
1.
#295308000
0.
#295326000
b10 X
b10 ,
1.
#295344000
0.
#295362000
b11 ,
b11 X
1.
#295380000
0.
#295398000
b100 X
b100 ,
1.
#295416000
0.
#295434000
b101 ,
b101 X
1.
#295452000
0.
#295470000
b110 X
b110 ,
1.
#295488000
0.
#295506000
b111 ,
b111 X
1.
#295524000
0.
#295542000
b1000 X
b1000 ,
1.
#295560000
0.
#295578000
b1001 ,
b1001 X
1.
#295596000
0.
#295614000
b1010 X
b1010 ,
1.
#295632000
0.
#295650000
b1011 ,
b1011 X
1.
#295668000
0.
#295686000
b1100 X
b1100 ,
1.
#295704000
0.
#295722000
b1101 ,
b1101 X
1.
#295740000
0.
#295758000
19
b1110 X
b1110 ,
1.
#295776000
0.
#295794000
09
1-
b0 ,
b0 X
b1 S
1.
#295812000
0.
#295830000
b1 X
0-
b1 ,
1.
#295848000
0.
#295866000
b10 ,
b10 X
1.
#295884000
0.
#295902000
b11 X
b11 ,
1.
#295920000
0.
#295938000
b100 ,
b100 X
1.
#295956000
0.
#295974000
b101 X
b101 ,
1.
#295992000
0.
#296010000
b110 ,
b110 X
1.
#296028000
0.
#296046000
b111 X
b111 ,
1.
#296064000
0.
#296082000
b1000 ,
b1000 X
1.
#296100000
0.
#296118000
b1001 X
b1001 ,
1.
#296136000
0.
#296154000
b1010 ,
b1010 X
1.
#296172000
0.
#296190000
b1011 X
b1011 ,
1.
#296208000
0.
#296226000
b1100 ,
b1100 X
1.
#296244000
0.
#296262000
b1101 X
b1101 ,
1.
#296280000
0.
#296298000
19
b1110 ,
b1110 X
1.
#296316000
0.
#296334000
09
b10 S
b0 X
1-
b0 ,
1.
#296352000
0.
#296370000
0-
b1 ,
b1 X
1.
#296388000
0.
#296406000
b10 X
b10 ,
1.
#296424000
0.
#296442000
b11 ,
b11 X
1.
#296460000
0.
#296478000
b100 X
b100 ,
1.
#296496000
0.
#296514000
b101 ,
b101 X
1.
#296532000
0.
#296550000
b110 X
b110 ,
1.
#296568000
0.
#296586000
b111 ,
b111 X
1.
#296604000
0.
#296622000
b1000 X
b1000 ,
1.
#296640000
0.
#296658000
b1001 ,
b1001 X
1.
#296676000
0.
#296694000
b1010 X
b1010 ,
1.
#296712000
0.
#296730000
b1011 ,
b1011 X
1.
#296748000
0.
#296766000
b1100 X
b1100 ,
1.
#296784000
0.
#296802000
b1101 ,
b1101 X
1.
#296820000
0.
#296838000
19
b1110 X
b1110 ,
1.
#296856000
0.
#296874000
09
1-
b0 ,
b0 X
b11 S
1.
#296892000
0.
#296910000
b1 X
0-
b1 ,
1.
#296928000
0.
#296946000
b10 ,
b10 X
1.
#296964000
0.
#296982000
b11 X
b11 ,
1.
#297000000
0.
#297018000
b100 ,
b100 X
1.
#297036000
0.
#297054000
b101 X
b101 ,
1.
#297072000
0.
#297090000
b110 ,
b110 X
1.
#297108000
0.
#297126000
b111 X
b111 ,
1.
#297144000
0.
#297162000
b1000 ,
b1000 X
1.
#297180000
0.
#297198000
b1001 X
b1001 ,
1.
#297216000
0.
#297234000
b1010 ,
b1010 X
1.
#297252000
0.
#297270000
b1011 X
b1011 ,
1.
#297288000
0.
#297306000
b1100 ,
b1100 X
1.
#297324000
0.
#297342000
b1101 X
b1101 ,
1.
#297360000
0.
#297378000
19
b1110 ,
b1110 X
1.
#297396000
0.
#297414000
09
b100 S
b0 X
1-
b0 ,
1.
#297432000
0.
#297450000
0-
b1 ,
b1 X
1.
#297468000
0.
#297486000
b10 X
b10 ,
1.
#297504000
0.
#297522000
b11 ,
b11 X
1.
#297540000
0.
#297558000
b100 X
b100 ,
1.
#297576000
0.
#297594000
b101 ,
b101 X
1.
#297612000
0.
#297630000
b110 X
b110 ,
1.
#297648000
0.
#297666000
b111 ,
b111 X
1.
#297684000
0.
#297702000
b1000 X
b1000 ,
1.
#297720000
0.
#297738000
b1001 ,
b1001 X
1.
#297756000
0.
#297774000
b1010 X
b1010 ,
1.
#297792000
0.
#297810000
b1011 ,
b1011 X
1.
#297828000
0.
#297846000
b1100 X
b1100 ,
1.
#297864000
0.
#297882000
b1101 ,
b1101 X
1.
#297900000
0.
#297918000
19
b1110 X
b1110 ,
1.
#297936000
0.
#297954000
09
1-
b0 ,
b0 X
b101 S
1.
#297972000
0.
#297990000
b1 X
0-
b1 ,
1.
#298008000
0.
#298026000
b10 ,
b10 X
1.
#298044000
0.
#298062000
b11 X
b11 ,
1.
#298080000
0.
#298098000
b100 ,
b100 X
1.
#298116000
0.
#298134000
b101 X
b101 ,
1.
#298152000
0.
#298170000
b110 ,
b110 X
1.
#298188000
0.
#298206000
b111 X
b111 ,
1.
#298224000
0.
#298242000
b1000 ,
b1000 X
1.
#298260000
0.
#298278000
b1001 X
b1001 ,
1.
#298296000
0.
#298314000
b1010 ,
b1010 X
1.
#298332000
0.
#298350000
b1011 X
b1011 ,
1.
#298368000
0.
#298386000
b1100 ,
b1100 X
1.
#298404000
0.
#298422000
b1101 X
b1101 ,
1.
#298440000
0.
#298458000
19
b1110 ,
b1110 X
1.
#298476000
0.
#298494000
09
b110 S
b0 X
1-
b0 ,
1.
#298512000
0.
#298530000
0-
b1 ,
b1 X
1.
#298548000
0.
#298566000
b10 X
b10 ,
1.
#298584000
0.
#298602000
b11 ,
b11 X
1.
#298620000
0.
#298638000
b100 X
b100 ,
1.
#298656000
0.
#298674000
b101 ,
b101 X
1.
#298692000
0.
#298710000
b110 X
b110 ,
1.
#298728000
0.
#298746000
b111 ,
b111 X
1.
#298764000
0.
#298782000
b1000 X
b1000 ,
1.
#298800000
0.
#298818000
b1001 ,
b1001 X
1.
#298836000
0.
#298854000
b1010 X
b1010 ,
1.
#298872000
0.
#298890000
b1011 ,
b1011 X
1.
#298908000
0.
#298926000
b1100 X
b1100 ,
1.
#298944000
0.
#298962000
b1101 ,
b1101 X
1.
#298980000
0.
#298998000
19
b1110 X
b1110 ,
1.
#299016000
0.
#299034000
09
1-
b0 ,
b0 X
b111 S
1.
#299052000
0.
#299070000
b1 X
0-
b1 ,
1.
#299088000
0.
#299106000
b10 ,
b10 X
1.
#299124000
0.
#299142000
b11 X
b11 ,
1.
#299160000
0.
#299178000
b100 ,
b100 X
1.
#299196000
0.
#299214000
b101 X
b101 ,
1.
#299232000
0.
#299250000
b110 ,
b110 X
1.
#299268000
0.
#299286000
b111 X
b111 ,
1.
#299304000
0.
#299322000
b1000 ,
b1000 X
1.
#299340000
0.
#299358000
b1001 X
b1001 ,
1.
#299376000
0.
#299394000
b1010 ,
b1010 X
1.
#299412000
0.
#299430000
b1011 X
b1011 ,
1.
#299448000
0.
#299466000
b1100 ,
b1100 X
1.
#299484000
0.
#299502000
b1101 X
b1101 ,
1.
#299520000
0.
#299538000
19
b1110 ,
b1110 X
1.
#299556000
0.
#299574000
09
b1000 S
b0 X
1-
b0 ,
1.
#299592000
0.
#299610000
0-
b1 ,
b1 X
1.
#299628000
0.
#299646000
b10 X
b10 ,
1.
#299664000
0.
#299682000
b11 ,
b11 X
1.
#299700000
0.
#299718000
b100 X
b100 ,
1.
#299736000
0.
#299754000
b101 ,
b101 X
1.
#299772000
0.
#299790000
b110 X
b110 ,
1.
#299808000
0.
#299826000
b111 ,
b111 X
1.
#299844000
0.
#299862000
b1000 X
b1000 ,
1.
#299880000
0.
#299898000
b1001 ,
b1001 X
1.
#299916000
0.
#299934000
b1010 X
b1010 ,
1.
#299952000
0.
#299970000
b1011 ,
b1011 X
1.
#299988000
0.
#300006000
b1100 X
b1100 ,
1.
#300024000
0.
#300042000
b1101 ,
b1101 X
1.
#300060000
0.
#300078000
19
b1110 X
b1110 ,
1.
#300096000
0.
#300114000
09
1-
b0 ,
b0 X
b1001 S
1.
#300132000
0.
#300150000
b1 X
0-
b1 ,
1.
#300168000
0.
#300186000
b10 ,
b10 X
1.
#300204000
0.
#300222000
b11 X
b11 ,
1.
#300240000
0.
#300258000
b100 ,
b100 X
1.
#300276000
0.
#300294000
b101 X
b101 ,
1.
#300312000
0.
#300330000
b110 ,
b110 X
1.
#300348000
0.
#300366000
b111 X
b111 ,
1.
#300384000
0.
#300402000
b1000 ,
b1000 X
1.
#300420000
0.
#300438000
b1001 X
b1001 ,
1.
#300456000
0.
#300474000
b1010 ,
b1010 X
1.
#300492000
0.
#300510000
b1011 X
b1011 ,
1.
#300528000
0.
#300546000
b1100 ,
b1100 X
1.
#300564000
0.
#300582000
b1101 X
b1101 ,
1.
#300600000
0.
#300618000
19
b1110 ,
b1110 X
1.
#300636000
0.
#300654000
09
b1010 S
b0 X
1-
b0 ,
1.
#300672000
0.
#300690000
0-
b1 ,
b1 X
1.
#300708000
0.
#300726000
b10 X
b10 ,
1.
#300744000
0.
#300762000
b11 ,
b11 X
1.
#300780000
0.
#300798000
b100 X
b100 ,
1.
#300816000
0.
#300834000
b101 ,
b101 X
1.
#300852000
0.
#300870000
b110 X
b110 ,
1.
#300888000
0.
#300906000
b111 ,
b111 X
1.
#300924000
0.
#300942000
b1000 X
b1000 ,
1.
#300960000
0.
#300978000
b1001 ,
b1001 X
1.
#300996000
0.
#301014000
b1010 X
b1010 ,
1.
#301032000
0.
#301050000
b1011 ,
b1011 X
1.
#301068000
0.
#301086000
b1100 X
b1100 ,
1.
#301104000
0.
#301122000
b1101 ,
b1101 X
1.
#301140000
0.
#301158000
19
b1110 X
b1110 ,
1.
#301176000
0.
#301194000
09
1-
b0 ,
b0 X
b1011 S
1.
#301212000
0.
#301230000
b1 X
0-
b1 ,
1.
#301248000
0.
#301266000
b10 ,
b10 X
1.
#301284000
0.
#301302000
b11 X
b11 ,
1.
#301320000
0.
#301338000
b100 ,
b100 X
1.
#301356000
0.
#301374000
b101 X
b101 ,
1.
#301392000
0.
#301410000
b110 ,
b110 X
1.
#301428000
0.
#301446000
b111 X
b111 ,
1.
#301464000
0.
#301482000
b1000 ,
b1000 X
1.
#301500000
0.
#301518000
b1001 X
b1001 ,
1.
#301536000
0.
#301554000
b1010 ,
b1010 X
1.
#301572000
0.
#301590000
b1011 X
b1011 ,
1.
#301608000
0.
#301626000
b1100 ,
b1100 X
1.
#301644000
0.
#301662000
b1101 X
b1101 ,
1.
#301680000
0.
#301698000
19
b1110 ,
b1110 X
1.
#301716000
0.
#301734000
09
b1100 S
b0 X
1-
b0 ,
1.
#301752000
0.
#301770000
0-
b1 ,
b1 X
1.
#301788000
0.
#301806000
b10 X
b10 ,
1.
#301824000
0.
#301842000
b11 ,
b11 X
1.
#301860000
0.
#301878000
b100 X
b100 ,
1.
#301896000
0.
#301914000
b101 ,
b101 X
1.
#301932000
0.
#301950000
b110 X
b110 ,
1.
#301968000
0.
#301986000
b111 ,
b111 X
1.
#302004000
0.
#302022000
b1000 X
b1000 ,
1.
#302040000
0.
#302058000
b1001 ,
b1001 X
1.
#302076000
0.
#302094000
b1010 X
b1010 ,
1.
#302112000
0.
#302130000
b1011 ,
b1011 X
1.
#302148000
0.
#302166000
b1100 X
b1100 ,
1.
#302184000
0.
#302202000
b1101 ,
b1101 X
1.
#302220000
0.
#302238000
19
b1110 X
b1110 ,
1.
#302256000
0.
#302274000
09
1-
b0 ,
b0 X
b1101 S
1.
#302292000
0.
#302310000
b1 X
0-
b1 ,
1.
#302328000
0.
#302346000
b10 ,
b10 X
1.
#302364000
0.
#302382000
b11 X
b11 ,
1.
#302400000
0.
#302418000
b100 ,
b100 X
1.
#302436000
0.
#302454000
b101 X
b101 ,
1.
#302472000
0.
#302490000
b110 ,
b110 X
1.
#302508000
0.
#302526000
b111 X
b111 ,
1.
#302544000
0.
#302562000
b1000 ,
b1000 X
1.
#302580000
0.
#302598000
b1001 X
b1001 ,
1.
#302616000
0.
#302634000
b1010 ,
b1010 X
1.
#302652000
0.
#302670000
b1011 X
b1011 ,
1.
#302688000
0.
#302706000
b1100 ,
b1100 X
1.
#302724000
0.
#302742000
b1101 X
b1101 ,
1.
#302760000
0.
#302778000
19
b1110 ,
b1110 X
1.
#302796000
0.
#302814000
09
b1110 S
b0 X
1-
b0 ,
1.
#302832000
0.
#302850000
0-
b1 ,
b1 X
1.
#302868000
0.
#302886000
b10 X
b10 ,
1.
#302904000
0.
#302922000
b11 ,
b11 X
1.
#302940000
0.
#302958000
b100 X
b100 ,
1.
#302976000
0.
#302994000
b101 ,
b101 X
1.
#303012000
0.
#303030000
b110 X
b110 ,
1.
#303048000
0.
#303066000
b111 ,
b111 X
1.
#303084000
0.
#303102000
b1000 X
b1000 ,
1.
#303120000
0.
#303138000
b1001 ,
b1001 X
1.
#303156000
0.
#303174000
b1010 X
b1010 ,
1.
#303192000
0.
#303210000
b1011 ,
b1011 X
1.
#303228000
0.
#303246000
b1100 X
b1100 ,
1.
#303264000
0.
#303282000
b1101 ,
b1101 X
1.
#303300000
0.
#303318000
19
b1110 X
b1110 ,
1.
#303336000
0.
#303354000
09
1-
b0 ,
b0 X
b1111 S
1.
#303372000
0.
#303390000
b1 X
0-
b1 ,
1.
#303408000
0.
#303426000
b10 ,
b10 X
1.
#303444000
0.
#303462000
b11 X
b11 ,
1.
#303480000
0.
#303498000
b100 ,
b100 X
1.
#303516000
0.
#303534000
b101 X
b101 ,
1.
#303552000
0.
#303570000
b110 ,
b110 X
1.
#303588000
0.
#303606000
b111 X
b111 ,
1.
#303624000
0.
#303642000
b1000 ,
b1000 X
1.
#303660000
0.
#303678000
b1001 X
b1001 ,
1.
#303696000
0.
#303714000
b1010 ,
b1010 X
1.
#303732000
0.
#303750000
b1011 X
b1011 ,
1.
#303768000
0.
#303786000
b1100 ,
b1100 X
1.
#303804000
0.
#303822000
b1101 X
b1101 ,
1.
#303840000
0.
#303858000
19
b1110 ,
b1110 X
1.
#303876000
0.
#303894000
09
b11 Q
b0 S
b0 X
1-
b0 ,
1.
#303912000
0.
#303930000
0-
b1 ,
b1 X
1.
#303948000
0.
#303966000
b10 X
b10 ,
1.
#303984000
0.
#304002000
b11 ,
b11 X
1.
#304020000
0.
#304038000
b100 X
b100 ,
1.
#304056000
0.
#304074000
b101 ,
b101 X
1.
#304092000
0.
#304110000
b110 X
b110 ,
1.
#304128000
0.
#304146000
b111 ,
b111 X
1.
#304164000
0.
#304182000
b1000 X
b1000 ,
1.
#304200000
0.
#304218000
b1001 ,
b1001 X
1.
#304236000
0.
#304254000
b1010 X
b1010 ,
1.
#304272000
0.
#304290000
b1011 ,
b1011 X
1.
#304308000
0.
#304326000
b1100 X
b1100 ,
1.
#304344000
0.
#304362000
b1101 ,
b1101 X
1.
#304380000
0.
#304398000
19
b1110 X
b1110 ,
1.
#304416000
0.
#304434000
09
1-
b0 ,
b0 X
b1 S
1.
#304452000
0.
#304470000
b1 X
0-
b1 ,
1.
#304488000
0.
#304506000
b10 ,
b10 X
1.
#304524000
0.
#304542000
b11 X
b11 ,
1.
#304560000
0.
#304578000
b100 ,
b100 X
1.
#304596000
0.
#304614000
b101 X
b101 ,
1.
#304632000
0.
#304650000
b110 ,
b110 X
1.
#304668000
0.
#304686000
b111 X
b111 ,
1.
#304704000
0.
#304722000
b1000 ,
b1000 X
1.
#304740000
0.
#304758000
b1001 X
b1001 ,
1.
#304776000
0.
#304794000
b1010 ,
b1010 X
1.
#304812000
0.
#304830000
b1011 X
b1011 ,
1.
#304848000
0.
#304866000
b1100 ,
b1100 X
1.
#304884000
0.
#304902000
b1101 X
b1101 ,
1.
#304920000
0.
#304938000
19
b1110 ,
b1110 X
1.
#304956000
0.
#304974000
09
b10 S
b0 X
1-
b0 ,
1.
#304992000
0.
#305010000
0-
b1 ,
b1 X
1.
#305028000
0.
#305046000
b10 X
b10 ,
1.
#305064000
0.
#305082000
b11 ,
b11 X
1.
#305100000
0.
#305118000
b100 X
b100 ,
1.
#305136000
0.
#305154000
b101 ,
b101 X
1.
#305172000
0.
#305190000
b110 X
b110 ,
1.
#305208000
0.
#305226000
b111 ,
b111 X
1.
#305244000
0.
#305262000
b1000 X
b1000 ,
1.
#305280000
0.
#305298000
b1001 ,
b1001 X
1.
#305316000
0.
#305334000
b1010 X
b1010 ,
1.
#305352000
0.
#305370000
b1011 ,
b1011 X
1.
#305388000
0.
#305406000
b1100 X
b1100 ,
1.
#305424000
0.
#305442000
b1101 ,
b1101 X
1.
#305460000
0.
#305478000
19
b1110 X
b1110 ,
1.
#305496000
0.
#305514000
09
1-
b0 ,
b0 X
b11 S
1.
#305532000
0.
#305550000
b1 X
0-
b1 ,
1.
#305568000
0.
#305586000
b10 ,
b10 X
1.
#305604000
0.
#305622000
b11 X
b11 ,
1.
#305640000
0.
#305658000
b100 ,
b100 X
1.
#305676000
0.
#305694000
b101 X
b101 ,
1.
#305712000
0.
#305730000
b110 ,
b110 X
1.
#305748000
0.
#305766000
b111 X
b111 ,
1.
#305784000
0.
#305802000
b1000 ,
b1000 X
1.
#305820000
0.
#305838000
b1001 X
b1001 ,
1.
#305856000
0.
#305874000
b1010 ,
b1010 X
1.
#305892000
0.
#305910000
b1011 X
b1011 ,
1.
#305928000
0.
#305946000
b1100 ,
b1100 X
1.
#305964000
0.
#305982000
b1101 X
b1101 ,
1.
#306000000
0.
#306018000
19
b1110 ,
b1110 X
1.
#306036000
0.
#306054000
09
b100 S
b0 X
1-
b0 ,
1.
#306072000
0.
#306090000
0-
b1 ,
b1 X
1.
#306108000
0.
#306126000
b10 X
b10 ,
1.
#306144000
0.
#306162000
b11 ,
b11 X
1.
#306180000
0.
#306198000
b100 X
b100 ,
1.
#306216000
0.
#306234000
b101 ,
b101 X
1.
#306252000
0.
#306270000
b110 X
b110 ,
1.
#306288000
0.
#306306000
b111 ,
b111 X
1.
#306324000
0.
#306342000
b1000 X
b1000 ,
1.
#306360000
0.
#306378000
b1001 ,
b1001 X
1.
#306396000
0.
#306414000
b1010 X
b1010 ,
1.
#306432000
0.
#306450000
b1011 ,
b1011 X
1.
#306468000
0.
#306486000
b1100 X
b1100 ,
1.
#306504000
0.
#306522000
b1101 ,
b1101 X
1.
#306540000
0.
#306558000
19
b1110 X
b1110 ,
1.
#306576000
0.
#306594000
09
1-
b0 ,
b0 X
b101 S
1.
#306612000
0.
#306630000
b1 X
0-
b1 ,
1.
#306648000
0.
#306666000
b10 ,
b10 X
1.
#306684000
0.
#306702000
b11 X
b11 ,
1.
#306720000
0.
#306738000
b100 ,
b100 X
1.
#306756000
0.
#306774000
b101 X
b101 ,
1.
#306792000
0.
#306810000
b110 ,
b110 X
1.
#306828000
0.
#306846000
b111 X
b111 ,
1.
#306864000
0.
#306882000
b1000 ,
b1000 X
1.
#306900000
0.
#306918000
b1001 X
b1001 ,
1.
#306936000
0.
#306954000
b1010 ,
b1010 X
1.
#306972000
0.
#306990000
b1011 X
b1011 ,
1.
#307008000
0.
#307026000
b1100 ,
b1100 X
1.
#307044000
0.
#307062000
b1101 X
b1101 ,
1.
#307080000
0.
#307098000
19
b1110 ,
b1110 X
1.
#307116000
0.
#307134000
09
b110 S
b0 X
1-
b0 ,
1.
#307152000
0.
#307170000
0-
b1 ,
b1 X
1.
#307188000
0.
#307206000
b10 X
b10 ,
1.
#307224000
0.
#307242000
b11 ,
b11 X
1.
#307260000
0.
#307278000
b100 X
b100 ,
1.
#307296000
0.
#307314000
b101 ,
b101 X
1.
#307332000
0.
#307350000
b110 X
b110 ,
1.
#307368000
0.
#307386000
b111 ,
b111 X
1.
#307404000
0.
#307422000
b1000 X
b1000 ,
1.
#307440000
0.
#307458000
b1001 ,
b1001 X
1.
#307476000
0.
#307494000
b1010 X
b1010 ,
1.
#307512000
0.
#307530000
b1011 ,
b1011 X
1.
#307548000
0.
#307566000
b1100 X
b1100 ,
1.
#307584000
0.
#307602000
b1101 ,
b1101 X
1.
#307620000
0.
#307638000
19
b1110 X
b1110 ,
1.
#307656000
0.
#307674000
09
1-
b0 ,
b0 X
b111 S
1.
#307692000
0.
#307710000
b1 X
0-
b1 ,
1.
#307728000
0.
#307746000
b10 ,
b10 X
1.
#307764000
0.
#307782000
b11 X
b11 ,
1.
#307800000
0.
#307818000
b100 ,
b100 X
1.
#307836000
0.
#307854000
b101 X
b101 ,
1.
#307872000
0.
#307890000
b110 ,
b110 X
1.
#307908000
0.
#307926000
b111 X
b111 ,
1.
#307944000
0.
#307962000
b1000 ,
b1000 X
1.
#307980000
0.
#307998000
b1001 X
b1001 ,
1.
#308016000
0.
#308034000
b1010 ,
b1010 X
1.
#308052000
0.
#308070000
b1011 X
b1011 ,
1.
#308088000
0.
#308106000
b1100 ,
b1100 X
1.
#308124000
0.
#308142000
b1101 X
b1101 ,
1.
#308160000
0.
#308178000
19
b1110 ,
b1110 X
1.
#308196000
0.
#308214000
09
b1000 S
b0 X
1-
b0 ,
1.
#308232000
0.
#308250000
0-
b1 ,
b1 X
1.
#308268000
0.
#308286000
b10 X
b10 ,
1.
#308304000
0.
#308322000
b11 ,
b11 X
1.
#308340000
0.
#308358000
b100 X
b100 ,
1.
#308376000
0.
#308394000
b101 ,
b101 X
1.
#308412000
0.
#308430000
b110 X
b110 ,
1.
#308448000
0.
#308466000
b111 ,
b111 X
1.
#308484000
0.
#308502000
b1000 X
b1000 ,
1.
#308520000
0.
#308538000
b1001 ,
b1001 X
1.
#308556000
0.
#308574000
b1010 X
b1010 ,
1.
#308592000
0.
#308610000
b1011 ,
b1011 X
1.
#308628000
0.
#308646000
b1100 X
b1100 ,
1.
#308664000
0.
#308682000
b1101 ,
b1101 X
1.
#308700000
0.
#308718000
19
b1110 X
b1110 ,
1.
#308736000
0.
#308754000
09
1-
b0 ,
b0 X
b1001 S
1.
#308772000
0.
#308790000
b1 X
0-
b1 ,
1.
#308808000
0.
#308826000
b10 ,
b10 X
1.
#308844000
0.
#308862000
b11 X
b11 ,
1.
#308880000
0.
#308898000
b100 ,
b100 X
1.
#308916000
0.
#308934000
b101 X
b101 ,
1.
#308952000
0.
#308970000
b110 ,
b110 X
1.
#308988000
0.
#309006000
b111 X
b111 ,
1.
#309024000
0.
#309042000
b1000 ,
b1000 X
1.
#309060000
0.
#309078000
b1001 X
b1001 ,
1.
#309096000
0.
#309114000
b1010 ,
b1010 X
1.
#309132000
0.
#309150000
b1011 X
b1011 ,
1.
#309168000
0.
#309186000
b1100 ,
b1100 X
1.
#309204000
0.
#309222000
b1101 X
b1101 ,
1.
#309240000
0.
#309258000
19
b1110 ,
b1110 X
1.
#309276000
0.
#309294000
09
b1010 S
b0 X
1-
b0 ,
1.
#309312000
0.
#309330000
0-
b1 ,
b1 X
1.
#309348000
0.
#309366000
b10 X
b10 ,
1.
#309384000
0.
#309402000
b11 ,
b11 X
1.
#309420000
0.
#309438000
b100 X
b100 ,
1.
#309456000
0.
#309474000
b101 ,
b101 X
1.
#309492000
0.
#309510000
b110 X
b110 ,
1.
#309528000
0.
#309546000
b111 ,
b111 X
1.
#309564000
0.
#309582000
b1000 X
b1000 ,
1.
#309600000
0.
#309618000
b1001 ,
b1001 X
1.
#309636000
0.
#309654000
b1010 X
b1010 ,
1.
#309672000
0.
#309690000
b1011 ,
b1011 X
1.
#309708000
0.
#309726000
b1100 X
b1100 ,
1.
#309744000
0.
#309762000
b1101 ,
b1101 X
1.
#309780000
0.
#309798000
19
b1110 X
b1110 ,
1.
#309816000
0.
#309834000
09
1-
b0 ,
b0 X
b1011 S
1.
#309852000
0.
#309870000
b1 X
0-
b1 ,
1.
#309888000
0.
#309906000
b10 ,
b10 X
1.
#309924000
0.
#309942000
b11 X
b11 ,
1.
#309960000
0.
#309978000
b100 ,
b100 X
1.
#309996000
0.
#310014000
b101 X
b101 ,
1.
#310032000
0.
#310050000
b110 ,
b110 X
1.
#310068000
0.
#310086000
b111 X
b111 ,
1.
#310104000
0.
#310122000
b1000 ,
b1000 X
1.
#310140000
0.
#310158000
b1001 X
b1001 ,
1.
#310176000
0.
#310194000
b1010 ,
b1010 X
1.
#310212000
0.
#310230000
b1011 X
b1011 ,
1.
#310248000
0.
#310266000
b1100 ,
b1100 X
1.
#310284000
0.
#310302000
b1101 X
b1101 ,
1.
#310320000
0.
#310338000
19
b1110 ,
b1110 X
1.
#310356000
0.
#310374000
09
b1100 S
b0 X
1-
b0 ,
1.
#310392000
0.
#310410000
0-
b1 ,
b1 X
1.
#310428000
0.
#310446000
b10 X
b10 ,
1.
#310464000
0.
#310482000
b11 ,
b11 X
1.
#310500000
0.
#310518000
b100 X
b100 ,
1.
#310536000
0.
#310554000
b101 ,
b101 X
1.
#310572000
0.
#310590000
b110 X
b110 ,
1.
#310608000
0.
#310626000
b111 ,
b111 X
1.
#310644000
0.
#310662000
b1000 X
b1000 ,
1.
#310680000
0.
#310698000
b1001 ,
b1001 X
1.
#310716000
0.
#310734000
b1010 X
b1010 ,
1.
#310752000
0.
#310770000
b1011 ,
b1011 X
1.
#310788000
0.
#310806000
b1100 X
b1100 ,
1.
#310824000
0.
#310842000
b1101 ,
b1101 X
1.
#310860000
0.
#310878000
19
b1110 X
b1110 ,
1.
#310896000
0.
#310914000
09
1-
b0 ,
b0 X
b1101 S
1.
#310932000
0.
#310950000
b1 X
0-
b1 ,
1.
#310968000
0.
#310986000
b10 ,
b10 X
1.
#311004000
0.
#311022000
b11 X
b11 ,
1.
#311040000
0.
#311058000
b100 ,
b100 X
1.
#311076000
0.
#311094000
b101 X
b101 ,
1.
#311112000
0.
#311130000
b110 ,
b110 X
1.
#311148000
0.
#311166000
b111 X
b111 ,
1.
#311184000
0.
#311202000
b1000 ,
b1000 X
1.
#311220000
0.
#311238000
b1001 X
b1001 ,
1.
#311256000
0.
#311274000
b1010 ,
b1010 X
1.
#311292000
0.
#311310000
b1011 X
b1011 ,
1.
#311328000
0.
#311346000
b1100 ,
b1100 X
1.
#311364000
0.
#311382000
b1101 X
b1101 ,
1.
#311400000
0.
#311418000
19
b1110 ,
b1110 X
1.
#311436000
0.
#311454000
09
b1110 S
b0 X
1-
b0 ,
1.
#311472000
0.
#311490000
0-
b1 ,
b1 X
1.
#311508000
0.
#311526000
b10 X
b10 ,
1.
#311544000
0.
#311562000
b11 ,
b11 X
1.
#311580000
0.
#311598000
b100 X
b100 ,
1.
#311616000
0.
#311634000
b101 ,
b101 X
1.
#311652000
0.
#311670000
b110 X
b110 ,
1.
#311688000
0.
#311706000
b111 ,
b111 X
1.
#311724000
0.
#311742000
b1000 X
b1000 ,
1.
#311760000
0.
#311778000
b1001 ,
b1001 X
1.
#311796000
0.
#311814000
b1010 X
b1010 ,
1.
#311832000
0.
#311850000
b1011 ,
b1011 X
1.
#311868000
0.
#311886000
b1100 X
b1100 ,
1.
#311904000
0.
#311922000
b1101 ,
b1101 X
1.
#311940000
0.
#311958000
19
b1110 X
b1110 ,
1.
#311976000
0.
#311994000
09
1-
b0 ,
b0 X
b1111 S
1.
#312012000
0.
#312030000
b1 X
0-
b1 ,
1.
#312048000
0.
#312066000
b10 ,
b10 X
1.
#312084000
0.
#312102000
b11 X
b11 ,
1.
#312120000
0.
#312138000
b100 ,
b100 X
1.
#312156000
0.
#312174000
b101 X
b101 ,
1.
#312192000
0.
#312210000
b110 ,
b110 X
1.
#312228000
0.
#312246000
b111 X
b111 ,
1.
#312264000
0.
#312282000
b1000 ,
b1000 X
1.
#312300000
0.
#312318000
b1001 X
b1001 ,
1.
#312336000
0.
#312354000
b1010 ,
b1010 X
1.
#312372000
0.
#312390000
b1011 X
b1011 ,
1.
#312408000
0.
#312426000
b1100 ,
b1100 X
1.
#312444000
0.
#312462000
b1101 X
b1101 ,
1.
#312480000
0.
#312498000
19
b1110 ,
b1110 X
1.
#312516000
0.
#312534000
09
b100 Q
b0 S
b0 X
1-
b0 ,
1.
#312552000
0.
#312570000
0-
b1 ,
b1 X
1!
1.
#312588000
0.
#312606000
b10 X
b10 ,
1.
#312624000
0.
#312642000
b11 ,
b11 X
1.
#312660000
0.
#312678000
b100 X
b100 ,
1.
#312696000
0.
#312714000
b101 ,
b101 X
1.
#312732000
0.
#312750000
b110 X
b110 ,
1.
#312768000
0.
#312786000
b111 ,
b111 X
1.
#312804000
0.
#312822000
b1000 X
b1000 ,
1.
#312840000
0.
#312858000
b1001 ,
b1001 X
1.
#312876000
0.
#312894000
b1010 X
b1010 ,
1.
#312912000
0.
#312930000
b1011 ,
b1011 X
1.
#312948000
0.
#312966000
b1100 X
b1100 ,
1.
#312984000
0.
#313002000
b1101 ,
b1101 X
1.
#313020000
0.
#313038000
19
b1110 X
b1110 ,
1.
#313056000
0.
#313074000
09
1-
b0 ,
b0 X
b1 S
1.
#313092000
0.
#313110000
b1 X
0-
b1 ,
1.
#313128000
0.
#313146000
b10 ,
b10 X
1.
#313164000
0.
#313182000
b11 X
b11 ,
1.
#313200000
0.
#313218000
b100 ,
b100 X
1.
#313236000
0.
#313254000
b101 X
b101 ,
1.
#313272000
0.
#313290000
b110 ,
b110 X
1.
#313308000
0.
#313326000
b111 X
b111 ,
1.
#313344000
0.
#313362000
b1000 ,
b1000 X
1.
#313380000
0.
#313398000
b1001 X
b1001 ,
1.
#313416000
0.
#313434000
b1010 ,
b1010 X
1.
#313452000
0.
#313470000
b1011 X
b1011 ,
1.
#313488000
0.
#313506000
b1100 ,
b1100 X
1.
#313524000
0.
#313542000
b1101 X
b1101 ,
1.
#313560000
0.
#313578000
19
b1110 ,
b1110 X
1.
#313596000
0.
#313614000
09
b10 S
b0 X
1-
b0 ,
1.
#313632000
0.
#313650000
0-
b1 ,
b1 X
1.
#313668000
0.
#313686000
b10 X
b10 ,
1.
#313704000
0.
#313722000
b11 ,
b11 X
1.
#313740000
0.
#313758000
b100 X
b100 ,
1.
#313776000
0.
#313794000
b101 ,
b101 X
1.
#313812000
0.
#313830000
b110 X
b110 ,
1.
#313848000
0.
#313866000
b111 ,
b111 X
1.
#313884000
0.
#313902000
b1000 X
b1000 ,
1.
#313920000
0.
#313938000
b1001 ,
b1001 X
1.
#313956000
0.
#313974000
b1010 X
b1010 ,
1.
#313992000
0.
#314010000
b1011 ,
b1011 X
1.
#314028000
0.
#314046000
b1100 X
b1100 ,
1.
#314064000
0.
#314082000
b1101 ,
b1101 X
1.
#314100000
0.
#314118000
19
b1110 X
b1110 ,
1.
#314136000
0.
#314154000
09
1-
b0 ,
b0 X
b11 S
1.
#314172000
0.
#314190000
b1 X
0-
b1 ,
1.
#314208000
0.
#314226000
b10 ,
b10 X
1.
#314244000
0.
#314262000
b11 X
b11 ,
1.
#314280000
0.
#314298000
b100 ,
b100 X
1.
#314316000
0.
#314334000
b101 X
b101 ,
1.
#314352000
0.
#314370000
b110 ,
b110 X
1.
#314388000
0.
#314406000
b111 X
b111 ,
1.
#314424000
0.
#314442000
b1000 ,
b1000 X
1.
#314460000
0.
#314478000
b1001 X
b1001 ,
1.
#314496000
0.
#314514000
b1010 ,
b1010 X
1.
#314532000
0.
#314550000
b1011 X
b1011 ,
1.
#314568000
0.
#314586000
b1100 ,
b1100 X
1.
#314604000
0.
#314622000
b1101 X
b1101 ,
1.
#314640000
0.
#314658000
19
b1110 ,
b1110 X
1.
#314676000
0.
#314694000
09
b100 S
b0 X
1-
b0 ,
1.
#314712000
0.
#314730000
0-
b1 ,
b1 X
1.
#314748000
0.
#314766000
b10 X
b10 ,
1.
#314784000
0.
#314802000
b11 ,
b11 X
1.
#314820000
0.
#314838000
b100 X
b100 ,
1.
#314856000
0.
#314874000
b101 ,
b101 X
1.
#314892000
0.
#314910000
b110 X
b110 ,
1.
#314928000
0.
#314946000
b111 ,
b111 X
1.
#314964000
0.
#314982000
b1000 X
b1000 ,
1.
#315000000
0.
#315018000
b1001 ,
b1001 X
1.
#315036000
0.
#315054000
b1010 X
b1010 ,
1.
#315072000
0.
#315090000
b1011 ,
b1011 X
1.
#315108000
0.
#315126000
b1100 X
b1100 ,
1.
#315144000
0.
#315162000
b1101 ,
b1101 X
1.
#315180000
0.
#315198000
19
b1110 X
b1110 ,
1.
#315216000
0.
#315234000
09
1-
b0 ,
b0 X
b101 S
1.
#315252000
0.
#315270000
b1 X
0-
b1 ,
1.
#315288000
0.
#315306000
b10 ,
b10 X
1.
#315324000
0.
#315342000
b11 X
b11 ,
1.
#315360000
0.
#315378000
b100 ,
b100 X
1.
#315396000
0.
#315414000
b101 X
b101 ,
1.
#315432000
0.
#315450000
b110 ,
b110 X
1.
#315468000
0.
#315486000
b111 X
b111 ,
1.
#315504000
0.
#315522000
b1000 ,
b1000 X
1.
#315540000
0.
#315558000
b1001 X
b1001 ,
1.
#315576000
0.
#315594000
b1010 ,
b1010 X
1.
#315612000
0.
#315630000
b1011 X
b1011 ,
1.
#315648000
0.
#315666000
b1100 ,
b1100 X
1.
#315684000
0.
#315702000
b1101 X
b1101 ,
1.
#315720000
0.
#315738000
19
b1110 ,
b1110 X
1.
#315756000
0.
#315774000
09
b110 S
b0 X
1-
b0 ,
1.
#315792000
0.
#315810000
0-
b1 ,
b1 X
1.
#315828000
0.
#315846000
b10 X
b10 ,
1.
#315864000
0.
#315882000
b11 ,
b11 X
1.
#315900000
0.
#315918000
b100 X
b100 ,
1.
#315936000
0.
#315954000
b101 ,
b101 X
1.
#315972000
0.
#315990000
b110 X
b110 ,
1.
#316008000
0.
#316026000
b111 ,
b111 X
1.
#316044000
0.
#316062000
b1000 X
b1000 ,
1.
#316080000
0.
#316098000
b1001 ,
b1001 X
1.
#316116000
0.
#316134000
b1010 X
b1010 ,
1.
#316152000
0.
#316170000
b1011 ,
b1011 X
1.
#316188000
0.
#316206000
b1100 X
b1100 ,
1.
#316224000
0.
#316242000
b1101 ,
b1101 X
1.
#316260000
0.
#316278000
19
b1110 X
b1110 ,
1.
#316296000
0.
#316314000
09
1-
b0 ,
b0 X
b111 S
1.
#316332000
0.
#316350000
b1 X
0-
b1 ,
1.
#316368000
0.
#316386000
b10 ,
b10 X
1.
#316404000
0.
#316422000
b11 X
b11 ,
1.
#316440000
0.
#316458000
b100 ,
b100 X
1.
#316476000
0.
#316494000
b101 X
b101 ,
1.
#316512000
0.
#316530000
b110 ,
b110 X
1.
#316548000
0.
#316566000
b111 X
b111 ,
1.
#316584000
0.
#316602000
b1000 ,
b1000 X
1.
#316620000
0.
#316638000
b1001 X
b1001 ,
1.
#316656000
0.
#316674000
b1010 ,
b1010 X
1.
#316692000
0.
#316710000
b1011 X
b1011 ,
1.
#316728000
0.
#316746000
b1100 ,
b1100 X
1.
#316764000
0.
#316782000
b1101 X
b1101 ,
1.
#316800000
0.
#316818000
19
b1110 ,
b1110 X
1.
#316836000
0.
#316854000
09
b1000 S
b0 X
1-
b0 ,
1.
#316872000
0.
#316890000
0-
b1 ,
b1 X
1.
#316908000
0.
#316926000
b10 X
b10 ,
1.
#316944000
0.
#316962000
b11 ,
b11 X
1.
#316980000
0.
#316998000
b100 X
b100 ,
1.
#317016000
0.
#317034000
b101 ,
b101 X
1.
#317052000
0.
#317070000
b110 X
b110 ,
1.
#317088000
0.
#317106000
b111 ,
b111 X
1.
#317124000
0.
#317142000
b1000 X
b1000 ,
1.
#317160000
0.
#317178000
b1001 ,
b1001 X
1.
#317196000
0.
#317214000
b1010 X
b1010 ,
1.
#317232000
0.
#317250000
b1011 ,
b1011 X
1.
#317268000
0.
#317286000
b1100 X
b1100 ,
1.
#317304000
0.
#317322000
b1101 ,
b1101 X
1.
#317340000
0.
#317358000
19
b1110 X
b1110 ,
1.
#317376000
0.
#317394000
09
1-
b0 ,
b0 X
b1001 S
1.
#317412000
0.
#317430000
b1 X
0-
b1 ,
1.
#317448000
0.
#317466000
b10 ,
b10 X
1.
#317484000
0.
#317502000
b11 X
b11 ,
1.
#317520000
0.
#317538000
b100 ,
b100 X
1.
#317556000
0.
#317574000
b101 X
b101 ,
1.
#317592000
0.
#317610000
b110 ,
b110 X
1.
#317628000
0.
#317646000
b111 X
b111 ,
1.
#317664000
0.
#317682000
b1000 ,
b1000 X
1.
#317700000
0.
#317718000
b1001 X
b1001 ,
1.
#317736000
0.
#317754000
b1010 ,
b1010 X
1.
#317772000
0.
#317790000
b1011 X
b1011 ,
1.
#317808000
0.
#317826000
b1100 ,
b1100 X
1.
#317844000
0.
#317862000
b1101 X
b1101 ,
1.
#317880000
0.
#317898000
19
b1110 ,
b1110 X
1.
#317916000
0.
#317934000
09
b1010 S
b0 X
1-
b0 ,
1.
#317952000
0.
#317970000
0-
b1 ,
b1 X
1.
#317988000
0.
#318006000
b10 X
b10 ,
1.
#318024000
0.
#318042000
b11 ,
b11 X
1.
#318060000
0.
#318078000
b100 X
b100 ,
1.
#318096000
0.
#318114000
b101 ,
b101 X
1.
#318132000
0.
#318150000
b110 X
b110 ,
1.
#318168000
0.
#318186000
b111 ,
b111 X
1.
#318204000
0.
#318222000
b1000 X
b1000 ,
1.
#318240000
0.
#318258000
b1001 ,
b1001 X
1.
#318276000
0.
#318294000
b1010 X
b1010 ,
1.
#318312000
0.
#318330000
b1011 ,
b1011 X
1.
#318348000
0.
#318366000
b1100 X
b1100 ,
1.
#318384000
0.
#318402000
b1101 ,
b1101 X
1.
#318420000
0.
#318438000
19
b1110 X
b1110 ,
1.
#318456000
0.
#318474000
09
1-
b0 ,
b0 X
b1011 S
1.
#318492000
0.
#318510000
b1 X
0-
b1 ,
1.
#318528000
0.
#318546000
b10 ,
b10 X
1.
#318564000
0.
#318582000
b11 X
b11 ,
1.
#318600000
0.
#318618000
b100 ,
b100 X
1.
#318636000
0.
#318654000
b101 X
b101 ,
1.
#318672000
0.
#318690000
b110 ,
b110 X
1.
#318708000
0.
#318726000
b111 X
b111 ,
1.
#318744000
0.
#318762000
b1000 ,
b1000 X
1.
#318780000
0.
#318798000
b1001 X
b1001 ,
1.
#318816000
0.
#318834000
b1010 ,
b1010 X
1.
#318852000
0.
#318870000
b1011 X
b1011 ,
1.
#318888000
0.
#318906000
b1100 ,
b1100 X
1.
#318924000
0.
#318942000
b1101 X
b1101 ,
1.
#318960000
0.
#318978000
19
b1110 ,
b1110 X
1.
#318996000
0.
#319014000
09
b1100 S
b0 X
1-
b0 ,
1.
#319032000
0.
#319050000
0-
b1 ,
b1 X
1.
#319068000
0.
#319086000
b10 X
b10 ,
1.
#319104000
0.
#319122000
b11 ,
b11 X
1.
#319140000
0.
#319158000
b100 X
b100 ,
1.
#319176000
0.
#319194000
b101 ,
b101 X
1.
#319212000
0.
#319230000
b110 X
b110 ,
1.
#319248000
0.
#319266000
b111 ,
b111 X
1.
#319284000
0.
#319302000
b1000 X
b1000 ,
1.
#319320000
0.
#319338000
b1001 ,
b1001 X
1.
#319356000
0.
#319374000
b1010 X
b1010 ,
1.
#319392000
0.
#319410000
b1011 ,
b1011 X
1.
#319428000
0.
#319446000
b1100 X
b1100 ,
1.
#319464000
0.
#319482000
b1101 ,
b1101 X
1.
#319500000
0.
#319518000
19
b1110 X
b1110 ,
1.
#319536000
0.
#319554000
09
1-
b0 ,
b0 X
b1101 S
1.
#319572000
0.
#319590000
b1 X
0-
b1 ,
1.
#319608000
0.
#319626000
b10 ,
b10 X
1.
#319644000
0.
#319662000
b11 X
b11 ,
1.
#319680000
0.
#319698000
b100 ,
b100 X
1.
#319716000
0.
#319734000
b101 X
b101 ,
1.
#319752000
0.
#319770000
b110 ,
b110 X
1.
#319788000
0.
#319806000
b111 X
b111 ,
1.
#319824000
0.
#319842000
b1000 ,
b1000 X
1.
#319860000
0.
#319878000
b1001 X
b1001 ,
1.
#319896000
0.
#319914000
b1010 ,
b1010 X
1.
#319932000
0.
#319950000
b1011 X
b1011 ,
1.
#319968000
0.
#319986000
b1100 ,
b1100 X
1.
#320004000
0.
#320022000
b1101 X
b1101 ,
1.
#320040000
0.
#320058000
19
b1110 ,
b1110 X
1.
#320076000
0.
#320094000
09
b1110 S
b0 X
1-
b0 ,
1.
#320112000
0.
#320130000
0-
b1 ,
b1 X
1.
#320148000
0.
#320166000
b10 X
b10 ,
1.
#320184000
0.
#320202000
b11 ,
b11 X
1.
#320220000
0.
#320238000
b100 X
b100 ,
1.
#320256000
0.
#320274000
b101 ,
b101 X
1.
#320292000
0.
#320310000
b110 X
b110 ,
1.
#320328000
0.
#320346000
b111 ,
b111 X
1.
#320364000
0.
#320382000
b1000 X
b1000 ,
1.
#320400000
0.
#320418000
b1001 ,
b1001 X
1.
#320436000
0.
#320454000
b1010 X
b1010 ,
1.
#320472000
0.
#320490000
b1011 ,
b1011 X
1.
#320508000
0.
#320526000
b1100 X
b1100 ,
1.
#320544000
0.
#320562000
b1101 ,
b1101 X
1.
#320580000
0.
#320598000
19
b1110 X
b1110 ,
1.
#320616000
0.
#320634000
09
1-
b0 ,
b0 X
b1111 S
1.
#320652000
0.
#320670000
b1 X
0-
b1 ,
1.
#320688000
0.
#320706000
b10 ,
b10 X
1.
#320724000
0.
#320742000
b11 X
b11 ,
1.
#320760000
0.
#320778000
b100 ,
b100 X
1.
#320796000
0.
#320814000
b101 X
b101 ,
1.
#320832000
0.
#320850000
b110 ,
b110 X
1.
#320868000
0.
#320886000
b111 X
b111 ,
1.
#320904000
0.
#320922000
b1000 ,
b1000 X
1.
#320940000
0.
#320958000
b1001 X
b1001 ,
1.
#320976000
0.
#320994000
b1010 ,
b1010 X
1.
#321012000
0.
#321030000
b1011 X
b1011 ,
1.
#321048000
0.
#321066000
b1100 ,
b1100 X
1.
#321084000
0.
#321102000
b1101 X
b1101 ,
1.
#321120000
0.
#321138000
19
b1110 ,
b1110 X
1.
#321156000
0.
#321174000
09
b101 Q
b0 S
b0 X
1-
b0 ,
1.
#321192000
0.
#321210000
0-
b1 ,
b1 X
0!
1.
#321228000
0.
#321246000
b10 X
b10 ,
1.
#321264000
0.
#321282000
b11 ,
b11 X
1.
#321300000
0.
#321318000
b100 X
b100 ,
1.
#321336000
0.
#321354000
b101 ,
b101 X
1.
#321372000
0.
#321390000
b110 X
b110 ,
1.
#321408000
0.
#321426000
b111 ,
b111 X
1.
#321444000
0.
#321462000
b1000 X
b1000 ,
1.
#321480000
0.
#321498000
b1001 ,
b1001 X
1.
#321516000
0.
#321534000
b1010 X
b1010 ,
1.
#321552000
0.
#321570000
b1011 ,
b1011 X
1.
#321588000
0.
#321606000
b1100 X
b1100 ,
1.
#321624000
0.
#321642000
b1101 ,
b1101 X
1.
#321660000
0.
#321678000
19
b1110 X
b1110 ,
1.
#321696000
0.
#321714000
09
1-
b0 ,
b0 X
b1 S
1.
#321732000
0.
#321750000
b1 X
0-
b1 ,
1.
#321768000
0.
#321786000
b10 ,
b10 X
1.
#321804000
0.
#321822000
b11 X
b11 ,
1.
#321840000
0.
#321858000
b100 ,
b100 X
1.
#321876000
0.
#321894000
b101 X
b101 ,
1.
#321912000
0.
#321930000
b110 ,
b110 X
1.
#321948000
0.
#321966000
b111 X
b111 ,
1.
#321984000
0.
#322002000
b1000 ,
b1000 X
1.
#322020000
0.
#322038000
b1001 X
b1001 ,
1.
#322056000
0.
#322074000
b1010 ,
b1010 X
1.
#322092000
0.
#322110000
b1011 X
b1011 ,
1.
#322128000
0.
#322146000
b1100 ,
b1100 X
1.
#322164000
0.
#322182000
b1101 X
b1101 ,
1.
#322200000
0.
#322218000
19
b1110 ,
b1110 X
1.
#322236000
0.
#322254000
09
b10 S
b0 X
1-
b0 ,
1.
#322272000
0.
#322290000
0-
b1 ,
b1 X
1.
#322308000
0.
#322326000
b10 X
b10 ,
1.
#322344000
0.
#322362000
b11 ,
b11 X
1.
#322380000
0.
#322398000
b100 X
b100 ,
1.
#322416000
0.
#322434000
b101 ,
b101 X
1.
#322452000
0.
#322470000
b110 X
b110 ,
1.
#322488000
0.
#322506000
b111 ,
b111 X
1.
#322524000
0.
#322542000
b1000 X
b1000 ,
1.
#322560000
0.
#322578000
b1001 ,
b1001 X
1.
#322596000
0.
#322614000
b1010 X
b1010 ,
1.
#322632000
0.
#322650000
b1011 ,
b1011 X
1.
#322668000
0.
#322686000
b1100 X
b1100 ,
1.
#322704000
0.
#322722000
b1101 ,
b1101 X
1.
#322740000
0.
#322758000
19
b1110 X
b1110 ,
1.
#322776000
0.
#322794000
09
1-
b0 ,
b0 X
b11 S
1.
#322812000
0.
#322830000
b1 X
0-
b1 ,
1.
#322848000
0.
#322866000
b10 ,
b10 X
1.
#322884000
0.
#322902000
b11 X
b11 ,
1.
#322920000
0.
#322938000
b100 ,
b100 X
1.
#322956000
0.
#322974000
b101 X
b101 ,
1.
#322992000
0.
#323010000
b110 ,
b110 X
1.
#323028000
0.
#323046000
b111 X
b111 ,
1.
#323064000
0.
#323082000
b1000 ,
b1000 X
1.
#323100000
0.
#323118000
b1001 X
b1001 ,
1.
#323136000
0.
#323154000
b1010 ,
b1010 X
1.
#323172000
0.
#323190000
b1011 X
b1011 ,
1.
#323208000
0.
#323226000
b1100 ,
b1100 X
1.
#323244000
0.
#323262000
b1101 X
b1101 ,
1.
#323280000
0.
#323298000
19
b1110 ,
b1110 X
1.
#323316000
0.
#323334000
09
b100 S
b0 X
1-
b0 ,
1.
#323352000
0.
#323370000
0-
b1 ,
b1 X
1.
#323388000
0.
#323406000
b10 X
b10 ,
1.
#323424000
0.
#323442000
b11 ,
b11 X
1.
#323460000
0.
#323478000
b100 X
b100 ,
1.
#323496000
0.
#323514000
b101 ,
b101 X
1.
#323532000
0.
#323550000
b110 X
b110 ,
1.
#323568000
0.
#323586000
b111 ,
b111 X
1.
#323604000
0.
#323622000
b1000 X
b1000 ,
1.
#323640000
0.
#323658000
b1001 ,
b1001 X
1.
#323676000
0.
#323694000
b1010 X
b1010 ,
1.
#323712000
0.
#323730000
b1011 ,
b1011 X
1.
#323748000
0.
#323766000
b1100 X
b1100 ,
1.
#323784000
0.
#323802000
b1101 ,
b1101 X
1.
#323820000
0.
#323838000
19
b1110 X
b1110 ,
1.
#323856000
0.
#323874000
09
1-
b0 ,
b0 X
b101 S
1.
#323892000
0.
#323910000
b1 X
0-
b1 ,
1.
#323928000
0.
#323946000
b10 ,
b10 X
1.
#323964000
0.
#323982000
b11 X
b11 ,
1.
#324000000
0.
#324018000
b100 ,
b100 X
1.
#324036000
0.
#324054000
b101 X
b101 ,
1.
#324072000
0.
#324090000
b110 ,
b110 X
1.
#324108000
0.
#324126000
b111 X
b111 ,
1.
#324144000
0.
#324162000
b1000 ,
b1000 X
1.
#324180000
0.
#324198000
b1001 X
b1001 ,
1.
#324216000
0.
#324234000
b1010 ,
b1010 X
1.
#324252000
0.
#324270000
b1011 X
b1011 ,
1.
#324288000
0.
#324306000
b1100 ,
b1100 X
1.
#324324000
0.
#324342000
b1101 X
b1101 ,
1.
#324360000
0.
#324378000
19
b1110 ,
b1110 X
1.
#324396000
0.
#324414000
09
b110 S
b0 X
1-
b0 ,
1.
#324432000
0.
#324450000
0-
b1 ,
b1 X
1.
#324468000
0.
#324486000
b10 X
b10 ,
1.
#324504000
0.
#324522000
b11 ,
b11 X
1.
#324540000
0.
#324558000
b100 X
b100 ,
1.
#324576000
0.
#324594000
b101 ,
b101 X
1.
#324612000
0.
#324630000
b110 X
b110 ,
1.
#324648000
0.
#324666000
b111 ,
b111 X
1.
#324684000
0.
#324702000
b1000 X
b1000 ,
1.
#324720000
0.
#324738000
b1001 ,
b1001 X
1.
#324756000
0.
#324774000
b1010 X
b1010 ,
1.
#324792000
0.
#324810000
b1011 ,
b1011 X
1.
#324828000
0.
#324846000
b1100 X
b1100 ,
1.
#324864000
0.
#324882000
b1101 ,
b1101 X
1.
#324900000
0.
#324918000
19
b1110 X
b1110 ,
1.
#324936000
0.
#324954000
09
1-
b0 ,
b0 X
b111 S
1.
#324972000
0.
#324990000
b1 X
0-
b1 ,
1.
#325008000
0.
#325026000
b10 ,
b10 X
1.
#325044000
0.
#325062000
b11 X
b11 ,
1.
#325080000
0.
#325098000
b100 ,
b100 X
1.
#325116000
0.
#325134000
b101 X
b101 ,
1.
#325152000
0.
#325170000
b110 ,
b110 X
1.
#325188000
0.
#325206000
b111 X
b111 ,
1.
#325224000
0.
#325242000
b1000 ,
b1000 X
1.
#325260000
0.
#325278000
b1001 X
b1001 ,
1.
#325296000
0.
#325314000
b1010 ,
b1010 X
1.
#325332000
0.
#325350000
b1011 X
b1011 ,
1.
#325368000
0.
#325386000
b1100 ,
b1100 X
1.
#325404000
0.
#325422000
b1101 X
b1101 ,
1.
#325440000
0.
#325458000
19
b1110 ,
b1110 X
1.
#325476000
0.
#325494000
09
b1000 S
b0 X
1-
b0 ,
1.
#325512000
0.
#325530000
0-
b1 ,
b1 X
1.
#325548000
0.
#325566000
b10 X
b10 ,
1.
#325584000
0.
#325602000
b11 ,
b11 X
1.
#325620000
0.
#325638000
b100 X
b100 ,
1.
#325656000
0.
#325674000
b101 ,
b101 X
1.
#325692000
0.
#325710000
b110 X
b110 ,
1.
#325728000
0.
#325746000
b111 ,
b111 X
1.
#325764000
0.
#325782000
b1000 X
b1000 ,
1.
#325800000
0.
#325818000
b1001 ,
b1001 X
1.
#325836000
0.
#325854000
b1010 X
b1010 ,
1.
#325872000
0.
#325890000
b1011 ,
b1011 X
1.
#325908000
0.
#325926000
b1100 X
b1100 ,
1.
#325944000
0.
#325962000
b1101 ,
b1101 X
1.
#325980000
0.
#325998000
19
b1110 X
b1110 ,
1.
#326016000
0.
#326034000
09
1-
b0 ,
b0 X
b1001 S
1.
#326052000
0.
#326070000
b1 X
0-
b1 ,
1.
#326088000
0.
#326106000
b10 ,
b10 X
1.
#326124000
0.
#326142000
b11 X
b11 ,
1.
#326160000
0.
#326178000
b100 ,
b100 X
1.
#326196000
0.
#326214000
b101 X
b101 ,
1.
#326232000
0.
#326250000
b110 ,
b110 X
1.
#326268000
0.
#326286000
b111 X
b111 ,
1.
#326304000
0.
#326322000
b1000 ,
b1000 X
1.
#326340000
0.
#326358000
b1001 X
b1001 ,
1.
#326376000
0.
#326394000
b1010 ,
b1010 X
1.
#326412000
0.
#326430000
b1011 X
b1011 ,
1.
#326448000
0.
#326466000
b1100 ,
b1100 X
1.
#326484000
0.
#326502000
b1101 X
b1101 ,
1.
#326520000
0.
#326538000
19
b1110 ,
b1110 X
1.
#326556000
0.
#326574000
09
b1010 S
b0 X
1-
b0 ,
1.
#326592000
0.
#326610000
0-
b1 ,
b1 X
1.
#326628000
0.
#326646000
b10 X
b10 ,
1.
#326664000
0.
#326682000
b11 ,
b11 X
1.
#326700000
0.
#326718000
b100 X
b100 ,
1.
#326736000
0.
#326754000
b101 ,
b101 X
1.
#326772000
0.
#326790000
b110 X
b110 ,
1.
#326808000
0.
#326826000
b111 ,
b111 X
1.
#326844000
0.
#326862000
b1000 X
b1000 ,
1.
#326880000
0.
#326898000
b1001 ,
b1001 X
1.
#326916000
0.
#326934000
b1010 X
b1010 ,
1.
#326952000
0.
#326970000
b1011 ,
b1011 X
1.
#326988000
0.
#327006000
b1100 X
b1100 ,
1.
#327024000
0.
#327042000
b1101 ,
b1101 X
1.
#327060000
0.
#327078000
19
b1110 X
b1110 ,
1.
#327096000
0.
#327114000
09
1-
b0 ,
b0 X
b1011 S
1.
#327132000
0.
#327150000
b1 X
0-
b1 ,
1.
#327168000
0.
#327186000
b10 ,
b10 X
1.
#327204000
0.
#327222000
b11 X
b11 ,
1.
#327240000
0.
#327258000
b100 ,
b100 X
1.
#327276000
0.
#327294000
b101 X
b101 ,
1.
#327312000
0.
#327330000
b110 ,
b110 X
1.
#327348000
0.
#327366000
b111 X
b111 ,
1.
#327384000
0.
#327402000
b1000 ,
b1000 X
1.
#327420000
0.
#327438000
b1001 X
b1001 ,
1.
#327456000
0.
#327474000
b1010 ,
b1010 X
1.
#327492000
0.
#327510000
b1011 X
b1011 ,
1.
#327528000
0.
#327546000
b1100 ,
b1100 X
1.
#327564000
0.
#327582000
b1101 X
b1101 ,
1.
#327600000
0.
#327618000
19
b1110 ,
b1110 X
1.
#327636000
0.
#327654000
09
b1100 S
b0 X
1-
b0 ,
1.
#327672000
0.
#327690000
0-
b1 ,
b1 X
1.
#327708000
0.
#327726000
b10 X
b10 ,
1.
#327744000
0.
#327762000
b11 ,
b11 X
1.
#327780000
0.
#327798000
b100 X
b100 ,
1.
#327816000
0.
#327834000
b101 ,
b101 X
1.
#327852000
0.
#327870000
b110 X
b110 ,
1.
#327888000
0.
#327906000
b111 ,
b111 X
1.
#327924000
0.
#327942000
b1000 X
b1000 ,
1.
#327960000
0.
#327978000
b1001 ,
b1001 X
1.
#327996000
0.
#328014000
b1010 X
b1010 ,
1.
#328032000
0.
#328050000
b1011 ,
b1011 X
1.
#328068000
0.
#328086000
b1100 X
b1100 ,
1.
#328104000
0.
#328122000
b1101 ,
b1101 X
1.
#328140000
0.
#328158000
19
b1110 X
b1110 ,
1.
#328176000
0.
#328194000
09
1-
b0 ,
b0 X
b1101 S
1.
#328212000
0.
#328230000
b1 X
0-
b1 ,
1.
#328248000
0.
#328266000
b10 ,
b10 X
1.
#328284000
0.
#328302000
b11 X
b11 ,
1.
#328320000
0.
#328338000
b100 ,
b100 X
1.
#328356000
0.
#328374000
b101 X
b101 ,
1.
#328392000
0.
#328410000
b110 ,
b110 X
1.
#328428000
0.
#328446000
b111 X
b111 ,
1.
#328464000
0.
#328482000
b1000 ,
b1000 X
1.
#328500000
0.
#328518000
b1001 X
b1001 ,
1.
#328536000
0.
#328554000
b1010 ,
b1010 X
1.
#328572000
0.
#328590000
b1011 X
b1011 ,
1.
#328608000
0.
#328626000
b1100 ,
b1100 X
1.
#328644000
0.
#328662000
b1101 X
b1101 ,
1.
#328680000
0.
#328698000
19
b1110 ,
b1110 X
1.
#328716000
0.
#328734000
09
b1110 S
b0 X
1-
b0 ,
1.
#328752000
0.
#328770000
0-
b1 ,
b1 X
1.
#328788000
0.
#328806000
b10 X
b10 ,
1.
#328824000
0.
#328842000
b11 ,
b11 X
1.
#328860000
0.
#328878000
b100 X
b100 ,
1.
#328896000
0.
#328914000
b101 ,
b101 X
1.
#328932000
0.
#328950000
b110 X
b110 ,
1.
#328968000
0.
#328986000
b111 ,
b111 X
1.
#329004000
0.
#329022000
b1000 X
b1000 ,
1.
#329040000
0.
#329058000
b1001 ,
b1001 X
1.
#329076000
0.
#329094000
b1010 X
b1010 ,
1.
#329112000
0.
#329130000
b1011 ,
b1011 X
1.
#329148000
0.
#329166000
b1100 X
b1100 ,
1.
#329184000
0.
#329202000
b1101 ,
b1101 X
1.
#329220000
0.
#329238000
19
b1110 X
b1110 ,
1.
#329256000
0.
#329274000
09
1-
b0 ,
b0 X
b1111 S
1.
#329292000
0.
#329310000
b1 X
0-
b1 ,
1.
#329328000
0.
#329346000
b10 ,
b10 X
1.
#329364000
0.
#329382000
b11 X
b11 ,
1.
#329400000
0.
#329418000
b100 ,
b100 X
1.
#329436000
0.
#329454000
b101 X
b101 ,
1.
#329472000
0.
#329490000
b110 ,
b110 X
1.
#329508000
0.
#329526000
b111 X
b111 ,
1.
#329544000
0.
#329562000
b1000 ,
b1000 X
1.
#329580000
0.
#329598000
b1001 X
b1001 ,
1.
#329616000
0.
#329634000
b1010 ,
b1010 X
1.
#329652000
0.
#329670000
b1011 X
b1011 ,
1.
#329688000
0.
#329706000
b1100 ,
b1100 X
1.
#329724000
0.
#329742000
b1101 X
b1101 ,
1.
#329760000
0.
#329778000
19
b1110 ,
b1110 X
1.
#329796000
0.
#329814000
09
b110 Q
b0 S
b0 X
1-
b0 ,
1.
#329832000
0.
#329850000
0-
b1 ,
b1 X
1.
#329868000
0.
#329886000
b10 X
b10 ,
1.
#329904000
0.
#329922000
b11 ,
b11 X
1.
#329940000
0.
#329958000
b100 X
b100 ,
1.
#329976000
0.
#329994000
b101 ,
b101 X
1.
#330012000
0.
#330030000
b110 X
b110 ,
1.
#330048000
0.
#330066000
b111 ,
b111 X
1.
#330084000
0.
#330102000
b1000 X
b1000 ,
1.
#330120000
0.
#330138000
b1001 ,
b1001 X
1.
#330156000
0.
#330174000
b1010 X
b1010 ,
1.
#330192000
0.
#330210000
b1011 ,
b1011 X
1.
#330228000
0.
#330246000
b1100 X
b1100 ,
1.
#330264000
0.
#330282000
b1101 ,
b1101 X
1.
#330300000
0.
#330318000
19
b1110 X
b1110 ,
1.
#330336000
0.
#330354000
09
1-
b0 ,
b0 X
b1 S
1.
#330372000
0.
#330390000
b1 X
0-
b1 ,
1.
#330408000
0.
#330426000
b10 ,
b10 X
1.
#330444000
0.
#330462000
b11 X
b11 ,
1.
#330480000
0.
#330498000
b100 ,
b100 X
1.
#330516000
0.
#330534000
b101 X
b101 ,
1.
#330552000
0.
#330570000
b110 ,
b110 X
1.
#330588000
0.
#330606000
b111 X
b111 ,
1.
#330624000
0.
#330642000
b1000 ,
b1000 X
1.
#330660000
0.
#330678000
b1001 X
b1001 ,
1.
#330696000
0.
#330714000
b1010 ,
b1010 X
1.
#330732000
0.
#330750000
b1011 X
b1011 ,
1.
#330768000
0.
#330786000
b1100 ,
b1100 X
1.
#330804000
0.
#330822000
b1101 X
b1101 ,
1.
#330840000
0.
#330858000
19
b1110 ,
b1110 X
1.
#330876000
0.
#330894000
09
b10 S
b0 X
1-
b0 ,
1.
#330912000
0.
#330930000
0-
b1 ,
b1 X
1.
#330948000
0.
#330966000
b10 X
b10 ,
1.
#330984000
0.
#331002000
b11 ,
b11 X
1.
#331020000
0.
#331038000
b100 X
b100 ,
1.
#331056000
0.
#331074000
b101 ,
b101 X
1.
#331092000
0.
#331110000
b110 X
b110 ,
1.
#331128000
0.
#331146000
b111 ,
b111 X
1.
#331164000
0.
#331182000
b1000 X
b1000 ,
1.
#331200000
0.
#331218000
b1001 ,
b1001 X
1.
#331236000
0.
#331254000
b1010 X
b1010 ,
1.
#331272000
0.
#331290000
b1011 ,
b1011 X
1.
#331308000
0.
#331326000
b1100 X
b1100 ,
1.
#331344000
0.
#331362000
b1101 ,
b1101 X
1.
#331380000
0.
#331398000
19
b1110 X
b1110 ,
1.
#331416000
0.
#331434000
09
1-
b0 ,
b0 X
b11 S
1.
#331452000
0.
#331470000
b1 X
0-
b1 ,
1.
#331488000
0.
#331506000
b10 ,
b10 X
1.
#331524000
0.
#331542000
b11 X
b11 ,
1.
#331560000
0.
#331578000
b100 ,
b100 X
1.
#331596000
0.
#331614000
b101 X
b101 ,
1.
#331632000
0.
#331650000
b110 ,
b110 X
1.
#331668000
0.
#331686000
b111 X
b111 ,
1.
#331704000
0.
#331722000
b1000 ,
b1000 X
1.
#331740000
0.
#331758000
b1001 X
b1001 ,
1.
#331776000
0.
#331794000
b1010 ,
b1010 X
1.
#331812000
0.
#331830000
b1011 X
b1011 ,
1.
#331848000
0.
#331866000
b1100 ,
b1100 X
1.
#331884000
0.
#331902000
b1101 X
b1101 ,
1.
#331920000
0.
#331938000
19
b1110 ,
b1110 X
1.
#331956000
0.
#331974000
09
b100 S
b0 X
1-
b0 ,
1.
#331992000
0.
#332010000
0-
b1 ,
b1 X
1.
#332028000
0.
#332046000
b10 X
b10 ,
1.
#332064000
0.
#332082000
b11 ,
b11 X
1.
#332100000
0.
#332118000
b100 X
b100 ,
1.
#332136000
0.
#332154000
b101 ,
b101 X
1.
#332172000
0.
#332190000
b110 X
b110 ,
1.
#332208000
0.
#332226000
b111 ,
b111 X
1.
#332244000
0.
#332262000
b1000 X
b1000 ,
1.
#332280000
0.
#332298000
b1001 ,
b1001 X
1.
#332316000
0.
#332334000
b1010 X
b1010 ,
1.
#332352000
0.
#332370000
b1011 ,
b1011 X
1.
#332388000
0.
#332406000
b1100 X
b1100 ,
1.
#332424000
0.
#332442000
b1101 ,
b1101 X
1.
#332460000
0.
#332478000
19
b1110 X
b1110 ,
1.
#332496000
0.
#332514000
09
1-
b0 ,
b0 X
b101 S
1.
#332532000
0.
#332550000
b1 X
0-
b1 ,
1.
#332568000
0.
#332586000
b10 ,
b10 X
1.
#332604000
0.
#332622000
b11 X
b11 ,
1.
#332640000
0.
#332658000
b100 ,
b100 X
1.
#332676000
0.
#332694000
b101 X
b101 ,
1.
#332712000
0.
#332730000
b110 ,
b110 X
1.
#332748000
0.
#332766000
b111 X
b111 ,
1.
#332784000
0.
#332802000
b1000 ,
b1000 X
1.
#332820000
0.
#332838000
b1001 X
b1001 ,
1.
#332856000
0.
#332874000
b1010 ,
b1010 X
1.
#332892000
0.
#332910000
b1011 X
b1011 ,
1.
#332928000
0.
#332946000
b1100 ,
b1100 X
1.
#332964000
0.
#332982000
b1101 X
b1101 ,
1.
#333000000
0.
#333018000
19
b1110 ,
b1110 X
1.
#333036000
0.
#333054000
09
b110 S
b0 X
1-
b0 ,
1.
#333072000
0.
#333090000
0-
b1 ,
b1 X
1.
#333108000
0.
#333126000
b10 X
b10 ,
1.
#333144000
0.
#333162000
b11 ,
b11 X
1.
#333180000
0.
#333198000
b100 X
b100 ,
1.
#333216000
0.
#333234000
b101 ,
b101 X
1.
#333252000
0.
#333270000
b110 X
b110 ,
1.
#333288000
0.
#333306000
b111 ,
b111 X
1.
#333324000
0.
#333342000
b1000 X
b1000 ,
1.
#333360000
0.
#333378000
b1001 ,
b1001 X
1.
#333396000
0.
#333414000
b1010 X
b1010 ,
1.
#333432000
0.
#333450000
b1011 ,
b1011 X
1.
#333468000
0.
#333486000
b1100 X
b1100 ,
1.
#333504000
0.
#333522000
b1101 ,
b1101 X
1.
#333540000
0.
#333558000
19
b1110 X
b1110 ,
1.
#333576000
0.
#333594000
09
1-
b0 ,
b0 X
b111 S
1.
#333612000
0.
#333630000
b1 X
0-
b1 ,
1.
#333648000
0.
#333666000
b10 ,
b10 X
1.
#333684000
0.
#333702000
b11 X
b11 ,
1.
#333720000
0.
#333738000
b100 ,
b100 X
1.
#333756000
0.
#333774000
b101 X
b101 ,
1.
#333792000
0.
#333810000
b110 ,
b110 X
1.
#333828000
0.
#333846000
b111 X
b111 ,
1.
#333864000
0.
#333882000
b1000 ,
b1000 X
1.
#333900000
0.
#333918000
b1001 X
b1001 ,
1.
#333936000
0.
#333954000
b1010 ,
b1010 X
1.
#333972000
0.
#333990000
b1011 X
b1011 ,
1.
#334008000
0.
#334026000
b1100 ,
b1100 X
1.
#334044000
0.
#334062000
b1101 X
b1101 ,
1.
#334080000
0.
#334098000
19
b1110 ,
b1110 X
1.
#334116000
0.
#334134000
09
b1000 S
b0 X
1-
b0 ,
1.
#334152000
0.
#334170000
0-
b1 ,
b1 X
1.
#334188000
0.
#334206000
b10 X
b10 ,
1.
#334224000
0.
#334242000
b11 ,
b11 X
1.
#334260000
0.
#334278000
b100 X
b100 ,
1.
#334296000
0.
#334314000
b101 ,
b101 X
1.
#334332000
0.
#334350000
b110 X
b110 ,
1.
#334368000
0.
#334386000
b111 ,
b111 X
1.
#334404000
0.
#334422000
b1000 X
b1000 ,
1.
#334440000
0.
#334458000
b1001 ,
b1001 X
1.
#334476000
0.
#334494000
b1010 X
b1010 ,
1.
#334512000
0.
#334530000
b1011 ,
b1011 X
1.
#334548000
0.
#334566000
b1100 X
b1100 ,
1.
#334584000
0.
#334602000
b1101 ,
b1101 X
1.
#334620000
0.
#334638000
19
b1110 X
b1110 ,
1.
#334656000
0.
#334674000
09
1-
b0 ,
b0 X
b1001 S
1.
#334692000
0.
#334710000
b1 X
0-
b1 ,
1.
#334728000
0.
#334746000
b10 ,
b10 X
1.
#334764000
0.
#334782000
b11 X
b11 ,
1.
#334800000
0.
#334818000
b100 ,
b100 X
1.
#334836000
0.
#334854000
b101 X
b101 ,
1.
#334872000
0.
#334890000
b110 ,
b110 X
1.
#334908000
0.
#334926000
b111 X
b111 ,
1.
#334944000
0.
#334962000
b1000 ,
b1000 X
1.
#334980000
0.
#334998000
b1001 X
b1001 ,
1.
#335016000
0.
#335034000
b1010 ,
b1010 X
1.
#335052000
0.
#335070000
b1011 X
b1011 ,
1.
#335088000
0.
#335106000
b1100 ,
b1100 X
1.
#335124000
0.
#335142000
b1101 X
b1101 ,
1.
#335160000
0.
#335178000
19
b1110 ,
b1110 X
1.
#335196000
0.
#335214000
09
b1010 S
b0 X
1-
b0 ,
1.
#335232000
0.
#335250000
0-
b1 ,
b1 X
1.
#335268000
0.
#335286000
b10 X
b10 ,
1.
#335304000
0.
#335322000
b11 ,
b11 X
1.
#335340000
0.
#335358000
b100 X
b100 ,
1.
#335376000
0.
#335394000
b101 ,
b101 X
1.
#335412000
0.
#335430000
b110 X
b110 ,
1.
#335448000
0.
#335466000
b111 ,
b111 X
1.
#335484000
0.
#335502000
b1000 X
b1000 ,
1.
#335520000
0.
#335538000
b1001 ,
b1001 X
1.
#335556000
0.
#335574000
b1010 X
b1010 ,
1.
#335592000
0.
#335610000
b1011 ,
b1011 X
1.
#335628000
0.
#335646000
b1100 X
b1100 ,
1.
#335664000
0.
#335682000
b1101 ,
b1101 X
1.
#335700000
0.
#335718000
19
b1110 X
b1110 ,
1.
#335736000
0.
#335754000
09
1-
b0 ,
b0 X
b1011 S
1.
#335772000
0.
#335790000
b1 X
0-
b1 ,
1.
#335808000
0.
#335826000
b10 ,
b10 X
1.
#335844000
0.
#335862000
b11 X
b11 ,
1.
#335880000
0.
#335898000
b100 ,
b100 X
1.
#335916000
0.
#335934000
b101 X
b101 ,
1.
#335952000
0.
#335970000
b110 ,
b110 X
1.
#335988000
0.
#336006000
b111 X
b111 ,
1.
#336024000
0.
#336042000
b1000 ,
b1000 X
1.
#336060000
0.
#336078000
b1001 X
b1001 ,
1.
#336096000
0.
#336114000
b1010 ,
b1010 X
1.
#336132000
0.
#336150000
b1011 X
b1011 ,
1.
#336168000
0.
#336186000
b1100 ,
b1100 X
1.
#336204000
0.
#336222000
b1101 X
b1101 ,
1.
#336240000
0.
#336258000
19
b1110 ,
b1110 X
1.
#336276000
0.
#336294000
09
b1100 S
b0 X
1-
b0 ,
1.
#336312000
0.
#336330000
0-
b1 ,
b1 X
1.
#336348000
0.
#336366000
b10 X
b10 ,
1.
#336384000
0.
#336402000
b11 ,
b11 X
1.
#336420000
0.
#336438000
b100 X
b100 ,
1.
#336456000
0.
#336474000
b101 ,
b101 X
1.
#336492000
0.
#336510000
b110 X
b110 ,
1.
#336528000
0.
#336546000
b111 ,
b111 X
1.
#336564000
0.
#336582000
b1000 X
b1000 ,
1.
#336600000
0.
#336618000
b1001 ,
b1001 X
1.
#336636000
0.
#336654000
b1010 X
b1010 ,
1.
#336672000
0.
#336690000
b1011 ,
b1011 X
1.
#336708000
0.
#336726000
b1100 X
b1100 ,
1.
#336744000
0.
#336762000
b1101 ,
b1101 X
1.
#336780000
0.
#336798000
19
b1110 X
b1110 ,
1.
#336816000
0.
#336834000
09
1-
b0 ,
b0 X
b1101 S
1.
#336852000
0.
#336870000
b1 X
0-
b1 ,
1.
#336888000
0.
#336906000
b10 ,
b10 X
1.
#336924000
0.
#336942000
b11 X
b11 ,
1.
#336960000
0.
#336978000
b100 ,
b100 X
1.
#336996000
0.
#337014000
b101 X
b101 ,
1.
#337032000
0.
#337050000
b110 ,
b110 X
1.
#337068000
0.
#337086000
b111 X
b111 ,
1.
#337104000
0.
#337122000
b1000 ,
b1000 X
1.
#337140000
0.
#337158000
b1001 X
b1001 ,
1.
#337176000
0.
#337194000
b1010 ,
b1010 X
1.
#337212000
0.
#337230000
b1011 X
b1011 ,
1.
#337248000
0.
#337266000
b1100 ,
b1100 X
1.
#337284000
0.
#337302000
b1101 X
b1101 ,
1.
#337320000
0.
#337338000
19
b1110 ,
b1110 X
1.
#337356000
0.
#337374000
09
b1110 S
b0 X
1-
b0 ,
1.
#337392000
0.
#337410000
0-
b1 ,
b1 X
1.
#337428000
0.
#337446000
b10 X
b10 ,
1.
#337464000
0.
#337482000
b11 ,
b11 X
1.
#337500000
0.
#337518000
b100 X
b100 ,
1.
#337536000
0.
#337554000
b101 ,
b101 X
1.
#337572000
0.
#337590000
b110 X
b110 ,
1.
#337608000
0.
#337626000
b111 ,
b111 X
1.
#337644000
0.
#337662000
b1000 X
b1000 ,
1.
#337680000
0.
#337698000
b1001 ,
b1001 X
1.
#337716000
0.
#337734000
b1010 X
b1010 ,
1.
#337752000
0.
#337770000
b1011 ,
b1011 X
1.
#337788000
0.
#337806000
b1100 X
b1100 ,
1.
#337824000
0.
#337842000
b1101 ,
b1101 X
1.
#337860000
0.
#337878000
19
b1110 X
b1110 ,
1.
#337896000
0.
#337914000
09
1-
b0 ,
b0 X
b1111 S
1.
#337932000
0.
#337950000
b1 X
0-
b1 ,
1.
#337968000
0.
#337986000
b10 ,
b10 X
1.
#338004000
0.
#338022000
b11 X
b11 ,
1.
#338040000
0.
#338058000
b100 ,
b100 X
1.
#338076000
0.
#338094000
b101 X
b101 ,
1.
#338112000
0.
#338130000
b110 ,
b110 X
1.
#338148000
0.
#338166000
b111 X
b111 ,
1.
#338184000
0.
#338202000
b1000 ,
b1000 X
1.
#338220000
0.
#338238000
b1001 X
b1001 ,
1.
#338256000
0.
#338274000
b1010 ,
b1010 X
1.
#338292000
0.
#338310000
b1011 X
b1011 ,
1.
#338328000
0.
#338346000
b1100 ,
b1100 X
1.
#338364000
0.
#338382000
b1101 X
b1101 ,
1.
#338400000
0.
#338418000
19
b1110 ,
b1110 X
1.
#338436000
0.
#338454000
09
b111 Q
b0 S
b0 X
1-
b0 ,
1.
#338472000
0.
#338490000
0-
b1 ,
b1 X
1.
#338508000
0.
#338526000
b10 X
b10 ,
1.
#338544000
0.
#338562000
b11 ,
b11 X
1.
#338580000
0.
#338598000
b100 X
b100 ,
1.
#338616000
0.
#338634000
b101 ,
b101 X
1.
#338652000
0.
#338670000
b110 X
b110 ,
1.
#338688000
0.
#338706000
b111 ,
b111 X
1.
#338724000
0.
#338742000
b1000 X
b1000 ,
1.
#338760000
0.
#338778000
b1001 ,
b1001 X
1.
#338796000
0.
#338814000
b1010 X
b1010 ,
1.
#338832000
0.
#338850000
b1011 ,
b1011 X
1.
#338868000
0.
#338886000
b1100 X
b1100 ,
1.
#338904000
0.
#338922000
b1101 ,
b1101 X
1.
#338940000
0.
#338958000
19
b1110 X
b1110 ,
1.
#338976000
0.
#338994000
09
1-
b0 ,
b0 X
b1 S
1.
#339012000
0.
#339030000
b1 X
0-
b1 ,
1.
#339048000
0.
#339066000
b10 ,
b10 X
1.
#339084000
0.
#339102000
b11 X
b11 ,
1.
#339120000
0.
#339138000
b100 ,
b100 X
1.
#339156000
0.
#339174000
b101 X
b101 ,
1.
#339192000
0.
#339210000
b110 ,
b110 X
1.
#339228000
0.
#339246000
b111 X
b111 ,
1.
#339264000
0.
#339282000
b1000 ,
b1000 X
1.
#339300000
0.
#339318000
b1001 X
b1001 ,
1.
#339336000
0.
#339354000
b1010 ,
b1010 X
1.
#339372000
0.
#339390000
b1011 X
b1011 ,
1.
#339408000
0.
#339426000
b1100 ,
b1100 X
1.
#339444000
0.
#339462000
b1101 X
b1101 ,
1.
#339480000
0.
#339498000
19
b1110 ,
b1110 X
1.
#339516000
0.
#339534000
09
b10 S
b0 X
1-
b0 ,
1.
#339552000
0.
#339570000
0-
b1 ,
b1 X
1.
#339588000
0.
#339606000
b10 X
b10 ,
1.
#339624000
0.
#339642000
b11 ,
b11 X
1.
#339660000
0.
#339678000
b100 X
b100 ,
1.
#339696000
0.
#339714000
b101 ,
b101 X
1.
#339732000
0.
#339750000
b110 X
b110 ,
1.
#339768000
0.
#339786000
b111 ,
b111 X
1.
#339804000
0.
#339822000
b1000 X
b1000 ,
1.
#339840000
0.
#339858000
b1001 ,
b1001 X
1.
#339876000
0.
#339894000
b1010 X
b1010 ,
1.
#339912000
0.
#339930000
b1011 ,
b1011 X
1.
#339948000
0.
#339966000
b1100 X
b1100 ,
1.
#339984000
0.
#340002000
b1101 ,
b1101 X
1.
#340020000
0.
#340038000
19
b1110 X
b1110 ,
1.
#340056000
0.
#340074000
09
1-
b0 ,
b0 X
b11 S
1.
#340092000
0.
#340110000
b1 X
0-
b1 ,
1.
#340128000
0.
#340146000
b10 ,
b10 X
1.
#340164000
0.
#340182000
b11 X
b11 ,
1.
#340200000
0.
#340218000
b100 ,
b100 X
1.
#340236000
0.
#340254000
b101 X
b101 ,
1.
#340272000
0.
#340290000
b110 ,
b110 X
1.
#340308000
0.
#340326000
b111 X
b111 ,
1.
#340344000
0.
#340362000
b1000 ,
b1000 X
1.
#340380000
0.
#340398000
b1001 X
b1001 ,
1.
#340416000
0.
#340434000
b1010 ,
b1010 X
1.
#340452000
0.
#340470000
b1011 X
b1011 ,
1.
#340488000
0.
#340506000
b1100 ,
b1100 X
1.
#340524000
0.
#340542000
b1101 X
b1101 ,
1.
#340560000
0.
#340578000
19
b1110 ,
b1110 X
1.
#340596000
0.
#340614000
09
b100 S
b0 X
1-
b0 ,
1.
#340632000
0.
#340650000
0-
b1 ,
b1 X
1.
#340668000
0.
#340686000
b10 X
b10 ,
1.
#340704000
0.
#340722000
b11 ,
b11 X
1.
#340740000
0.
#340758000
b100 X
b100 ,
1.
#340776000
0.
#340794000
b101 ,
b101 X
1.
#340812000
0.
#340830000
b110 X
b110 ,
1.
#340848000
0.
#340866000
b111 ,
b111 X
1.
#340884000
0.
#340902000
b1000 X
b1000 ,
1.
#340920000
0.
#340938000
b1001 ,
b1001 X
1.
#340956000
0.
#340974000
b1010 X
b1010 ,
1.
#340992000
0.
#341010000
b1011 ,
b1011 X
1.
#341028000
0.
#341046000
b1100 X
b1100 ,
1.
#341064000
0.
#341082000
b1101 ,
b1101 X
1.
#341100000
0.
#341118000
19
b1110 X
b1110 ,
1.
#341136000
0.
#341154000
09
1-
b0 ,
b0 X
b101 S
1.
#341172000
0.
#341190000
b1 X
0-
b1 ,
1.
#341208000
0.
#341226000
b10 ,
b10 X
1.
#341244000
0.
#341262000
b11 X
b11 ,
1.
#341280000
0.
#341298000
b100 ,
b100 X
1.
#341316000
0.
#341334000
b101 X
b101 ,
1.
#341352000
0.
#341370000
b110 ,
b110 X
1.
#341388000
0.
#341406000
b111 X
b111 ,
1.
#341424000
0.
#341442000
b1000 ,
b1000 X
1.
#341460000
0.
#341478000
b1001 X
b1001 ,
1.
#341496000
0.
#341514000
b1010 ,
b1010 X
1.
#341532000
0.
#341550000
b1011 X
b1011 ,
1.
#341568000
0.
#341586000
b1100 ,
b1100 X
1.
#341604000
0.
#341622000
b1101 X
b1101 ,
1.
#341640000
0.
#341658000
19
b1110 ,
b1110 X
1.
#341676000
0.
#341694000
09
b110 S
b0 X
1-
b0 ,
1.
#341712000
0.
#341730000
0-
b1 ,
b1 X
1.
#341748000
0.
#341766000
b10 X
b10 ,
1.
#341784000
0.
#341802000
b11 ,
b11 X
1.
#341820000
0.
#341838000
b100 X
b100 ,
1.
#341856000
0.
#341874000
b101 ,
b101 X
1.
#341892000
0.
#341910000
b110 X
b110 ,
1.
#341928000
0.
#341946000
b111 ,
b111 X
1.
#341964000
0.
#341982000
b1000 X
b1000 ,
1.
#342000000
0.
#342018000
b1001 ,
b1001 X
1.
#342036000
0.
#342054000
b1010 X
b1010 ,
1.
#342072000
0.
#342090000
b1011 ,
b1011 X
1.
#342108000
0.
#342126000
b1100 X
b1100 ,
1.
#342144000
0.
#342162000
b1101 ,
b1101 X
1.
#342180000
0.
#342198000
19
b1110 X
b1110 ,
1.
#342216000
0.
#342234000
09
1-
b0 ,
b0 X
b111 S
1.
#342252000
0.
#342270000
b1 X
0-
b1 ,
1.
#342288000
0.
#342306000
b10 ,
b10 X
1.
#342324000
0.
#342342000
b11 X
b11 ,
1.
#342360000
0.
#342378000
b100 ,
b100 X
1.
#342396000
0.
#342414000
b101 X
b101 ,
1.
#342432000
0.
#342450000
b110 ,
b110 X
1.
#342468000
0.
#342486000
b111 X
b111 ,
1.
#342504000
0.
#342522000
b1000 ,
b1000 X
1.
#342540000
0.
#342558000
b1001 X
b1001 ,
1.
#342576000
0.
#342594000
b1010 ,
b1010 X
1.
#342612000
0.
#342630000
b1011 X
b1011 ,
1.
#342648000
0.
#342666000
b1100 ,
b1100 X
1.
#342684000
0.
#342702000
b1101 X
b1101 ,
1.
#342720000
0.
#342738000
19
b1110 ,
b1110 X
1.
#342756000
0.
#342774000
09
b1000 S
b0 X
1-
b0 ,
1.
#342792000
0.
#342810000
0-
b1 ,
b1 X
1.
#342828000
0.
#342846000
b10 X
b10 ,
1.
#342864000
0.
#342882000
b11 ,
b11 X
1.
#342900000
0.
#342918000
b100 X
b100 ,
1.
#342936000
0.
#342954000
b101 ,
b101 X
1.
#342972000
0.
#342990000
b110 X
b110 ,
1.
#343008000
0.
#343026000
b111 ,
b111 X
1.
#343044000
0.
#343062000
b1000 X
b1000 ,
1.
#343080000
0.
#343098000
b1001 ,
b1001 X
1.
#343116000
0.
#343134000
b1010 X
b1010 ,
1.
#343152000
0.
#343170000
b1011 ,
b1011 X
1.
#343188000
0.
#343206000
b1100 X
b1100 ,
1.
#343224000
0.
#343242000
b1101 ,
b1101 X
1.
#343260000
0.
#343278000
19
b1110 X
b1110 ,
1.
#343296000
0.
#343314000
09
1-
b0 ,
b0 X
b1001 S
1.
#343332000
0.
#343350000
b1 X
0-
b1 ,
1.
#343368000
0.
#343386000
b10 ,
b10 X
1.
#343404000
0.
#343422000
b11 X
b11 ,
1.
#343440000
0.
#343458000
b100 ,
b100 X
1.
#343476000
0.
#343494000
b101 X
b101 ,
1.
#343512000
0.
#343530000
b110 ,
b110 X
1.
#343548000
0.
#343566000
b111 X
b111 ,
1.
#343584000
0.
#343602000
b1000 ,
b1000 X
1.
#343620000
0.
#343638000
b1001 X
b1001 ,
1.
#343656000
0.
#343674000
b1010 ,
b1010 X
1.
#343692000
0.
#343710000
b1011 X
b1011 ,
1.
#343728000
0.
#343746000
b1100 ,
b1100 X
1.
#343764000
0.
#343782000
b1101 X
b1101 ,
1.
#343800000
0.
#343818000
19
b1110 ,
b1110 X
1.
#343836000
0.
#343854000
09
b1010 S
b0 X
1-
b0 ,
1.
#343872000
0.
#343890000
0-
b1 ,
b1 X
1.
#343908000
0.
#343926000
b10 X
b10 ,
1.
#343944000
0.
#343962000
b11 ,
b11 X
1.
#343980000
0.
#343998000
b100 X
b100 ,
1.
#344016000
0.
#344034000
b101 ,
b101 X
1.
#344052000
0.
#344070000
b110 X
b110 ,
1.
#344088000
0.
#344106000
b111 ,
b111 X
1.
#344124000
0.
#344142000
b1000 X
b1000 ,
1.
#344160000
0.
#344178000
b1001 ,
b1001 X
1.
#344196000
0.
#344214000
b1010 X
b1010 ,
1.
#344232000
0.
#344250000
b1011 ,
b1011 X
1.
#344268000
0.
#344286000
b1100 X
b1100 ,
1.
#344304000
0.
#344322000
b1101 ,
b1101 X
1.
#344340000
0.
#344358000
19
b1110 X
b1110 ,
1.
#344376000
0.
#344394000
09
1-
b0 ,
b0 X
b1011 S
1.
#344412000
0.
#344430000
b1 X
0-
b1 ,
1.
#344448000
0.
#344466000
b10 ,
b10 X
1.
#344484000
0.
#344502000
b11 X
b11 ,
1.
#344520000
0.
#344538000
b100 ,
b100 X
1.
#344556000
0.
#344574000
b101 X
b101 ,
1.
#344592000
0.
#344610000
b110 ,
b110 X
1.
#344628000
0.
#344646000
b111 X
b111 ,
1.
#344664000
0.
#344682000
b1000 ,
b1000 X
1.
#344700000
0.
#344718000
b1001 X
b1001 ,
1.
#344736000
0.
#344754000
b1010 ,
b1010 X
1.
#344772000
0.
#344790000
b1011 X
b1011 ,
1.
#344808000
0.
#344826000
b1100 ,
b1100 X
1.
#344844000
0.
#344862000
b1101 X
b1101 ,
1.
#344880000
0.
#344898000
19
b1110 ,
b1110 X
1.
#344916000
0.
#344934000
09
b1100 S
b0 X
1-
b0 ,
1.
#344952000
0.
#344970000
0-
b1 ,
b1 X
1.
#344988000
0.
#345006000
b10 X
b10 ,
1.
#345024000
0.
#345042000
b11 ,
b11 X
1.
#345060000
0.
#345078000
b100 X
b100 ,
1.
#345096000
0.
#345114000
b101 ,
b101 X
1.
#345132000
0.
#345150000
b110 X
b110 ,
1.
#345168000
0.
#345186000
b111 ,
b111 X
1.
#345204000
0.
#345222000
b1000 X
b1000 ,
1.
#345240000
0.
#345258000
b1001 ,
b1001 X
1.
#345276000
0.
#345294000
b1010 X
b1010 ,
1.
#345312000
0.
#345330000
b1011 ,
b1011 X
1.
#345348000
0.
#345366000
b1100 X
b1100 ,
1.
#345384000
0.
#345402000
b1101 ,
b1101 X
1.
#345420000
0.
#345438000
19
b1110 X
b1110 ,
1.
#345456000
0.
#345474000
09
1-
b0 ,
b0 X
b1101 S
1.
#345492000
0.
#345510000
b1 X
0-
b1 ,
1.
#345528000
0.
#345546000
b10 ,
b10 X
1.
#345564000
0.
#345582000
b11 X
b11 ,
1.
#345600000
0.
#345618000
b100 ,
b100 X
1.
#345636000
0.
#345654000
b101 X
b101 ,
1.
#345672000
0.
#345690000
b110 ,
b110 X
1.
#345708000
0.
#345726000
b111 X
b111 ,
1.
#345744000
0.
#345762000
b1000 ,
b1000 X
1.
#345780000
0.
#345798000
b1001 X
b1001 ,
1.
#345816000
0.
#345834000
b1010 ,
b1010 X
1.
#345852000
0.
#345870000
b1011 X
b1011 ,
1.
#345888000
0.
#345906000
b1100 ,
b1100 X
1.
#345924000
0.
#345942000
b1101 X
b1101 ,
1.
#345960000
0.
#345978000
19
b1110 ,
b1110 X
1.
#345996000
0.
#346014000
09
b1110 S
b0 X
1-
b0 ,
1.
#346032000
0.
#346050000
0-
b1 ,
b1 X
1.
#346068000
0.
#346086000
b10 X
b10 ,
1.
#346104000
0.
#346122000
b11 ,
b11 X
1.
#346140000
0.
#346158000
b100 X
b100 ,
1.
#346176000
0.
#346194000
b101 ,
b101 X
1.
#346212000
0.
#346230000
b110 X
b110 ,
1.
#346248000
0.
#346266000
b111 ,
b111 X
1.
#346284000
0.
#346302000
b1000 X
b1000 ,
1.
#346320000
0.
#346338000
b1001 ,
b1001 X
1.
#346356000
0.
#346374000
b1010 X
b1010 ,
1.
#346392000
0.
#346410000
b1011 ,
b1011 X
1.
#346428000
0.
#346446000
b1100 X
b1100 ,
1.
#346464000
0.
#346482000
b1101 ,
b1101 X
1.
#346500000
0.
#346518000
19
b1110 X
b1110 ,
1.
#346536000
0.
#346554000
09
b11 R
1-
b0 ,
b0 X
b1111 S
1.
#346572000
0.
#346590000
b1 X
0-
b1 ,
1.
#346608000
0.
#346626000
b10 ,
b10 X
1.
#346644000
0.
#346662000
b11 X
b11 ,
1.
#346680000
0.
#346698000
b100 ,
b100 X
1.
#346716000
0.
#346734000
b101 X
b101 ,
1.
#346752000
0.
#346770000
b110 ,
b110 X
1.
#346788000
0.
#346806000
b111 X
b111 ,
1.
#346824000
0.
#346842000
b1000 ,
b1000 X
1.
#346860000
0.
#346878000
b1001 X
b1001 ,
1.
#346896000
0.
#346914000
b1010 ,
b1010 X
1.
#346932000
0.
#346950000
b1011 X
b1011 ,
1.
#346968000
0.
#346986000
b1100 ,
b1100 X
1.
#347004000
0.
#347022000
b1101 X
b1101 ,
1.
#347040000
0.
#347058000
19
b1110 ,
b1110 X
1.
#347076000
0.
#347094000
09
b11 P
b1000 Q
b0 S
b0 X
1-
b0 ,
1.
#347112000
0.
#347130000
0-
b1 ,
b1 X
1!
1.
#347148000
0.
#347166000
b10 X
b10 ,
1.
#347184000
0.
#347202000
b11 ,
b11 X
1.
#347220000
0.
#347238000
b100 X
b100 ,
1.
#347256000
0.
#347274000
b101 ,
b101 X
1.
#347292000
0.
#347310000
b110 X
b110 ,
1.
#347328000
0.
#347346000
b111 ,
b111 X
1.
#347364000
0.
#347382000
b1000 X
b1000 ,
1.
#347400000
0.
#347418000
b1001 ,
b1001 X
1.
#347436000
0.
#347454000
b1010 X
b1010 ,
1.
#347472000
0.
#347490000
b1011 ,
b1011 X
1.
#347508000
0.
#347526000
b1100 X
b1100 ,
1.
#347544000
0.
#347562000
b1101 ,
b1101 X
1.
#347580000
0.
#347598000
19
b1110 X
b1110 ,
1.
#347616000
0.
#347634000
09
1-
b0 ,
b0 X
b1 S
1.
#347652000
0.
#347670000
b1 X
0-
b1 ,
1.
#347688000
0.
#347706000
b10 ,
b10 X
1.
#347724000
0.
#347742000
b11 X
b11 ,
1.
#347760000
0.
#347778000
b100 ,
b100 X
1.
#347796000
0.
#347814000
b101 X
b101 ,
1.
#347832000
0.
#347850000
b110 ,
b110 X
1.
#347868000
0.
#347886000
b111 X
b111 ,
1.
#347904000
0.
#347922000
b1000 ,
b1000 X
1.
#347940000
0.
#347958000
b1001 X
b1001 ,
1.
#347976000
0.
#347994000
b1010 ,
b1010 X
1.
#348012000
0.
#348030000
b1011 X
b1011 ,
1.
#348048000
0.
#348066000
b1100 ,
b1100 X
1.
#348084000
0.
#348102000
b1101 X
b1101 ,
1.
#348120000
0.
#348138000
19
b1110 ,
b1110 X
1.
#348156000
0.
#348174000
09
b10 S
b0 X
1-
b0 ,
1.
#348192000
0.
#348210000
0-
b1 ,
b1 X
1.
#348228000
0.
#348246000
b10 X
b10 ,
1.
#348264000
0.
#348282000
b11 ,
b11 X
1.
#348300000
0.
#348318000
b100 X
b100 ,
1.
#348336000
0.
#348354000
b101 ,
b101 X
1.
#348372000
0.
#348390000
b110 X
b110 ,
1.
#348408000
0.
#348426000
b111 ,
b111 X
1.
#348444000
0.
#348462000
b1000 X
b1000 ,
1.
#348480000
0.
#348498000
b1001 ,
b1001 X
1.
#348516000
0.
#348534000
b1010 X
b1010 ,
1.
#348552000
0.
#348570000
b1011 ,
b1011 X
1.
#348588000
0.
#348606000
b1100 X
b1100 ,
1.
#348624000
0.
#348642000
b1101 ,
b1101 X
1.
#348660000
0.
#348678000
19
b1110 X
b1110 ,
1.
#348696000
0.
#348714000
09
1-
b0 ,
b0 X
b11 S
1.
#348732000
0.
#348750000
b1 X
0-
b1 ,
1.
#348768000
0.
#348786000
b10 ,
b10 X
1.
#348804000
0.
#348822000
b11 X
b11 ,
1.
#348840000
0.
#348858000
b100 ,
b100 X
1.
#348876000
0.
#348894000
b101 X
b101 ,
1.
#348912000
0.
#348930000
b110 ,
b110 X
1.
#348948000
0.
#348966000
b111 X
b111 ,
1.
#348984000
0.
#349002000
b1000 ,
b1000 X
1.
#349020000
0.
#349038000
b1001 X
b1001 ,
1.
#349056000
0.
#349074000
b1010 ,
b1010 X
1.
#349092000
0.
#349110000
b1011 X
b1011 ,
1.
#349128000
0.
#349146000
b1100 ,
b1100 X
1.
#349164000
0.
#349182000
b1101 X
b1101 ,
1.
#349200000
0.
#349218000
19
b1110 ,
b1110 X
1.
#349236000
0.
#349254000
09
b100 S
b0 X
1-
b0 ,
1.
#349272000
0.
#349290000
0-
b1 ,
b1 X
1.
#349308000
0.
#349326000
b10 X
b10 ,
1.
#349344000
0.
#349362000
b11 ,
b11 X
1.
#349380000
0.
#349398000
b100 X
b100 ,
1.
#349416000
0.
#349434000
b101 ,
b101 X
1.
#349452000
0.
#349470000
b110 X
b110 ,
1.
#349488000
0.
#349506000
b111 ,
b111 X
1.
#349524000
0.
#349542000
b1000 X
b1000 ,
1.
#349560000
0.
#349578000
b1001 ,
b1001 X
1.
#349596000
0.
#349614000
b1010 X
b1010 ,
1.
#349632000
0.
#349650000
b1011 ,
b1011 X
1.
#349668000
0.
#349686000
b1100 X
b1100 ,
1.
#349704000
0.
#349722000
b1101 ,
b1101 X
1.
#349740000
0.
#349758000
19
b1110 X
b1110 ,
1.
#349776000
0.
#349794000
09
1-
b0 ,
b0 X
b101 S
1.
#349812000
0.
#349830000
b1 X
0-
b1 ,
1.
#349848000
0.
#349866000
b10 ,
b10 X
1.
#349884000
0.
#349902000
b11 X
b11 ,
1.
#349920000
0.
#349938000
b100 ,
b100 X
1.
#349956000
0.
#349974000
b101 X
b101 ,
1.
#349992000
0.
#350010000
b110 ,
b110 X
1.
#350028000
0.
#350046000
b111 X
b111 ,
1.
#350064000
0.
#350082000
b1000 ,
b1000 X
1.
#350100000
0.
#350118000
b1001 X
b1001 ,
1.
#350136000
0.
#350154000
b1010 ,
b1010 X
1.
#350172000
0.
#350190000
b1011 X
b1011 ,
1.
#350208000
0.
#350226000
b1100 ,
b1100 X
1.
#350244000
0.
#350262000
b1101 X
b1101 ,
1.
#350280000
0.
#350298000
19
b1110 ,
b1110 X
1.
#350316000
0.
#350334000
09
b110 S
b0 X
1-
b0 ,
1.
#350352000
0.
#350370000
0-
b1 ,
b1 X
1.
#350388000
0.
#350406000
b10 X
b10 ,
1.
#350424000
0.
#350442000
b11 ,
b11 X
1.
#350460000
0.
#350478000
b100 X
b100 ,
1.
#350496000
0.
#350514000
b101 ,
b101 X
1.
#350532000
0.
#350550000
b110 X
b110 ,
1.
#350568000
0.
#350586000
b111 ,
b111 X
1.
#350604000
0.
#350622000
b1000 X
b1000 ,
1.
#350640000
0.
#350658000
b1001 ,
b1001 X
1.
#350676000
0.
#350694000
b1010 X
b1010 ,
1.
#350712000
0.
#350730000
b1011 ,
b1011 X
1.
#350748000
0.
#350766000
b1100 X
b1100 ,
1.
#350784000
0.
#350802000
b1101 ,
b1101 X
1.
#350820000
0.
#350838000
19
b1110 X
b1110 ,
1.
#350856000
0.
#350874000
09
1-
b0 ,
b0 X
b111 S
1.
#350892000
0.
#350910000
b1 X
0-
b1 ,
1.
#350928000
0.
#350946000
b10 ,
b10 X
1.
#350964000
0.
#350982000
b11 X
b11 ,
1.
#351000000
0.
#351018000
b100 ,
b100 X
1.
#351036000
0.
#351054000
b101 X
b101 ,
1.
#351072000
0.
#351090000
b110 ,
b110 X
1.
#351108000
0.
#351126000
b111 X
b111 ,
1.
#351144000
0.
#351162000
b1000 ,
b1000 X
1.
#351180000
0.
#351198000
b1001 X
b1001 ,
1.
#351216000
0.
#351234000
b1010 ,
b1010 X
1.
#351252000
0.
#351270000
b1011 X
b1011 ,
1.
#351288000
0.
#351306000
b1100 ,
b1100 X
1.
#351324000
0.
#351342000
b1101 X
b1101 ,
1.
#351360000
0.
#351378000
19
b1110 ,
b1110 X
1.
#351396000
0.
#351414000
09
b1000 S
b0 X
1-
b0 ,
1.
#351432000
0.
#351450000
0-
b1 ,
b1 X
1.
#351468000
0.
#351486000
b10 X
b10 ,
1.
#351504000
0.
#351522000
b11 ,
b11 X
1.
#351540000
0.
#351558000
b100 X
b100 ,
1.
#351576000
0.
#351594000
b101 ,
b101 X
1.
#351612000
0.
#351630000
b110 X
b110 ,
1.
#351648000
0.
#351666000
b111 ,
b111 X
1.
#351684000
0.
#351702000
b1000 X
b1000 ,
1.
#351720000
0.
#351738000
b1001 ,
b1001 X
1.
#351756000
0.
#351774000
b1010 X
b1010 ,
1.
#351792000
0.
#351810000
b1011 ,
b1011 X
1.
#351828000
0.
#351846000
b1100 X
b1100 ,
1.
#351864000
0.
#351882000
b1101 ,
b1101 X
1.
#351900000
0.
#351918000
19
b1110 X
b1110 ,
1.
#351936000
0.
#351954000
09
1-
b0 ,
b0 X
b1001 S
1.
#351972000
0.
#351990000
b1 X
0-
b1 ,
1.
#352008000
0.
#352026000
b10 ,
b10 X
1.
#352044000
0.
#352062000
b11 X
b11 ,
1.
#352080000
0.
#352098000
b100 ,
b100 X
1.
#352116000
0.
#352134000
b101 X
b101 ,
1.
#352152000
0.
#352170000
b110 ,
b110 X
1.
#352188000
0.
#352206000
b111 X
b111 ,
1.
#352224000
0.
#352242000
b1000 ,
b1000 X
1.
#352260000
0.
#352278000
b1001 X
b1001 ,
1.
#352296000
0.
#352314000
b1010 ,
b1010 X
1.
#352332000
0.
#352350000
b1011 X
b1011 ,
1.
#352368000
0.
#352386000
b1100 ,
b1100 X
1.
#352404000
0.
#352422000
b1101 X
b1101 ,
1.
#352440000
0.
#352458000
19
b1110 ,
b1110 X
1.
#352476000
0.
#352494000
09
b1010 S
b0 X
1-
b0 ,
1.
#352512000
0.
#352530000
0-
b1 ,
b1 X
1.
#352548000
0.
#352566000
b10 X
b10 ,
1.
#352584000
0.
#352602000
b11 ,
b11 X
1.
#352620000
0.
#352638000
b100 X
b100 ,
1.
#352656000
0.
#352674000
b101 ,
b101 X
1.
#352692000
0.
#352710000
b110 X
b110 ,
1.
#352728000
0.
#352746000
b111 ,
b111 X
1.
#352764000
0.
#352782000
b1000 X
b1000 ,
1.
#352800000
0.
#352818000
b1001 ,
b1001 X
1.
#352836000
0.
#352854000
b1010 X
b1010 ,
1.
#352872000
0.
#352890000
b1011 ,
b1011 X
1.
#352908000
0.
#352926000
b1100 X
b1100 ,
1.
#352944000
0.
#352962000
b1101 ,
b1101 X
1.
#352980000
0.
#352998000
19
b1110 X
b1110 ,
1.
#353016000
0.
#353034000
09
1-
b0 ,
b0 X
b1011 S
1.
#353052000
0.
#353070000
b1 X
0-
b1 ,
1.
#353088000
0.
#353106000
b10 ,
b10 X
1.
#353124000
0.
#353142000
b11 X
b11 ,
1.
#353160000
0.
#353178000
b100 ,
b100 X
1.
#353196000
0.
#353214000
b101 X
b101 ,
1.
#353232000
0.
#353250000
b110 ,
b110 X
1.
#353268000
0.
#353286000
b111 X
b111 ,
1.
#353304000
0.
#353322000
b1000 ,
b1000 X
1.
#353340000
0.
#353358000
b1001 X
b1001 ,
1.
#353376000
0.
#353394000
b1010 ,
b1010 X
1.
#353412000
0.
#353430000
b1011 X
b1011 ,
1.
#353448000
0.
#353466000
b1100 ,
b1100 X
1.
#353484000
0.
#353502000
b1101 X
b1101 ,
1.
#353520000
0.
#353538000
19
b1110 ,
b1110 X
1.
#353556000
0.
#353574000
09
b1100 S
b0 X
1-
b0 ,
1.
#353592000
0.
#353610000
0-
b1 ,
b1 X
1.
#353628000
0.
#353646000
b10 X
b10 ,
1.
#353664000
0.
#353682000
b11 ,
b11 X
1.
#353700000
0.
#353718000
b100 X
b100 ,
1.
#353736000
0.
#353754000
b101 ,
b101 X
1.
#353772000
0.
#353790000
b110 X
b110 ,
1.
#353808000
0.
#353826000
b111 ,
b111 X
1.
#353844000
0.
#353862000
b1000 X
b1000 ,
1.
#353880000
0.
#353898000
b1001 ,
b1001 X
1.
#353916000
0.
#353934000
b1010 X
b1010 ,
1.
#353952000
0.
#353970000
b1011 ,
b1011 X
1.
#353988000
0.
#354006000
b1100 X
b1100 ,
1.
#354024000
0.
#354042000
b1101 ,
b1101 X
1.
#354060000
0.
#354078000
19
b1110 X
b1110 ,
1.
#354096000
0.
#354114000
09
1-
b0 ,
b0 X
b1101 S
1.
#354132000
0.
#354150000
b1 X
0-
b1 ,
1.
#354168000
0.
#354186000
b10 ,
b10 X
1.
#354204000
0.
#354222000
b11 X
b11 ,
1.
#354240000
0.
#354258000
b100 ,
b100 X
1.
#354276000
0.
#354294000
b101 X
b101 ,
1.
#354312000
0.
#354330000
b110 ,
b110 X
1.
#354348000
0.
#354366000
b111 X
b111 ,
1.
#354384000
0.
#354402000
b1000 ,
b1000 X
1.
#354420000
0.
#354438000
b1001 X
b1001 ,
1.
#354456000
0.
#354474000
b1010 ,
b1010 X
1.
#354492000
0.
#354510000
b1011 X
b1011 ,
1.
#354528000
0.
#354546000
b1100 ,
b1100 X
1.
#354564000
0.
#354582000
b1101 X
b1101 ,
1.
#354600000
0.
#354618000
19
b1110 ,
b1110 X
1.
#354636000
0.
#354654000
09
b1110 S
b0 X
1-
b0 ,
1.
#354672000
0.
#354690000
0-
b1 ,
b1 X
1.
#354708000
0.
#354726000
b10 X
b10 ,
1.
#354744000
0.
#354762000
b11 ,
b11 X
1.
#354780000
0.
#354798000
b100 X
b100 ,
1.
#354816000
0.
#354834000
b101 ,
b101 X
1.
#354852000
0.
#354870000
b110 X
b110 ,
1.
#354888000
0.
#354906000
b111 ,
b111 X
1.
#354924000
0.
#354942000
b1000 X
b1000 ,
1.
#354960000
0.
#354978000
b1001 ,
b1001 X
1.
#354996000
0.
#355014000
b1010 X
b1010 ,
1.
#355032000
0.
#355050000
b1011 ,
b1011 X
1.
#355068000
0.
#355086000
b1100 X
b1100 ,
1.
#355104000
0.
#355122000
b1101 ,
b1101 X
1.
#355140000
0.
#355158000
19
b1110 X
b1110 ,
1.
#355176000
0.
#355194000
09
b0 R
1-
b0 ,
b0 X
b1111 S
1.
#355212000
0.
#355230000
b1 X
0-
b1 ,
1.
#355248000
0.
#355266000
b10 ,
b10 X
1.
#355284000
0.
#355302000
b11 X
b11 ,
1.
#355320000
0.
#355338000
b100 ,
b100 X
1.
#355356000
0.
#355374000
b101 X
b101 ,
1.
#355392000
0.
#355410000
b110 ,
b110 X
1.
#355428000
0.
#355446000
b111 X
b111 ,
1.
#355464000
0.
#355482000
b1000 ,
b1000 X
1.
#355500000
0.
#355518000
b1001 X
b1001 ,
1.
#355536000
0.
#355554000
b1010 ,
b1010 X
1.
#355572000
0.
#355590000
b1011 X
b1011 ,
1.
#355608000
0.
#355626000
b1100 ,
b1100 X
1.
#355644000
0.
#355662000
b1101 X
b1101 ,
1.
#355680000
0.
#355698000
19
b1110 ,
b1110 X
1.
#355716000
0.
#355734000
b110011 c
09
1#
b0 P
b0 S
b0 X
1-
b0 ,
1.
#355752000
0.
#355770000
0-
b1 ,
b1 X
b110011 T
b1 R
12
b110011 1
b110011 7
b110011 K
1.
#355788000
0.
#355806000
0#
b1 P
b10 X
b10 ,
b1 R
02
1.
